long,long,long,long,long,None,None,str,None,None,None,None,None,None,None,None,None,None,None,None,None,flags,None,
464,33,0,0,0,,,"Rethiltripe",,,,,,,,,,,,,,0xFF01FE,,
465,33,0,1000,1,,,"Tranchegriffe le Boucher",,,,,,,,,,,,,,0xFF01FE,,
466,33,0,2000,2,,,"Baron d'Argelaine",,,,,,,,,,,,,,0xFF01FE,,
467,33,0,3000,3,,,"Commandant Printeval",,,,,,,,,,,,,,0xFF01FE,,
468,33,0,4000,4,,,"Odo l'Aveugle",,,,,,,,,,,,,,0xFF01FE,,
469,33,0,5000,5,,,"Fenrus le Dévoreur",,,,,,,,,,,,,,0xFF01FE,,
470,33,0,6000,6,,,"Maître-loup Nandos",,,,,,,,,,,,,,0xFF01FE,,
471,33,0,7000,7,,,"Archimage Arugal",,,,,,,,,,,,,,0xFF01FE,,
536,34,0,0,0,,,"Targorr le Terrifiant",,,,,,,,,,,,,,0xFF01FE,,
537,34,0,1000,1,,,"Kam Furie-du-fond",,,,,,,,,,,,,,0xFF01FE,,
538,34,0,2000,2,,,"Hamhock",,,,,,,,,,,,,,0xFF01FE,,
540,34,0,4000,4,,,"Dextren Ward",,,,,,,,,,,,,,0xFF01FE,,
539,34,0,5000,3,,,"Bazil Thredd",,,,,,,,,,,,,,0xFF01FE,,
161,36,0,0,0,,,"Rhahk'zor",,,,,,,,,,,,,,0xFF01FE,,
162,36,0,500,1,,,"Sneed",,,,,,,,,,,,,,0xFF01FE,,
163,36,0,750,2,,,"Gilnid",,,,,,,,,,,,,,0xFF01FE,,
164,36,0,875,3,,,"M. Châtiment",,,,,,,,,,,,,,0xFF01FE,,
165,36,0,937,4,,,"Macaron",,,,,,,,,,,,,,0xFF01FE,,
166,36,0,968,5,,,"Capitaine Vertepeau",,,,,,,,,,,,,,0xFF01FE,,
167,36,0,1000,6,,,"Edwin VanCleef",,,,,,,,,,,,,,0xFF01FE,,
585,43,0,0,0,,,"Dame Anacondra",,,,,,,,,,,,,,0xFF01FE,,
586,43,0,1000,1,,,"Seigneur Cobrahn",,,,,,,,,,,,,,0xFF01FE,,
587,43,0,2000,2,,,"Kresh",,,,,,,,,,,,,,0xFF01FE,,
588,43,0,3000,3,,,"Seigneur Pythas",,,,,,,,,,,,,,0xFF01FE,,
589,43,0,4000,4,,,"Skum",,,,,,,,,,,,,,0xFF01FE,,
590,43,0,5000,5,,,"Seigneur Serpentis",,,,,,,,,,,,,,0xFF01FE,,
591,43,0,6000,6,,,"Verdan l'Immortel",,,,,,,,,,,,,,0xFF01FE,,
592,43,0,7000,7,,,"Mutanus le Dévoreur",,,,,,,,,,,,,,0xFF01FE,,
440,47,0,-1000,2,,,"Nécrorateur Jargba",,,,,,,,,,,,,,0xFF01FE,,
438,47,0,0,0,,,"Roogug",,,,,,,,,,,,,,0xFF01FE,,
439,47,0,1000,1,,,"Aggem Malépine",,,,,,,,,,,,,,0xFF01FE,,
441,47,0,3000,3,,,"Seigneur Brusquebroche",,,,,,,,,,,,,,0xFF01FE,,
883,47,0,3500,5,,,"Agathelos le Déchaîné",,,,,,,,,,,,,,0xFF01FE,,
443,47,0,4000,4,,,"Charlga Trancheflanc",,,,,,,,,,,,,,0xFF01FE,,
219,48,0,0,0,,,"Ghamoo-ra",,,,,,,,,,,,,,0xFF01FE,,
220,48,0,1000,1,,,"Dame Sarevess",,,,,,,,,,,,,,0xFF01FE,,
221,48,0,2000,2,,,"Gelihast",,,,,,,,,,,,,,0xFF01FE,,
222,48,0,3000,3,,,"Lorgus Jett",,,,,,,,,,,,,,0xFF01FE,,
224,48,0,5000,5,,,"Vieux Serra'kis",,,,,,,,,,,,,,0xFF01FE,,
225,48,0,6000,6,,,"Seigneur du crépuscule Kelris",,,,,,,,,,,,,,0xFF01FE,,
226,48,0,7000,7,,,"Aku'mai",,,,,,,,,,,,,,0xFF01FE,,
547,70,0,0,0,,,"Revelosh",,,,,,,,,,,,,,0xFF01FE,,
548,70,0,1000,1,,,"Les nains perdus",,,,,,,,,,,,,,0xFF01FE,,
549,70,0,2000,2,,,"Ironaya",,,,,,,,,,,,,,0xFF01FE,,
551,70,0,4000,4,,,"Ancien gardien des pierres",,,,,,,,,,,,,,0xFF01FE,,
552,70,0,5000,5,,,"Galgann Martel-de-feu",,,,,,,,,,,,,,0xFF01FE,,
553,70,0,6000,6,,,"Grimlok",,,,,,,,,,,,,,0xFF01FE,,
554,70,0,7000,7,,,"Archaedas",,,,,,,,,,,,,,0xFF01FE,,
379,90,0,2000,2,,,"Grubbis",,,,,,,,,,,,,,0xFF01FE,,
378,90,0,2500,1,,,"Retombée visqueuse",,,,,,,,,,,,,,0xFF01FE,,
380,90,0,3000,3,,,"Electrocuteur 6000",,,,,,,,,,,,,,0xFF01FE,,
381,90,0,4000,4,,,"Faucheur de foule 9-60",,,,,,,,,,,,,,0xFF01FE,,
382,90,0,5000,5,,,"Mekgénieur Thermojoncteur",,,,,,,,,,,,,,0xFF01FE,,
485,109,0,0,0,,,"Atal'alarion",,,,,,,,,,,,,,0xFF01FE,,
488,109,0,500,3,,,"Jammal'an le prophète",,,,,,,,,,,,,,0xFF01FE,,
486,109,0,1000,1,,,"Fauche-rêve",,,,,,,,,,,,,,0xFF01FE,,
487,109,0,2000,2,,,"Tisserand",,,,,,,,,,,,,,0xFF01FE,,
490,109,0,5000,5,,,"Morphaz",,,,,,,,,,,,,,0xFF01FE,,
491,109,0,6000,6,,,"Hazzas",,,,,,,,,,,,,,0xFF01FE,,
492,109,0,7000,7,,,"Avatar d'Hakkar",,,,,,,,,,,,,,0xFF01FE,,
493,109,0,8000,8,,,"Ombre d'Eranikus",,,,,,,,,,,,,,0xFF01FE,,
434,129,0,0,0,,,"Tuten'kash",,,,,,,,,,,,,,0xFF01FE,,
435,129,0,1000,1,,,"Mordresh Oeil-de-feu",,,,,,,,,,,,,,0xFF01FE,,
436,129,0,2000,2,,,"Glouton",,,,,,,,,,,,,,0xFF01FE,,
437,129,0,3000,3,,,"Amnennar le Porte-froid",,,,,,,,,,,,,,0xFF01FE,,
444,189,0,0,0,,,"Interrogateur Vislar",,,,,,,,,,,,,,0xFF01FE,,
445,189,0,1000,1,,,"Mage de sang Thalnos",,,,,,,,,,,,,,0xFF01FE,,
446,189,0,2000,2,,,"Maître-chien Loksey",,,,,,,,,,,,,,0xFF01FE,,
447,189,0,3000,3,,,"Arcaniste Doan",,,,,,,,,,,,,,0xFF01FE,,
448,189,0,4000,4,,,"Hérode",,,,,,,,,,,,,,0xFF01FE,,
449,189,0,5000,5,,,"Grand Inquisiteur Fairbanks",,,,,,,,,,,,,,0xFF01FE,,
450,189,0,6000,6,,,"Grande inquisitrice Blanchetête",,,,,,,,,,,,,,0xFF01FE,,
593,209,0,0,0,,,"Hydromancienne Velratha",,,,,,,,,,,,,,0xFF01FE,,
594,209,0,1000,1,,,"Ghaz'rilla",,,,,,,,,,,,,,0xFF01FE,,
595,209,0,2000,2,,,"Antu'sul",,,,,,,,,,,,,,0xFF01FE,,
596,209,0,3000,3,,,"Theka le Martyr",,,,,,,,,,,,,,0xFF01FE,,
597,209,0,4000,4,,,"Féticheur Zum'rah",,,,,,,,,,,,,,0xFF01FE,,
598,209,0,5000,5,,,"Nekrum Mâchentrailles",,,,,,,,,,,,,,0xFF01FE,,
599,209,0,6000,6,,,"Prêtre des ombres Sezz'ziz",,,,,,,,,,,,,,0xFF01FE,,
600,209,0,7000,7,,,"Chef Ukorz Scalpessable",,,,,,,,,,,,,,0xFF01FE,,
267,229,0,0,0,,,"Généralissime Omokk",,,,,,,,,,,,,,0xFF01FE,,
268,229,0,1000,1,,,"Chasseresse des ombres Vosh'gajin",,,,,,,,,,,,,,0xFF01FE,,
269,229,0,2000,2,,,"Maître de guerre Voone",,,,,,,,,,,,,,0xFF01FE,,
270,229,0,3000,3,,,"Matriarche Couveuse",,,,,,,,,,,,,,0xFF01FE,,
271,229,0,4000,4,,,"Urok Hurleruine",,,,,,,,,,,,,,0xFF01FE,,
272,229,0,5000,5,,,"Intendant Zigris",,,,,,,,,,,,,,0xFF01FE,,
274,229,0,5500,7,,,"Halycon",,,,,,,,,,,,,,0xFF01FE,,
273,229,0,6000,6,,,"Gizrul l'esclavagiste",,,,,,,,,,,,,,0xFF01FE,,
275,229,0,8000,8,,,"Seigneur Wyrmthalak",,,,,,,,,,,,,,0xFF01FE,,
276,229,0,9000,9,,,"Pyrogarde Prophète ardent",,,,,,,,,,,,,,0xFF01FE,,
277,229,0,10000,10,,,"Solakar Voluteflamme",,,,,,,,,,,,,,0xFF01FE,,
278,229,0,11000,11,,,"Chef de guerre Rend Main-noire",,,,,,,,,,,,,,0xFF01FE,,
279,229,0,12000,12,,,"La Bête",,,,,,,,,,,,,,0xFF01FE,,
280,229,0,13000,13,,,"Général Drakkisath",,,,,,,,,,,,,,0xFF01FE,,
227,230,0,0,0,,,"Grande Interrogratrice Gerstahn",,,,,,,,,,,,,,0xFF01FE,,
228,230,0,1000,1,,,"Seigneur Roccor",,,,,,,,,,,,,,0xFF01FE,,
229,230,0,2000,2,,,"Maître-chien Grebmar",,,,,,,,,,,,,,0xFF01FE,,
230,230,0,3000,3,,,"Cercle de la loi",,,,,,,,,,,,,,0xFF01FE,,
231,230,0,4000,4,,,"Pyromancien Blé-du-savoir",,,,,,,,,,,,,,0xFF01FE,,
232,230,0,5000,5,,,"Seigneur Incendius",,,,,,,,,,,,,,0xFF01FE,,
233,230,0,6000,6,,,"Gardien Stilgiss",,,,,,,,,,,,,,0xFF01FE,,
234,230,0,7000,7,,,"Fineous Sombrevire",,,,,,,,,,,,,,0xFF01FE,,
235,230,0,8000,8,,,"Bael'Gar",,,,,,,,,,,,,,0xFF01FE,,
236,230,0,9000,9,,,"Général Forgehargne",,,,,,,,,,,,,,0xFF01FE,,
237,230,0,10000,10,,,"Seigneur golem Argelmach",,,,,,,,,,,,,,0xFF01FE,,
238,230,0,11000,11,,,"Hurley Soufflenoir",,,,,,,,,,,,,,0xFF01FE,,
239,230,0,12000,12,,,"Phalange",,,,,,,,,,,,,,0xFF01FE,,
240,230,0,13000,13,,,"Ribbly Fermevanne",,,,,,,,,,,,,,0xFF01FE,,
241,230,0,14000,14,,,"Lanfiche Brouillecircuit",,,,,,,,,,,,,,0xFF01FE,,
242,230,0,15000,15,,,"Ambassadeur Cinglefouet",,,,,,,,,,,,,,0xFF01FE,,
243,230,0,16000,16,,,"Les Sept",,,,,,,,,,,,,,0xFF01FE,,
244,230,0,17000,17,,,"Magmus",,,,,,,,,,,,,,0xFF01FE,,
245,230,0,18000,18,,,"Empereur Dagran Thaurissan",,,,,,,,,,,,,,0xFF01FE,,
707,249,0,0,0,,,"Onyxia",,,,,,,,,,,,,,0xFF01FE,,
708,249,1,1000,0,,,"Onyxia",,,,,,,,,,,,,,0xFF01FE,,
287,269,0,0,0,,,"Chronoseigneur Déjà",,,,,,,,,,,,,,0xFF01FE,,
288,269,1,0,0,,,"Chronoseigneur Déjà",,,,,,,,,,,,,,0xFF01FE,,
289,269,0,1000,1,,,"Temporus",,,,,,,,,,,,,,0xFF01FE,,
290,269,1,2000,1,,,"Temporus",,,,,,,,,,,,,,0xFF01FE,,
291,269,0,2000,2,,,"Aeonus",,,,,,,,,,,,,,0xFF01FE,,
292,269,1,3000,2,,,"Aeonus",,,,,,,,,,,,,,0xFF01FE,,
451,289,0,0,0,,,"Kirtonos le Héraut",,,,,,,,,,,,,,0xFF01FE,,
452,289,0,1000,1,,,"Jandice Barov",,,,,,,,,,,,,,0xFF01FE,,
453,289,0,2000,2,,,"Cliquettripes",,,,,,,,,,,,,,0xFF01FE,,
454,289,0,3000,3,,,"Marduk Noirétang",,,,,,,,,,,,,,0xFF01FE,,
455,289,0,4000,4,,,"Vectus",,,,,,,,,,,,,,0xFF01FE,,
456,289,0,5000,5,,,"Ras Murmegivre",,,,,,,,,,,,,,0xFF01FE,,
457,289,0,6000,6,,,"Instructrice Malicia",,,,,,,,,,,,,,0xFF01FE,,
458,289,0,7000,7,,,"Docteur Theolen Krastinov",,,,,,,,,,,,,,0xFF01FE,,
459,289,0,8000,8,,,"Gardien du savoir Polkelt",,,,,,,,,,,,,,0xFF01FE,,
460,289,0,9000,9,,,"Le Voracien",,,,,,,,,,,,,,0xFF01FE,,
461,289,0,10000,10,,,"Seigneur Alexei Barov",,,,,,,,,,,,,,0xFF01FE,,
462,289,0,11000,11,,,"Dame Illucia Barov",,,,,,,,,,,,,,0xFF01FE,,
463,289,0,12000,12,,,"Sombre Maître Gandling",,,,,,,,,,,,,,0xFF01FE,,
785,309,0,-1000,1,,,"Grande prêtresse Jeklik",,,,,,,,,,,,,,0xFF01FE,,
784,309,0,0,0,,,"Grand prêtre Venoxis",,,,,,,,,,,,,,0xFF01FE,,
786,309,0,2000,2,,,"Grande prêtresse Mar'li",,,,,,,,,,,,,,0xFF01FE,,
787,309,0,3000,3,,,"Seigneur sanglant Mandokir",,,,,,,,,,,,,,0xFF01FE,,
788,309,0,4000,4,,,"Frontière de la folie",,,,,,,,,,,,,,0xFF01FE,,
789,309,0,5000,5,,,"Grand prêtre Thekal",,,,,,,,,,,,,,0xFF01FE,,
790,309,0,6000,6,,,"Gahz'ranka",,,,,,,,,,,,,,0xFF01FE,,
791,309,0,7000,7,,,"Grande prêtresse Arlokk",,,,,,,,,,,,,,0xFF01FE,,
792,309,0,8000,8,,,"Jin'do le Maléficieur",,,,,,,,,,,,,,0xFF01FE,,
793,309,0,9000,9,,,"Hakkar",,,,,,,,,,,,,,0xFF01FE,,
473,329,0,1000,1,,,"Chanteloge Forrestin",,,,,,,,,,,,,,0xFF01FE,,
474,329,0,2000,2,,,"Timmy le Cruel",,,,,,,,,,,,,,0xFF01FE,,
475,329,0,3000,3,,,"Maître canonnier Willey",,,,,,,,,,,,,,0xFF01FE,,
476,329,0,4000,4,,,"Malor le Zélé",,,,,,,,,,,,,,0xFF01FE,,
477,329,0,5000,5,,,"Archiviste Galford",,,,,,,,,,,,,,0xFF01FE,,
478,329,0,6000,6,,,"Balnazzar",,,,,,,,,,,,,,0xFF01FE,,
472,329,0,6500,0,,,"Le Condamné",,,,,,,,,,,,,,0xFF01FE,,
479,329,0,7000,7,,,"Baronne Anastari",,,,,,,,,,,,,,0xFF01FE,,
480,329,0,8000,8,,,"Nerub'enkan",,,,,,,,,,,,,,0xFF01FE,,
481,329,0,9000,9,,,"Maleki le Blafard",,,,,,,,,,,,,,0xFF01FE,,
482,329,0,10000,10,,,"Magistrat Barthilas",,,,,,,,,,,,,,0xFF01FE,,
483,329,0,11000,11,,,"Ramstein Grandgosier",,,,,,,,,,,,,,0xFF01FE,,
484,329,0,12000,12,,,"Baron Vaillefendre",,,,,,,,,,,,,,0xFF01FE,,
422,349,0,0,0,,,"Noxcion",,,,,,,,,,,,,,0xFF01FE,,
423,349,0,1000,1,,,"Tranchefouet",,,,,,,,,,,,,,0xFF01FE,,
424,349,0,2000,2,,,"Seigneur Vylelangue",,,,,,,,,,,,,,0xFF01FE,,
425,349,0,3000,3,,,"Celebras le Maudit",,,,,,,,,,,,,,0xFF01FE,,
426,349,0,4000,4,,,"Glissement de terrain",,,,,,,,,,,,,,0xFF01FE,,
427,349,0,5000,5,,,"Bricoleur Kadenaz",,,,,,,,,,,,,,0xFF01FE,,
428,349,0,6000,6,,,"Grippe-charogne",,,,,,,,,,,,,,0xFF01FE,,
429,349,0,7000,7,,,"Princesse Theradras",,,,,,,,,,,,,,0xFF01FE,,
430,389,0,0,0,,,"Lorgnesilex",,,,,,,,,,,,,,0xFF01FE,,
432,389,0,2000,2,,,"Jergosh l'Invocateur",,,,,,,,,,,,,,0xFF01FE,,
433,389,0,3000,3,,,"Bazzalan",,,,,,,,,,,,,,0xFF01FE,,
431,389,0,4000,1,,,"Taragaman l'Affameur",,,,,,,,,,,,,,0xFF01FE,,
663,409,0,0,0,,,"Lucifron",,,,,,,,,,,,,,0xFF01FE,,
664,409,0,1000,1,,,"Magmadar",,,,,,,,,,,,,,0xFF01FE,,
665,409,0,2000,2,,,"Gehennas",,,,,,,,,,,,,,0xFF01FE,,
666,409,0,3000,3,,,"Garr",,,,,,,,,,,,,,0xFF01FE,,
667,409,0,4000,4,,,"Shazzrah",,,,,,,,,,,,,,0xFF01FE,,
668,409,0,5000,5,,,"Baron Geddon",,,,,,,,,,,,,,0xFF01FE,,
669,409,0,6000,6,,,"Messager de Sulfuron",,,,,,,,,,,,,,0xFF01FE,,
670,409,0,7000,7,,,"Golemagg l'Incinérateur",,,,,,,,,,,,,,0xFF01FE,,
671,409,0,8000,8,,,"Chambellan Executus",,,,,,,,,,,,,,0xFF01FE,,
672,409,0,9000,9,,,"Ragnaros",,,,,,,,,,,,,,0xFF01FE,,
343,429,0,0,0,,,"Zevrim Sabot-de-ronce",,,,,,,,,,,,,,0xFF01FE,,
344,429,0,1000,1,,,"Hydrogénos",,,,,,,,,,,,,,0xFF01FE,,
345,429,0,2000,2,,,"Lethtendris",,,,,,,,,,,,,,0xFF01FE,,
346,429,0,3000,3,,,"Alzzin le Modeleur",,,,,,,,,,,,,,0xFF01FE,,
350,429,0,3500,7,,,"Tendris Crochebois",,,,,,,,,,,,,,0xFF01FE,,
347,429,0,4000,4,,,"Illyanna Corvichêne",,,,,,,,,,,,,,0xFF01FE,,
348,429,0,5000,5,,,"Magistère Kalendris",,,,,,,,,,,,,,0xFF01FE,,
349,429,0,6000,6,,,"Immol'thar",,,,,,,,,,,,,,0xFF01FE,,
361,429,0,7000,8,,,"Prince Tortheldrin",,,,,,,,,,,,,,0xFF01FE,,
362,429,0,8000,9,,,"Garde Mol'dar",,,,,,,,,,,,,,0xFF01FE,,
363,429,0,9000,10,,,"Kreeg le Marteleur",,,,,,,,,,,,,,0xFF01FE,,
364,429,0,10000,11,,,"Garde Fengus",,,,,,,,,,,,,,0xFF01FE,,
365,429,0,11000,12,,,"Garde Slip'kik",,,,,,,,,,,,,,0xFF01FE,,
366,429,0,12000,13,,,"Capitaine Kromcrabouille",,,,,,,,,,,,,,0xFF01FE,,
367,429,0,13000,14,,,"Cho'Rush l'Observateur",,,,,,,,,,,,,,0xFF01FE,,
368,429,0,14000,15,,,"Roi Gordok",,,,,,,,,,,,,,0xFF01FE,,
610,469,0,0,0,,,"Tranchetripe l'Indompté",,,,,,,,,,,,,,0xFF01FE,,
611,469,0,1000,1,,,"Vaelastrasz le Corrompu",,,,,,,,,,,,,,0xFF01FE,,
612,469,0,2000,2,,,"Seigneur des couvées Lanistaire",,,,,,,,,,,,,,0xFF01FE,,
613,469,0,3000,3,,,"Gueule-de-feu",,,,,,,,,,,,,,0xFF01FE,,
614,469,0,4000,4,,,"Rochébène",,,,,,,,,,,,,,0xFF01FE,,
615,469,0,5000,5,,,"Flamegor",,,,,,,,,,,,,,0xFF01FE,,
616,469,0,6000,6,,,"Chromaggus",,,,,,,,,,,,,,0xFF01FE,,
617,469,0,7000,7,,,"Nefarian",,,,,,,,,,,,,,0xFF01FE,,
718,509,0,0,0,,,"Kurinnaxx",,,,,,,,,,,,,,0xFF01FE,,
719,509,0,1000,1,,,"Général Rajaxx",,,,,,,,,,,,,,0xFF01FE,,
720,509,0,2000,2,,,"Moam",,,,,,,,,,,,,,0xFF01FE,,
721,509,0,3000,3,,,"Buru Grandgosier",,,,,,,,,,,,,,0xFF01FE,,
722,509,0,4000,4,,,"Ayamiss le Chasseur",,,,,,,,,,,,,,0xFF01FE,,
723,509,0,5000,5,,,"Ossirian l'Intouché",,,,,,,,,,,,,,0xFF01FE,,
709,531,0,0,0,,,"Le prophète Skeram",,,,,,,,,,,,,,0xFF01FE,,
710,531,0,1000,1,,,"Famille royale silithide",,,,,,,,,,,,,,0xFF01FE,,
711,531,0,2000,2,,,"Garde de guerre Sartura",,,,,,,,,,,,,,0xFF01FE,,
712,531,0,3000,3,,,"Fankriss l'Inflexible",,,,,,,,,,,,,,0xFF01FE,,
713,531,0,4000,4,,,"Viscidus",,,,,,,,,,,,,,0xFF01FE,,
714,531,0,5000,5,,,"Princesse Huhuran",,,,,,,,,,,,,,0xFF01FE,,
715,531,0,6000,6,,,"Empereurs jumeaux",,,,,,,,,,,,,,0xFF01FE,,
716,531,0,7000,7,,,"Ouro",,,,,,,,,,,,,,0xFF01FE,,
717,531,0,8000,8,,,"C'thun",,,,,,,,,,,,,,0xFF01FE,,
652,532,0,0,0,,,"Attumen le Veneur",,,,,,,,,,,,,,0xFF01FE,,
653,532,0,1000,1,,,"Moroes",,,,,,,,,,,,,,0xFF01FE,,
654,532,0,2000,2,,,"Damoiselle de vertu",,,,,,,,,,,,,,0xFF01FE,,
655,532,0,3000,3,,,"Évènement de l'opéra",,,,,,,,,,,,,,0xFF01FE,,
656,532,0,4000,4,,,"Le conservateur",,,,,,,,,,,,,,0xFF01FE,,
657,532,0,5000,5,,,"Terestian Malsabot",,,,,,,,,,,,,,0xFF01FE,,
658,532,0,6000,6,,,"Ombre d'Aran",,,,,,,,,,,,,,0xFF01FE,,
659,532,0,7000,7,,,"Dédain-du-Néant",,,,,,,,,,,,,,0xFF01FE,,
660,532,0,8000,8,,,"Évènement de l'échiquier",,,,,,,,,,,,,,0xFF01FE,,
661,532,0,9000,9,,,"Prince Malchezaar",,,,,,,,,,,,,,0xFF01FE,,
662,532,0,10000,10,,,"Plaie-de-nuit",,,,,,,,,,,,,,0xFF01FE,,
673,533,0,0,0,,,"Anub'Rekhan",,,,,,,,,,,,,,0xFF01FE,,
674,533,1,1000,0,,,"Anub'Rekhan",,,,,,,,,,,,,,0xFF01FE,,
677,533,0,1000,1,,,"Grande veuve Faerlina",,,,,,,,,,,,,,0xFF01FE,,
678,533,1,2000,1,,,"Grande veuve Faerlina",,,,,,,,,,,,,,0xFF01FE,,
679,533,0,2000,2,,,"Maexxna",,,,,,,,,,,,,,0xFF01FE,,
680,533,1,3000,2,,,"Maexxna",,,,,,,,,,,,,,0xFF01FE,,
681,533,0,3000,3,,,"Noth le Porte-peste",,,,,,,,,,,,,,0xFF01FE,,
682,533,1,4000,3,,,"Noth le Porte-peste",,,,,,,,,,,,,,0xFF01FE,,
683,533,0,4000,4,,,"Heigan l'Impur",,,,,,,,,,,,,,0xFF01FE,,
684,533,1,5000,4,,,"Heigan l'Impur",,,,,,,,,,,,,,0xFF01FE,,
685,533,0,5000,5,,,"Horreb",,,,,,,,,,,,,,0xFF01FE,,
686,533,1,6000,5,,,"Horreb",,,,,,,,,,,,,,0xFF01FE,,
687,533,0,6000,6,,,"Instructeur Razuvious",,,,,,,,,,,,,,0xFF01FE,,
689,533,1,7000,6,,,"Instructeur Razuvious",,,,,,,,,,,,,,0xFF01FE,,
690,533,0,7000,7,,,"Gothik le Moissonneur",,,,,,,,,,,,,,0xFF01FE,,
691,533,1,8000,7,,,"Gothik le Moissonneur",,,,,,,,,,,,,,0xFF01FE,,
692,533,0,8000,8,,,"Les quatre cavaliers",,,,,,,,,,,,,,0xFF01FE,,
693,533,1,9000,8,,,"Les quatre cavaliers",,,,,,,,,,,,,,0xFF01FE,,
694,533,0,9000,9,,,"Le Recousu",,,,,,,,,,,,,,0xFF01FE,,
695,533,1,10000,9,,,"Le Recousu",,,,,,,,,,,,,,0xFF01FE,,
696,533,0,10000,10,,,"Grobbulus",,,,,,,,,,,,,,0xFF01FE,,
697,533,1,11000,10,,,"Grobbulus",,,,,,,,,,,,,,0xFF01FE,,
698,533,0,11000,11,,,"Gluth",,,,,,,,,,,,,,0xFF01FE,,
699,533,1,12000,11,,,"Gluth",,,,,,,,,,,,,,0xFF01FE,,
700,533,0,12000,12,,,"Thaddius",,,,,,,,,,,,,,0xFF01FE,,
701,533,1,13000,12,,,"Thaddius",,,,,,,,,,,,,,0xFF01FE,,
702,533,0,13000,13,,,"Saphiron",,,,,,,,,,,,,,0xFF01FE,,
703,533,1,14000,13,,,"Saphiron",,,,,,,,,,,,,,0xFF01FE,,
704,533,0,14000,14,,,"Kel'Thuzad",,,,,,,,,,,,,,0xFF01FE,,
706,533,1,15000,14,,,"Kel'Thuzad",,,,,,,,,,,,,,0xFF01FE,,
618,534,0,0,0,,,"Rage Froidhiver",,,,,,,,,,,,,,0xFF01FE,,
619,534,0,1000,1,,,"Anetheron",,,,,,,,,,,,,,0xFF01FE,,
620,534,0,2000,2,,,"Kaz'rogal",,,,,,,,,,,,,,0xFF01FE,,
621,534,0,3000,3,,,"Azgalor",,,,,,,,,,,,,,0xFF01FE,,
622,534,0,4000,4,,,"Archimonde",,,,,,,,,,,,,,0xFF01FE,,
407,540,0,0,0,,,"Grand démoniste Néanathème",,,,,,,,,,,,,,0xFF01FE,,
408,540,1,1000,0,,,"Grand démoniste Néanathème",,,,,,,,,,,,,,0xFF01FE,,
410,540,0,1000,1,,,"Porteguerre O'mrogg",,,,,,,,,,,,,,0xFF01FE,,
409,540,1,2000,1,,,"Garde de sang Porung",,,,,,,,,,,,,,0xFF01FE,,
412,540,0,2000,2,,,"Chef de guerre Kargath Lamepoing",,,,,,,,,,,,,,0xFF01FE,,
411,540,1,3000,2,,,"Porteguerre O'mrogg",,,,,,,,,,,,,,0xFF01FE,,
413,540,1,4000,3,,,"Chef de guerre Kargath Lamepoing",,,,,,,,,,,,,,0xFF01FE,,
401,542,0,0,0,,,"Le Faiseur",,,,,,,,,,,,,,0xFF01FE,,
402,542,1,1000,0,,,"Le Faiseur",,,,,,,,,,,,,,0xFF01FE,,
403,542,0,1000,1,,,"Broggok",,,,,,,,,,,,,,0xFF01FE,,
404,542,1,2000,1,,,"Broggok",,,,,,,,,,,,,,0xFF01FE,,
405,542,0,2000,2,,,"Keli'dan le Briseur",,,,,,,,,,,,,,0xFF01FE,,
406,542,1,3000,2,,,"Keli'dan le Briseur",,,,,,,,,,,,,,0xFF01FE,,
392,543,0,0,0,,,"Gardien des guetteurs Gargolmar",,,,,,,,,,,,,,0xFF01FE,,
393,543,1,1000,0,,,"Gardien des guetteurs Gargolmar",,,,,,,,,,,,,,0xFF01FE,,
394,543,0,1000,1,,,"Omor l'Intouché",,,,,,,,,,,,,,0xFF01FE,,
395,543,1,2000,1,,,"Omor l'Intouché",,,,,,,,,,,,,,0xFF01FE,,
396,543,0,2000,2,,,"Vazruden le Héraut",,,,,,,,,,,,,,0xFF01FE,,
397,543,1,3000,2,,,"Vazruden le Héraut",,,,,,,,,,,,,,0xFF01FE,,
651,544,0,0,0,,,"Magtheridon",,,,,,,,,,,,,,0xFF01FE,,
314,545,0,0,0,,,"Hydromancienne Thespia",,,,,,,,,,,,,,0xFF01FE,,
315,545,1,1000,0,,,"Hydromancienne Thespia",,,,,,,,,,,,,,0xFF01FE,,
316,545,0,1000,1,,,"Mekgénieur Montevapeur",,,,,,,,,,,,,,0xFF01FE,,
317,545,1,2000,1,,,"Mekgénieur Montevapeur",,,,,,,,,,,,,,0xFF01FE,,
318,545,0,2000,2,,,"Seigneur de guerre Kalithresh",,,,,,,,,,,,,,0xFF01FE,,
319,545,1,3000,2,,,"Seigneur de guerre Kalithresh",,,,,,,,,,,,,,0xFF01FE,,
320,546,0,0,0,,,"Hungarfen",,,,,,,,,,,,,,0xFF01FE,,
321,546,1,1000,0,,,"Hungarfen",,,,,,,,,,,,,,0xFF01FE,,
322,546,0,1000,1,,,"Ghaz'an",,,,,,,,,,,,,,0xFF01FE,,
323,546,1,2000,1,,,"Ghaz'an",,,,,,,,,,,,,,0xFF01FE,,
329,546,0,2000,2,,,"Seigneur des marais Musel'ek",,,,,,,,,,,,,,0xFF01FE,,
330,546,1,3000,2,,,"Seigneur des marais Musel'ek",,,,,,,,,,,,,,0xFF01FE,,
331,546,0,3000,3,,,"La Traqueuse noire",,,,,,,,,,,,,,0xFF01FE,,
332,546,1,4000,3,,,"La Traqueuse noire",,,,,,,,,,,,,,0xFF01FE,,
301,547,0,0,0,,,"Mennu le Traître",,,,,,,,,,,,,,0xFF01FE,,
304,547,1,0,0,,,"Mennu le Traître",,,,,,,,,,,,,,0xFF01FE,,
302,547,0,1000,1,,,"Rokmar le Crépitant",,,,,,,,,,,,,,0xFF01FE,,
305,547,1,1000,1,,,"Rokmar le Crépitant",,,,,,,,,,,,,,0xFF01FE,,
303,547,0,2000,2,,,"Bourbierreux",,,,,,,,,,,,,,0xFF01FE,,
306,547,1,2000,2,,,"Bourbierreux",,,,,,,,,,,,,,0xFF01FE,,
623,548,0,0,0,,,"Hydross l'Instable",,,,,,,,,,,,,,0xFF01FE,,
624,548,0,1000,1,,,"Le Rôdeur d'En bas",,,,,,,,,,,,,,0xFF01FE,,
625,548,0,2000,2,,,"Leotheras l'Aveugle",,,,,,,,,,,,,,0xFF01FE,,
626,548,0,3000,3,,,"Seigneur des fonds Karathress",,,,,,,,,,,,,,0xFF01FE,,
627,548,0,4000,4,,,"Morogrim Marcheur-des-flots",,,,,,,,,,,,,,0xFF01FE,,
628,548,0,5000,5,,,"Dame Vashj",,,,,,,,,,,,,,0xFF01FE,,
730,550,0,0,0,,,"Al'ar",,,,,,,,,,,,,,0xFF01FE,,
731,550,0,1000,1,,,"Saccageur du Vide",,,,,,,,,,,,,,0xFF01FE,,
732,550,0,2000,2,,,"Grande astromancienne Solarian",,,,,,,,,,,,,,0xFF01FE,,
733,550,0,3000,3,,,"Kael'thas Haut-soleil",,,,,,,,,,,,,,0xFF01FE,,
494,552,0,0,0,,,"Zereketh le Délié",,,,,,,,,,,,,,0xFF01FE,,
495,552,1,1000,0,,,"Zereketh le Délié",,,,,,,,,,,,,,0xFF01FE,,
496,552,0,1000,1,,,"Dalliah l'Auspice-funeste",,,,,,,,,,,,,,0xFF01FE,,
497,552,1,2000,1,,,"Dalliah l'Auspice-funeste",,,,,,,,,,,,,,0xFF01FE,,
498,552,0,2000,2,,,"Scrute-courroux Soccothrates",,,,,,,,,,,,,,0xFF01FE,,
499,552,1,3000,2,,,"Scrute-courroux Soccothrates",,,,,,,,,,,,,,0xFF01FE,,
500,552,0,3000,3,,,"Messager Cieuriss",,,,,,,,,,,,,,0xFF01FE,,
501,552,1,4000,3,,,"Messager Cieuriss",,,,,,,,,,,,,,0xFF01FE,,
502,553,0,0,0,,,"Commandant Sarannis",,,,,,,,,,,,,,0xFF01FE,,
504,553,1,1000,0,,,"Commandant Sarannis",,,,,,,,,,,,,,0xFF01FE,,
505,553,0,1000,1,,,"Grand botaniste Freywinn",,,,,,,,,,,,,,0xFF01FE,,
506,553,1,2000,1,,,"Grand botaniste Freywinn",,,,,,,,,,,,,,0xFF01FE,,
507,553,0,2000,2,,,"Rirépine le Tendre",,,,,,,,,,,,,,0xFF01FE,,
508,553,1,3000,2,,,"Rirépine le Tendre",,,,,,,,,,,,,,0xFF01FE,,
509,553,0,3000,3,,,"Laj",,,,,,,,,,,,,,0xFF01FE,,
510,553,1,4000,3,,,"Laj",,,,,,,,,,,,,,0xFF01FE,,
511,553,0,4000,4,,,"Brise-dimension",,,,,,,,,,,,,,0xFF01FE,,
512,553,1,5000,4,,,"Brise-dimension",,,,,,,,,,,,,,0xFF01FE,,
513,554,0,0,0,,,"Mécano-seigneur Capacitus",,,,,,,,,,,,,,0xFF01FE,,
514,554,1,1000,0,,,"Mécano-seigneur Capacitus",,,,,,,,,,,,,,0xFF01FE,,
515,554,0,1000,1,,,"Néantomancienne Sepethrea",,,,,,,,,,,,,,0xFF01FE,,
516,554,1,2000,1,,,"Néantomancienne Sepethrea",,,,,,,,,,,,,,0xFF01FE,,
517,554,0,2000,2,,,"Pathaleon le Calculateur",,,,,,,,,,,,,,0xFF01FE,,
518,554,1,3000,2,,,"Pathaleon le Calculateur",,,,,,,,,,,,,,0xFF01FE,,
208,555,0,0,0,,,"Ambassadeur Gueule-d'enfer",,,,,,,,,,,,,,0xFF01FE,,
255,555,1,0,0,,,"Ambassadeur Gueule-d'enfer",,,,,,,,,,,,,,0xFF01FE,,
209,555,0,1000,1,,,"Coeur-noir le Séditieux",,,,,,,,,,,,,,0xFF01FE,,
256,555,1,1000,1,,,"Coeur-noir le Séditieux",,,,,,,,,,,,,,0xFF01FE,,
210,555,0,2000,2,,,"Grand Maître Vorpil",,,,,,,,,,,,,,0xFF01FE,,
257,555,1,2000,2,,,"Grand Maître Vorpil",,,,,,,,,,,,,,0xFF01FE,,
211,555,0,3000,3,,,"Marmon",,,,,,,,,,,,,,0xFF01FE,,
258,555,1,3000,3,,,"Marmon",,,,,,,,,,,,,,0xFF01FE,,
206,556,0,0,0,,,"Tisseur d'ombre Syth",,,,,,,,,,,,,,0xFF01FE,,
252,556,1,0,0,,,"Tisseur d'ombre Syth",,,,,,,,,,,,,,0xFF01FE,,
207,556,0,1000,1,,,"Roi-serre Ikiss",,,,,,,,,,,,,,0xFF01FE,,
253,556,1,1000,1,,,"Anzu",,,,,,,,,,,,,,0xFF01FE,,
254,556,1,2000,2,,,"Roi-serre Ikiss",,,,,,,,,,,,,,0xFF01FE,,
203,557,0,0,0,,,"Pandemonius",,,,,,,,,,,,,,0xFF01FE,,
248,557,1,0,0,,,"Pandemonius",,,,,,,,,,,,,,0xFF01FE,,
204,557,0,1000,1,,,"Tavarok",,,,,,,,,,,,,,0xFF01FE,,
249,557,1,1000,1,,,"Tavarok",,,,,,,,,,,,,,0xFF01FE,,
250,557,1,1500,2,,,"Yor",,,,,,,,,,,,,,0xFF01FE,,
205,557,0,2000,2,,,"Prince-nexus Shaffar",,,,,,,,,,,,,,0xFF01FE,,
251,557,1,2500,3,,,"Prince-nexus Shaffar",,,,,,,,,,,,,,0xFF01FE,,
201,558,0,0,0,,,"Shirrak le Veillemort",,,,,,,,,,,,,,0xFF01FE,,
246,558,1,0,0,,,"Shirrak le Veillemort",,,,,,,,,,,,,,0xFF01FE,,
202,558,0,1000,1,,,"Exarque Maladaar",,,,,,,,,,,,,,0xFF01FE,,
247,558,1,1000,1,,,"Exarque Maladaar",,,,,,,,,,,,,,0xFF01FE,,
286,560,1,-1000,2,,,"Lieutenant Drake",,,,,,,,,,,,,,0xFF01FE,,
285,560,0,1000,2,,,"Lieutenant Drake",,,,,,,,,,,,,,0xFF01FE,,
283,560,0,2000,1,,,"Capitaine Skarloc",,,,,,,,,,,,,,0xFF01FE,,
284,560,1,2000,1,,,"Capitaine Skarloc",,,,,,,,,,,,,,0xFF01FE,,
281,560,0,3000,0,,,"Chasseur d'époques",,,,,,,,,,,,,,0xFF01FE,,
282,560,1,3000,0,,,"Chasseur d'époques",,,,,,,,,,,,,,0xFF01FE,,
601,564,0,0,0,,,"Grand seigneur de guerre Naj'entus",,,,,,,,,,,,,,0xFF01FE,,
602,564,0,1000,1,,,"Supremus",,,,,,,,,,,,,,0xFF01FE,,
603,564,0,2000,2,,,"Ombre d'Akama",,,,,,,,,,,,,,0xFF01FE,,
604,564,0,3000,3,,,"Teron Fielsang",,,,,,,,,,,,,,0xFF01FE,,
605,564,0,4000,4,,,"Gurtogg Fièvresang",,,,,,,,,,,,,,0xFF01FE,,
606,564,0,5000,5,,,"Reliquaire des âmes",,,,,,,,,,,,,,0xFF01FE,,
607,564,0,6000,6,,,"Mère Shahraz",,,,,,,,,,,,,,0xFF01FE,,
608,564,0,7000,7,,,"Le conseil illidari",,,,,,,,,,,,,,0xFF01FE,,
609,564,0,8000,8,,,"Illidan Hurlorage",,,,,,,,,,,,,,0xFF01FE,,
649,565,0,0,0,,,"Haut Roi Maulgar",,,,,,,,,,,,,,0xFF01FE,,
650,565,0,1000,1,,,"Gruul le Tue-dragon",,,,,,,,,,,,,,0xFF01FE,,
778,568,0,0,0,,,"Akil'zon",,,,,,,,,,,,,,0xFF01FE,,
779,568,0,1000,1,,,"Nalorakk",,,,,,,,,,,,,,0xFF01FE,,
780,568,0,2000,2,,,"Jan'alai",,,,,,,,,,,,,,0xFF01FE,,
781,568,0,3000,3,,,"Halazzi",,,,,,,,,,,,,,0xFF01FE,,
782,568,0,4000,4,,,"Seigneur des maléfices Malacrass",,,,,,,,,,,,,,0xFF01FE,,
783,568,0,5000,5,,,"Zul'jin",,,,,,,,,,,,,,0xFF01FE,,
571,574,0,0,0,,,"Prince Keleseth",,,,,,,,,,,,,,0xFF01FE,,
572,574,1,1000,0,,,"Prince Keleseth",,,,,,,,,,,,,,0xFF01FE,,
573,574,0,1000,1,,,"Skarvald et Dalronn",,,,,,,,,,,,,,0xFF01FE,,
574,574,1,2000,1,,,"Skarvald et Dalronn",,,,,,,,,,,,,,0xFF01FE,,
575,574,0,2000,2,,,"Ingvar le Pilleur",,,,,,,,,,,,,,0xFF01FE,,
576,574,1,3000,2,,,"Ingvar le Pilleur",,,,,,,,,,,,,,0xFF01FE,,
577,575,0,0,0,,,"Svala Tristetombe",,,,,,,,,,,,,,0xFF01FE,,
578,575,1,1000,0,,,"Svala Tristetombe",,,,,,,,,,,,,,0xFF01FE,,
579,575,0,1000,1,,,"Gortok Pâle-sabot",,,,,,,,,,,,,,0xFF01FE,,
580,575,1,2000,1,,,"Gortok Pâle-sabot",,,,,,,,,,,,,,0xFF01FE,,
581,575,0,2000,2,,,"Skadi le Brutal",,,,,,,,,,,,,,0xFF01FE,,
582,575,1,3000,2,,,"Skadi le Brutal",,,,,,,,,,,,,,0xFF01FE,,
583,575,0,3000,3,,,"Roi Ymiron",,,,,,,,,,,,,,0xFF01FE,,
584,575,1,4000,3,,,"Roi Ymiron",,,,,,,,,,,,,,0xFF01FE,,
519,576,1,0,0,,,"Commandant gelé",,,,,,,,,,,,,,0xFF01FE,,
520,576,0,0,0,,,"Grand magus Telestra",,,,,,,,,,,,,,0xFF01FE,,
521,576,1,1000,1,,,"Grand magus Telestra",,,,,,,,,,,,,,0xFF01FE,,
522,576,0,1000,1,,,"Anomalus",,,,,,,,,,,,,,0xFF01FE,,
523,576,1,2000,2,,,"Anomalus",,,,,,,,,,,,,,0xFF01FE,,
524,576,0,2000,2,,,"Ormorok le Sculpte-arbre",,,,,,,,,,,,,,0xFF01FE,,
525,576,1,3000,3,,,"Ormorok le Sculpte-arbre",,,,,,,,,,,,,,0xFF01FE,,
526,576,0,3000,3,,,"Keristrasza",,,,,,,,,,,,,,0xFF01FE,,
527,576,1,4000,4,,,"Keristrasza",,,,,,,,,,,,,,0xFF01FE,,
528,578,0,0,0,,,"Drakos l'Interrogateur",,,,,,,,,,,,,,0xFF01FE,,
529,578,1,1000,0,,,"Drakos l'Interrogateur",,,,,,,,,,,,,,0xFF01FE,,
530,578,0,1000,1,,,"Varos Arpentenuée",,,,,,,,,,,,,,0xFF01FE,,
531,578,1,2000,1,,,"Varos Arpentenuée",,,,,,,,,,,,,,0xFF01FE,,
532,578,0,2000,2,,,"Seigneur-mage Urom",,,,,,,,,,,,,,0xFF01FE,,
533,578,1,3000,2,,,"Seigneur-mage Urom",,,,,,,,,,,,,,0xFF01FE,,
534,578,0,3000,3,,,"Gardien-tellurique Eregos",,,,,,,,,,,,,,0xFF01FE,,
535,578,1,4000,3,,,"Gardien-tellurique Eregos",,,,,,,,,,,,,,0xFF01FE,,
724,580,0,0,0,,,"Kalecgos",,,,,,,,,,,,,,0xFF01FE,,
725,580,0,1000,1,,,"Brutallus",,,,,,,,,,,,,,0xFF01FE,,
726,580,0,2000,2,,,"Gangrebrume",,,,,,,,,,,,,,0xFF01FE,,
727,580,0,3000,3,,,"Jumelles érédars",,,,,,,,,,,,,,0xFF01FE,,
728,580,0,4000,4,,,"M'uru",,,,,,,,,,,,,,0xFF01FE,,
729,580,0,5000,5,,,"Kil'jaeden",,,,,,,,,,,,,,0xFF01FE,,
414,585,0,0,0,,,"Selin Coeur-de-feu",,,,,,,,,,,,,,0xFF01FE,,
415,585,1,1000,0,,,"Selin Coeur-de-feu",,,,,,,,,,,,,,0xFF01FE,,
416,585,0,1000,1,,,"Vexallus",,,,,,,,,,,,,,0xFF01FE,,
417,585,1,2000,1,,,"Vexallus",,,,,,,,,,,,,,0xFF01FE,,
418,585,0,2000,2,,,"Prêtresse Delrissa",,,,,,,,,,,,,,0xFF01FE,,
419,585,1,3000,2,,,"Prêtresse Delrissa",,,,,,,,,,,,,,0xFF01FE,,
420,585,0,3000,3,,,"Kael'thas Haut-soleil",,,,,,,,,,,,,,0xFF01FE,,
421,585,1,4000,3,,,"Kael'thas Haut-soleil",,,,,,,,,,,,,,0xFF01FE,,
293,595,0,0,0,,,"Grancrochet",,,,,,,,,,,,,,0xFF01FE,,
297,595,1,0,0,,,"Grancrochet",,,,,,,,,,,,,,0xFF01FE,,
294,595,0,1000,1,,,"Salramm le Façonneur de chair",,,,,,,,,,,,,,0xFF01FE,,
298,595,1,1000,1,,,"Salramm le Façonneur de chair",,,,,,,,,,,,,,0xFF01FE,,
295,595,0,2000,2,,,"Chronoseigneur Epoque",,,,,,,,,,,,,,0xFF01FE,,
299,595,1,2000,2,,,"Chronoseigneur Epoque",,,,,,,,,,,,,,0xFF01FE,,
296,595,0,3000,3,,,"Mal'ganis",,,,,,,,,,,,,,0xFF01FE,,
300,595,1,3000,3,,,"Mal'ganis",,,,,,,,,,,,,,0xFF01FE,,
563,599,0,0,0,,,"Krystallus",,,,,,,,,,,,,,0xFF01FE,,
564,599,1,1000,0,,,"Krystallus",,,,,,,,,,,,,,0xFF01FE,,
565,599,0,1000,1,,,"Damoiselle de peine",,,,,,,,,,,,,,0xFF01FE,,
566,599,1,2000,1,,,"Damoiselle de peine",,,,,,,,,,,,,,0xFF01FE,,
567,599,0,2000,2,,,"Tribunal des Âges",,,,,,,,,,,,,,0xFF01FE,,
568,599,1,3000,2,,,"Tribunal des Âges",,,,,,,,,,,,,,0xFF01FE,,
569,599,0,3000,3,,,"Sjonnir le Sculptefer",,,,,,,,,,,,,,0xFF01FE,,
570,599,1,4000,3,,,"Sjonnir le Sculptefer",,,,,,,,,,,,,,0xFF01FE,,
369,600,0,0,0,,,"Trollétripe",,,,,,,,,,,,,,0xFF01FE,,
370,600,1,1000,0,,,"Trollétripe",,,,,,,,,,,,,,0xFF01FE,,
371,600,0,1000,1,,,"Novos l'Invocateur",,,,,,,,,,,,,,0xFF01FE,,
372,600,1,2000,1,,,"Novos l'Invocateur",,,,,,,,,,,,,,0xFF01FE,,
373,600,0,2000,2,,,"Roi Dred",,,,,,,,,,,,,,0xFF01FE,,
374,600,1,3000,2,,,"Roi Dred",,,,,,,,,,,,,,0xFF01FE,,
375,600,0,3000,3,,,"Le prophète Tharon'ja",,,,,,,,,,,,,,0xFF01FE,,
376,600,1,4000,3,,,"Le prophète Tharon'ja",,,,,,,,,,,,,,0xFF01FE,,
216,601,0,0,0,,,"Krik'thir le Gardien de porte",,,,,,,,,,,,,,0xFF01FE,,
264,601,1,0,0,,,"Krik'thir le Gardien de porte",,,,,,,,,,,,,,0xFF01FE,,
217,601,0,1000,1,,,"Hadronox",,,,,,,,,,,,,,0xFF01FE,,
265,601,1,1000,1,,,"Hadronox",,,,,,,,,,,,,,0xFF01FE,,
218,601,0,2000,2,,,"Anub'arak",,,,,,,,,,,,,,0xFF01FE,,
266,601,1,2000,2,,,"Anub'arak",,,,,,,,,,,,,,0xFF01FE,,
555,602,0,0,0,,,"Général Bjarngrim",,,,,,,,,,,,,,0xFF01FE,,
556,602,1,1000,0,,,"Général Bjarngrim",,,,,,,,,,,,,,0xFF01FE,,
557,602,0,1000,1,,,"Volkhan",,,,,,,,,,,,,,0xFF01FE,,
558,602,1,2000,1,,,"Volkhan",,,,,,,,,,,,,,0xFF01FE,,
559,602,0,2000,2,,,"Ionar",,,,,,,,,,,,,,0xFF01FE,,
560,602,1,3000,2,,,"Ionar",,,,,,,,,,,,,,0xFF01FE,,
561,602,0,3000,3,,,"Loken",,,,,,,,,,,,,,0xFF01FE,,
562,602,1,4000,3,,,"Loken",,,,,,,,,,,,,,0xFF01FE,,
744,603,0,0,0,,,"Léviathan des flammes",,,,,,,,,,,,,,0xFF01FE,,
758,603,1,0,0,,,"Léviathan des flammes",,,,,,,,,,,,,,0xFF01FE,,
745,603,0,1000,1,,,"Ignis le maître de la Fournaise",,,,,,,,,,,,,,0xFF01FE,,
759,603,1,1000,1,,,"Ignis le maître de la Fournaise",,,,,,,,,,,,,,0xFF01FE,,
746,603,0,2000,2,,,"Tranchécaille",,,,,,,,,,,,,,0xFF01FE,,
747,603,0,3000,3,,,"Déconstructeur XT-002",,,,,,,,,,,,,,0xFF01FE,,
748,603,0,4000,4,,,"Le conseil de fer",,,,,,,,,,,,,,0xFF01FE,,
760,603,1,4500,2,,,"Tranchécaille",,,,,,,,,,,,,,0xFF01FE,,
749,603,0,5000,5,,,"Kologarn",,,,,,,,,,,,,,0xFF01FE,,
761,603,1,5500,3,,,"Déconstructeur XT-002",,,,,,,,,,,,,,0xFF01FE,,
750,603,0,6000,6,,,"Auriaya",,,,,,,,,,,,,,0xFF01FE,,
762,603,1,6500,4,,,"Le conseil de fer",,,,,,,,,,,,,,0xFF01FE,,
751,603,0,7000,7,,,"Hodir",,,,,,,,,,,,,,0xFF01FE,,
763,603,1,7500,5,,,"Kologarn",,,,,,,,,,,,,,0xFF01FE,,
752,603,0,8000,8,,,"Thorim",,,,,,,,,,,,,,0xFF01FE,,
764,603,1,8500,6,,,"Auriaya",,,,,,,,,,,,,,0xFF01FE,,
753,603,0,9000,9,,,"Freya",,,,,,,,,,,,,,0xFF01FE,,
765,603,1,9500,7,,,"Hodir",,,,,,,,,,,,,,0xFF01FE,,
754,603,0,10000,10,,,"Mimiron",,,,,,,,,,,,,,0xFF01FE,,
766,603,1,10500,8,,,"Thorim",,,,,,,,,,,,,,0xFF01FE,,
755,603,0,11000,11,,,"Général Vezax",,,,,,,,,,,,,,0xFF01FE,,
767,603,1,11500,9,,,"Freya",,,,,,,,,,,,,,0xFF01FE,,
756,603,0,12000,12,,,"Yogg-Saron",,,,,,,,,,,,,,0xFF01FE,,
768,603,1,12500,10,,,"Mimiron",,,,,,,,,,,,,,0xFF01FE,,
757,603,0,13000,13,,,"Algalon l'Observateur",,,,,,,,,,,,,,0xFF01FE,,
769,603,1,13500,11,,,"Général Vezax",,,,,,,,,,,,,,0xFF01FE,,
770,603,1,14500,12,,,"Yogg-Saron",,,,,,,,,,,,,,0xFF01FE,,
771,603,1,15500,13,,,"Algalon l'Observateur",,,,,,,,,,,,,,0xFF01FE,,
383,604,0,0,0,,,"Slad'ran",,,,,,,,,,,,,,0xFF01FE,,
384,604,1,1000,0,,,"Slad'ran",,,,,,,,,,,,,,0xFF01FE,,
385,604,0,1000,1,,,"Colosse drakkari",,,,,,,,,,,,,,0xFF01FE,,
386,604,1,2000,1,,,"Colosse drakkari",,,,,,,,,,,,,,0xFF01FE,,
387,604,0,2000,2,,,"Moorabi",,,,,,,,,,,,,,0xFF01FE,,
388,604,1,3000,2,,,"Moorabi",,,,,,,,,,,,,,0xFF01FE,,
390,604,0,3000,3,,,"Gal'darah",,,,,,,,,,,,,,0xFF01FE,,
389,604,1,4000,3,,,"Eck le Féroce",,,,,,,,,,,,,,0xFF01FE,,
391,604,1,5000,4,,,"Gal'darah",,,,,,,,,,,,,,0xFF01FE,,
541,608,0,0,0,,,"Premier prisonnier",,,,,,,,,,,,,,0xFF01FE,,
542,608,1,1000,0,,,"Premier prisonnier",,,,,,,,,,,,,,0xFF01FE,,
543,608,0,1000,1,,,"Second prisonnier",,,,,,,,,,,,,,0xFF01FE,,
544,608,1,2000,1,,,"Second prisonnier",,,,,,,,,,,,,,0xFF01FE,,
545,608,0,2000,2,,,"Cyanigosa",,,,,,,,,,,,,,0xFF01FE,,
546,608,1,3000,2,,,"Cyanigosa",,,,,,,,,,,,,,0xFF01FE,,
740,615,0,-1000,2,,,"Vespéron",,,,,,,,,,,,,,0xFF01FE,,
736,615,0,0,0,,,"Ténébron",,,,,,,,,,,,,,0xFF01FE,,
741,615,1,0,2,,,"Vespéron",,,,,,,,,,,,,,0xFF01FE,,
737,615,1,1000,0,,,"Ténébron",,,,,,,,,,,,,,0xFF01FE,,
738,615,0,1000,1,,,"Obscuron",,,,,,,,,,,,,,0xFF01FE,,
739,615,1,2000,1,,,"Obscuron",,,,,,,,,,,,,,0xFF01FE,,
742,615,0,3000,3,,,"Sartharion",,,,,,,,,,,,,,0xFF01FE,,
743,615,1,4000,3,,,"Sartharion",,,,,,,,,,,,,,0xFF01FE,,
734,616,0,0,0,,,"Malygos",,,,,,,,,,,,,,0xFF01FE,,
735,616,1,1000,0,,,"Malygos",,,,,,,,,,,,,,0xFF01FE,,
212,619,0,0,0,,,"Ancien Nadox",,,,,,,,,,,,,,0xFF01FE,,
259,619,1,0,0,,,"Ancien Nadox",,,,,,,,,,,,,,0xFF01FE,,
213,619,0,1000,1,,,"Prince Taldaram",,,,,,,,,,,,,,0xFF01FE,,
260,619,1,1000,1,,,"Prince Taldaram",,,,,,,,,,,,,,0xFF01FE,,
214,619,0,2000,2,,,"Jedoga Cherchelombre",,,,,,,,,,,,,,0xFF01FE,,
261,619,1,2000,2,,,"Jedoga Cherchelombre",,,,,,,,,,,,,,0xFF01FE,,
215,619,0,3000,3,,,"Héraut Volazj",,,,,,,,,,,,,,0xFF01FE,,
262,619,1,3000,3,,,"Amanitar",,,,,,,,,,,,,,0xFF01FE,,
263,619,1,4000,4,,,"Héraut Volazj",,,,,,,,,,,,,,0xFF01FE,,
772,624,0,0,0,,,"Archavon le Gardien des pierres",,,,,,,,,,,,,,0xFF01FE,,
773,624,1,1000,0,,,"Archavon le Gardien des pierres",,,,,,,,,,,,,,0xFF01FE,,
774,624,0,1000,1,,,"Emalon le Guetteur d'orage",,,,,,,,,,,,,,0xFF01FE,,
775,624,1,2000,1,,,"Emalon le Guetteur d'orage",,,,,,,,,,,,,,0xFF01FE,,
776,624,0,2000,2,,,"Koralon le Veilleur des flammes",,,,,,,,,,,,,,0xFF01FE,,
777,624,1,3000,2,,,"Koralon le Veilleur des flammes",,,,,,,,,,,,,,0xFF01FE,,
885,624,0,3000,3,,,"Toravon la Sentinelle de glace",,,,,,,,,,,,,,0xFF01FE,,
886,624,1,4000,3,,,"Toravon la Sentinelle de glace",,,,,,,,,,,,,,0xFF01FE,,
845,631,0,0,0,,,"Seigneur Gargamoelle",,,,,,,,,,,,,,0xFF01FE,,
857,631,1,0,0,,,"Seigneur Gargamoelle",,,,,,,,,,,,,,0xFF01FE,,
846,631,0,1000,1,,,"Dame Murmemort",,,,,,,,,,,,,,0xFF01FE,,
858,631,1,1000,1,,,"Dame Murmemort",,,,,,,,,,,,,,0xFF01FE,,
847,631,0,2000,2,,,"Bataille des canonnières de la Couronne de glace",,,,,,,,,,,,,,0xFF01FE,,
859,631,1,2000,2,,,"Bataille des canonnières de la Couronne de glace",,,,,,,,,,,,,,0xFF01FE,,
848,631,0,3000,3,,,"Porte-mort Saurcroc",,,,,,,,,,,,,,0xFF01FE,,
860,631,1,3000,3,,,"Porte-mort Saurcroc",,,,,,,,,,,,,,0xFF01FE,,
849,631,0,4000,4,,,"Pulentraille",,,,,,,,,,,,,,0xFF01FE,,
861,631,1,4000,4,,,"Pulentraille",,,,,,,,,,,,,,0xFF01FE,,
850,631,0,5000,5,,,"Trognepus",,,,,,,,,,,,,,0xFF01FE,,
862,631,1,5000,5,,,"Trognepus",,,,,,,,,,,,,,0xFF01FE,,
851,631,0,6000,6,,,"Professeur Putricide",,,,,,,,,,,,,,0xFF01FE,,
863,631,1,6000,6,,,"Professeur Putricide",,,,,,,,,,,,,,0xFF01FE,,
852,631,0,7000,7,,,"Conseil de sang",,,,,,,,,,,,,,0xFF01FE,,
864,631,1,7000,7,,,"Conseil de sang",,,,,,,,,,,,,,0xFF01FE,,
853,631,0,8000,8,,,"Reine Lana'thel",,,,,,,,,,,,,,0xFF01FE,,
865,631,1,8000,8,,,"Reine Lana'thel",,,,,,,,,,,,,,0xFF01FE,,
854,631,0,9000,9,,,"Valithria Marcherêve",,,,,,,,,,,,,,0xFF01FE,,
866,631,1,9000,9,,,"Valithria Marcherêve",,,,,,,,,,,,,,0xFF01FE,,
855,631,0,10000,10,,,"Sindragosa",,,,,,,,,,,,,,0xFF01FE,,
867,631,1,10000,10,,,"Sindragosa",,,,,,,,,,,,,,0xFF01FE,,
856,631,0,11000,11,,,"Le roi-liche",,,,,,,,,,,,,,0xFF01FE,,
868,631,1,11000,11,,,"Le roi-liche",,,,,,,,,,,,,,0xFF01FE,,
829,632,0,0,0,,,"Bronjahm",,,,,,,,,,,,,,0xFF01FE,,
830,632,1,1000,0,,,"Bronjahm",,,,,,,,,,,,,,0xFF01FE,,
831,632,0,1000,1,,,"Dévoreur d'âmes",,,,,,,,,,,,,,0xFF01FE,,
832,632,1,2000,1,,,"Dévoreur d'âmes",,,,,,,,,,,,,,0xFF01FE,,
629,649,0,0,0,,,"Bêtes du Norfendre",,,,,,,,,,,,,,0xFF01FE,,
630,649,1,1000,0,,,"Bêtes du Norfendre",,,,,,,,,,,,,,0xFF01FE,,
633,649,0,1000,1,,,"Seigneur Jaraxxus",,,,,,,,,,,,,,0xFF01FE,,
631,649,2,2000,0,,,"Bêtes du Norfendre",,,,,,,,,,,,,,0xFF01FE,,
634,649,1,2000,1,,,"Seigneur Jaraxxus",,,,,,,,,,,,,,0xFF01FE,,
637,649,0,2000,2,,,"Champions de faction",,,,,,,,,,,,,,0xFF01FE,,
632,649,3,3000,0,,,"Bêtes du Norfendre",,,,,,,,,,,,,,0xFF01FE,,
635,649,2,3000,1,,,"Seigneur Jaraxxus",,,,,,,,,,,,,,0xFF01FE,,
638,649,1,3000,2,,,"Champions de faction",,,,,,,,,,,,,,0xFF01FE,,
641,649,0,3000,3,,,"Les jumelles val'kyrs",,,,,,,,,,,,,,0xFF01FE,,
636,649,3,4000,1,,,"Seigneur Jaraxxus",,,,,,,,,,,,,,0xFF01FE,,
639,649,2,4000,2,,,"Champions de faction",,,,,,,,,,,,,,0xFF01FE,,
642,649,1,4000,3,,,"Les jumelles val'kyrs",,,,,,,,,,,,,,0xFF01FE,,
645,649,0,4000,4,,,"Anub'arak",,,,,,,,,,,,,,0xFF01FE,,
640,649,3,5000,2,,,"Champions de faction",,,,,,,,,,,,,,0xFF01FE,,
643,649,2,5000,3,,,"Les jumelles val'kyrs",,,,,,,,,,,,,,0xFF01FE,,
646,649,1,5000,4,,,"Anub'arak",,,,,,,,,,,,,,0xFF01FE,,
644,649,3,6000,3,,,"Les jumelles val'kyrs",,,,,,,,,,,,,,0xFF01FE,,
647,649,2,6000,4,,,"Anub'arak",,,,,,,,,,,,,,0xFF01FE,,
648,649,3,7000,4,,,"Anub'arak",,,,,,,,,,,,,,0xFF01FE,,
334,650,0,0,0,,,"Grands champions",,,,,,,,,,,,,,0xFF01FE,,
336,650,1,1000,0,,,"Grands champions",,,,,,,,,,,,,,0xFF01FE,,
338,650,0,1000,1,,,"Champion d'argent",,,,,,,,,,,,,,0xFF01FE,,
339,650,1,2000,1,,,"Champion d'argent",,,,,,,,,,,,,,0xFF01FE,,
340,650,0,2000,2,,,"Le Chevalier noir",,,,,,,,,,,,,,0xFF01FE,,
341,650,1,3000,2,,,"Le Chevalier noir",,,,,,,,,,,,,,0xFF01FE,,
833,658,0,0,0,,,"Maître-forge Gargivre",,,,,,,,,,,,,,0xFF01FE,,
834,658,1,1000,0,,,"Maître-forge Gargivre",,,,,,,,,,,,,,0xFF01FE,,
835,658,0,1000,1,,,"Krick",,,,,,,,,,,,,,0xFF01FE,,
836,658,1,2000,1,,,"Krick",,,,,,,,,,,,,,0xFF01FE,,
837,658,0,2000,2,,,"Seigneur Tyrannus",,,,,,,,,,,,,,0xFF01FE,,
838,658,1,3000,2,,,"Seigneur Tyrannus",,,,,,,,,,,,,,0xFF01FE,,
842,668,1,0,1,,,"Falric",,,,,,,,,,,,,,0xFF01FE,,
841,668,0,500,1,,,"Falric",,,,,,,,,,,,,,0xFF01FE,,
840,668,1,1000,0,,,"Marwyn",,,,,,,,,,,,,,0xFF01FE,,
839,668,0,1500,0,,,"Marwyn",,,,,,,,,,,,,,0xFF01FE,,
843,668,0,2000,2,,,"Échappé à Arthas",,,,,,,,,,,,,,0xFF01FE,,
844,668,1,3000,2,,,"Échappé à Arthas",,,,,,,,,,,,,,0xFF01FE,,
889,724,1,-1000,1,,,"Baltharus l'Enfant de la guerre",,,,,,,,,,,,,,0xFF01FE,,
890,724,0,-1000,1,,,"Baltharus l'Enfant de la guerre",,,,,,,,,,,,,,0xFF01FE,,
891,724,0,-500,2,,,"Saviana Ragefeu",,,,,,,,,,,,,,0xFF01FE,,
892,724,1,-500,2,,,"Saviana Ragefeu",,,,,,,,,,,,,,0xFF01FE,,
893,724,0,-250,3,,,"Général Zarithrian",,,,,,,,,,,,,,0xFF01FE,,
894,724,1,-250,3,,,"Général Zarithrian",,,,,,,,,,,,,,0xFF01FE,,
887,724,0,0,0,,,"Halion",,,,,,,,,,,,,,0xFF01FE,,
888,724,1,0,0,,,"Halion",,,,,,,,,,,,,,0xFF01FE,,
