long,long,long,long,float,
1329,0,22841,31,-10000.0,
1325,0,22842,31,-10000.0,
1324,0,22843,31,-10000.0,
1327,0,22848,31,-10000.0,
1328,0,22849,31,-10000.0,
1326,0,22850,31,-10000.0,
1323,0,22881,31,-10000.0,
1542,533,19866,57,-10000.0,
1530,533,19867,57,-10000.0,
1531,533,19868,57,-10000.0,
1535,533,19869,57,-10000.0,
1538,533,19870,57,-10000.0,
1541,533,19871,57,-10000.0,
1528,533,19872,57,-10000.0,
1529,533,19873,57,-10000.0,
1532,533,19874,57,-10000.0,
1514,533,19875,56,-10000.0,
1536,533,19877,57,-10000.0,
1523,533,19879,56,-10000.0,
1527,533,19880,57,-10000.0,
1533,533,19881,57,-10000.0,
1537,533,19883,57,-10000.0,
1543,533,19884,58,-10000.0,
1549,533,19885,58,-10000.0,
1550,533,19886,58,-10000.0,
1551,533,19887,58,-10000.0,
1552,533,19888,58,-10000.0,
1553,533,19889,58,-10000.0,
1555,533,19890,58,-10000.0,
1556,533,19892,58,-10000.0,
1522,533,19893,56,-10000.0,
1554,533,19896,58,-10000.0,
1512,533,19897,56,-10000.0,
1525,533,19898,56,-10000.0,
1520,533,19899,56,-10000.0,
1524,533,19900,56,-10000.0,
1516,533,19901,56,-10000.0,
1515,533,19902,56,-10000.0,
1517,533,19903,56,-10000.0,
1513,533,19904,56,-10000.0,
1518,533,19905,56,-10000.0,
1562,533,19906,59,-10000.0,
1563,533,19907,59,-10000.0,
1564,533,19908,59,-10000.0,
1565,533,19909,59,-10000.0,
1566,533,19910,59,-10000.0,
1567,533,19911,59,-10000.0,
1570,533,19913,59,-10000.0,
1571,533,19914,59,-10000.0,
1568,533,19916,59,-10000.0,
1559,533,19917,59,-10000.0,
1573,533,19918,59,-10000.0,
1560,533,19919,59,-10000.0,
1572,533,19920,59,-10000.0,
1569,533,19921,59,-10000.0,
1558,533,19922,59,-10000.0,
1561,533,19923,59,-10000.0,
1534,533,19924,57,-10000.0,
1540,533,19925,57,-10000.0,
1526,533,19926,57,-10000.0,
1539,533,19927,57,-10000.0,
1521,533,19929,56,-10000.0,
1519,533,19930,56,-10000.0,
1574,533,19931,60,-10000.0,
1544,533,19932,58,-10000.0,
1545,533,19933,58,-10000.0,
1546,533,19934,58,-10000.0,
1547,533,19935,58,-10000.0,
1548,533,19936,58,-10000.0,
1695,533,20064,73,-10000.0,
1557,533,20075,58,-10000.0,
1511,533,20076,56,-10000.0,
1694,533,20118,73,-10000.0,
1692,533,20119,73,-10000.0,
1693,533,20120,73,-10000.0,
1182,571,23935,27,0.0,
1183,571,23936,27,0.0,
1184,571,23940,27,0.0,
1185,571,23941,27,0.0,
1186,571,23942,27,0.0,
1179,571,23974,27,0.0,
1180,571,24042,27,0.0,
1153,571,24064,27,0.0,
1181,571,24069,27,0.0,
1204,571,24527,27,0.0,
1205,571,24529,27,0.0,
1206,571,24530,27,0.0,
1207,571,24536,27,0.0,
1208,571,24537,27,0.0,
1137,571,24539,26,0.0,
1138,571,24540,26,0.0,
1170,571,24552,27,0.0,
1171,571,24553,27,0.0,
1172,571,24554,27,0.0,
1173,571,24555,27,0.0,
1174,571,24556,27,0.0,
1175,571,24558,27,0.0,
1203,571,24573,27,0.0,
1193,571,24579,27,0.0,
1194,571,24584,27,0.0,
1165,571,24591,27,0.0,
1178,571,24609,27,0.0,
1189,571,24610,27,0.0,
1187,571,24615,27,0.0,
1188,571,24616,27,0.0,
1190,571,24647,27,0.0,
1191,571,24676,27,0.0,
1192,571,24677,27,0.0,
1168,571,24685,27,0.0,
1166,571,24693,27,0.0,
1167,571,24694,27,0.0,
1169,571,24704,27,0.0,
1225,571,24710,27,0.0,
1154,571,24711,27,0.0,
1155,571,24713,27,0.0,
1196,571,24717,27,0.0,
1197,571,24718,27,0.0,
1198,571,24719,27,0.0,
1199,571,24720,27,0.0,
1200,571,24722,27,0.0,
1201,571,24724,27,0.0,
1202,571,24725,27,0.0,
1156,571,24726,27,634.0,
1157,571,24727,27,0.0,
1176,571,24734,27,0.0,
1177,571,24735,27,0.0,
1195,571,24769,27,0.0,
1140,571,24815,27,0.0,
1141,571,24816,27,0.0,
1142,571,24819,27,0.0,
1143,571,24820,27,0.0,
1144,571,24821,27,0.0,
1145,571,24822,27,0.0,
1146,571,24823,27,0.0,
1147,571,24824,27,0.0,
1148,571,24825,27,0.0,
1149,571,24826,27,0.0,
1150,571,24827,27,0.0,
1151,571,24828,27,0.0,
1152,571,24829,27,0.0,
1158,571,24850,27,0.0,
1159,571,24851,27,0.0,
1160,571,24939,27,0.0,
1161,571,24940,27,0.0,
1162,571,24941,27,0.0,
1163,571,24942,27,0.0,
1164,571,24943,27,0.0,
1267,571,25038,27,-10000.0,
1268,571,25039,27,-10000.0,
1269,571,25040,27,-10000.0,
1283,571,25041,27,-10000.0,
1249,571,25063,27,-10000.0,
1250,571,25064,27,-10000.0,
1251,571,25065,27,-10000.0,
1252,571,25066,27,-10000.0,
1253,571,25067,27,-10000.0,
1254,571,25068,27,-10000.0,
1259,571,25069,27,-10000.0,
1260,571,25070,27,-10000.0,
1261,571,25071,27,-10000.0,
1262,571,25072,27,-10000.0,
1263,571,25073,27,-10000.0,
1264,571,25074,27,-10000.0,
1265,571,25076,27,-10000.0,
1266,571,25077,27,-10000.0,
1255,571,25123,27,-10000.0,
1256,571,25131,27,-10000.0,
1275,571,25132,26,-10000.0,
1270,571,25133,27,-10000.0,
1276,571,25133,26,-10000.0,
1272,571,25134,26,-10000.0,
1271,571,25135,27,-10000.0,
1277,571,25135,26,-10000.0,
1274,571,25136,26,-10000.0,
1308,571,25136,27,-10000.0,
1273,571,25137,26,-10000.0,
1307,571,25137,27,-10000.0,
1258,571,25145,27,-10000.0,
1257,571,25177,27,-10000.0,
1300,571,25204,27,-10000.0,
1301,571,25205,27,-10000.0,
1296,571,25206,27,-10000.0,
1297,571,25207,27,-10000.0,
1298,571,25208,27,-10000.0,
1299,571,25209,27,-10000.0,
1295,571,25288,27,-10000.0,
1285,571,25320,27,-10000.0,
1289,571,25360,27,-10000.0,
1278,571,25367,27,-10000.0,
1281,571,25368,27,-10000.0,
1280,571,25369,27,-10000.0,
1282,571,25370,27,-10000.0,
1279,571,25371,27,-10000.0,
1287,571,25381,27,-10000.0,
1291,571,25383,27,-10000.0,
1288,571,25384,27,-10000.0,
1293,571,25406,27,-10000.0,
1294,571,25418,27,-10000.0,
1284,571,25419,27,-10000.0,
1302,571,25420,27,-10000.0,
1311,571,25430,26,-10000.0,
1312,571,25431,26,-10000.0,
1304,571,25436,27,-10000.0,
1305,571,25607,27,-10000.0,
1309,571,25607,26,-10000.0,
1306,571,25608,27,-10000.0,
1310,571,25608,26,-10000.0,
1292,571,25696,27,-10000.0,
1286,571,25768,27,-10000.0,
1303,571,25794,27,-10000.0,
1290,571,25808,27,-10000.0,
1317,571,25837,27,-10000.0,
1316,571,25838,27,-10000.0,
1318,571,25839,27,-10000.0,
1314,571,25840,27,-10000.0,
1319,571,25841,27,-10000.0,
1313,571,25868,27,-10000.0,
1320,571,25869,27,-10000.0,
1315,571,25870,27,-10000.0,
14,574,22841,1,-10000.0,
10,574,22842,1,-10000.0,
15,574,22843,1,-10000.0,
4,574,22848,1,-10000.0,
5,574,22849,1,-10000.0,
11,574,22850,1,-10000.0,
1456,574,22853,1,-10000.0,
16,574,22853,2,68.0,
8,574,22854,2,-10000.0,
1736,574,22854,41,155.0,
13,574,22855,41,-10000.0,
1459,574,22855,41,-10000.0,
12,574,22856,2,-10000.0,
9,574,22857,41,-10000.0,
1457,574,22857,41,-10000.0,
7,574,22881,1,-10000.0,
1710,574,22882,1,-10000.0,
3,574,22887,2,-10000.0,
1458,574,22887,41,136.0,
17,574,22887,41,156.0,
1584,574,23096,1,-10000.0,
1585,574,23097,41,-10000.0,
1443,575,22552,40,-10000.0,
1441,575,22619,40,-10000.0,
1434,575,22698,39,-10000.0,
1453,575,22698,40,80.0,
1432,575,22727,39,-10000.0,
1446,575,22799,40,-10000.0,
1587,575,23015,40,-10000.0,
1586,575,23016,40,-10000.0,
1435,575,23017,39,-10000.0,
1454,575,23017,40,76.0,
1447,575,23018,40,-10000.0,
1448,575,23019,40,-10000.0,
1449,575,23072,40,-10000.0,
1450,575,23083,40,-10000.0,
1445,575,23084,40,-10000.0,
1440,575,23094,40,-10000.0,
1442,575,23101,40,-10000.0,
1433,575,23102,39,-10000.0,
1430,575,23103,39,-10000.0,
1452,575,23103,40,77.0,
1431,575,23107,39,-10000.0,
1455,575,23107,40,92.0,
1428,575,23108,39,-10000.0,
1708,575,23108,40,102.0,
1451,575,23109,40,-10000.0,
1439,575,23128,40,-10000.0,
1429,575,23129,39,-10000.0,
1444,575,23202,40,-10000.0,
1437,575,25499,40,-10000.0,
1588,575,25500,40,-10000.0,
1116,576,22597,25,-10000.0,
1124,576,22598,25,-10000.0,
1117,576,23332,25,-10000.0,
1118,576,23333,25,-10000.0,
1128,576,23334,25,-10000.0,
1119,576,23335,25,-10000.0,
1129,576,23336,25,-10000.0,
1120,576,23337,25,-10000.0,
1130,576,23338,25,-10000.0,
1121,576,23339,25,-10000.0,
1122,576,23340,25,-10000.0,
1131,576,23441,25,-10000.0,
1123,576,23442,25,-10000.0,
1132,576,23443,25,-10000.0,
1127,576,23444,25,-10000.0,
1114,576,23473,25,-10000.0,
1115,576,23474,25,-10000.0,
1125,576,23545,25,-10000.0,
1126,576,23546,25,-10000.0,
1133,576,24024,25,-10000.0,
1134,576,24025,25,-10000.0,
1135,576,24026,25,-10000.0,
1136,576,24027,25,-10000.0,
1468,578,22730,45,-10000.0,
1697,578,23874,42,-10000.0,
1696,578,23875,42,-10000.0,
1472,578,24568,46,-10000.0,
1461,578,24598,42,-10000.0,
1465,578,24599,43,-10000.0,
1464,578,24600,43,-10000.0,
1463,578,24601,43,-10000.0,
1470,578,24602,45,-10000.0,
1471,578,24603,45,-10000.0,
1469,578,24604,45,-10000.0,
1467,578,24633,43,-10000.0,
1466,578,24635,42,-10000.0,
1462,578,24639,43,-10000.0,
1704,578,25366,46,-10000.0,
1355,595,23384,34,-10000.0,
1356,595,23385,34,-10000.0,
1357,595,23386,34,-10000.0,
1358,595,23387,34,-10000.0,
1359,595,23388,34,-10000.0,
1336,595,23389,34,-10000.0,
1360,595,23390,34,-10000.0,
1361,595,23391,34,-10000.0,
1337,595,23392,34,-10000.0,
1362,595,23393,34,-10000.0,
1338,595,23394,34,-10000.0,
1363,595,23395,34,-10000.0,
1339,595,23396,34,-10000.0,
1364,595,23397,34,-10000.0,
1340,595,23398,34,-10000.0,
1365,595,23399,34,-10000.0,
1341,595,23400,34,-10000.0,
1366,595,23401,34,-10000.0,
1367,595,23402,34,-10000.0,
1342,595,23403,34,-10000.0,
1368,595,23404,34,-10000.0,
1349,595,23424,34,-10000.0,
1333,595,23425,34,-10000.0,
1369,595,23428,34,-10000.0,
1350,595,23435,34,-10000.0,
1352,595,23436,34,-10000.0,
1332,595,23447,34,-10000.0,
1353,595,23448,34,-10000.0,
1343,595,23463,34,-10000.0,
1354,595,23464,34,-10000.0,
1371,595,23490,34,-10000.0,
1334,595,23499,34,-10000.0,
1370,595,23500,34,-10000.0,
1335,595,23501,34,-10000.0,
1345,595,23511,34,-10000.0,
1346,595,23512,34,-10000.0,
1344,595,23513,34,-10000.0,
1348,595,23538,34,-10000.0,
1347,595,23609,34,-10000.0,
1351,595,23610,34,-10000.0,
1492,599,23694,53,-10000.0,
1493,599,23697,53,-10000.0,
1494,599,23699,53,-10000.0,
1495,599,23818,53,-10000.0,
1496,599,23819,53,-10000.0,
1497,599,23953,53,-10000.0,
1499,599,23954,53,-10000.0,
1500,599,23957,53,-10000.0,
1501,599,23958,53,-10000.0,
1487,599,24073,53,-10000.0,
1488,599,24401,53,-10000.0,
1489,599,24402,53,-10000.0,
1490,599,24403,53,-10000.0,
1491,599,24404,53,-10000.0,
1498,599,25283,53,-10000.0,
1400,600,23718,37,-10000.0,
1407,600,23719,37,-10000.0,
1401,600,23720,37,-10000.0,
1397,600,23721,37,-10000.0,
1410,600,23810,37,-10000.0,
1418,600,23811,38,-10000.0,
1409,600,23812,37,-10000.0,
1408,600,23813,37,-10000.0,
1419,600,23839,38,-10000.0,
1398,600,23840,37,-10000.0,
1399,600,23841,37,-10000.0,
1414,600,23842,38,-10000.0,
1426,600,23842,37,-10000.0,
1405,600,23891,37,-10000.0,
1402,600,23893,37,-10000.0,
1404,600,23894,37,-10000.0,
1705,600,24101,38,-10000.0,
1706,600,24102,38,-10000.0,
1406,600,24103,37,-10000.0,
1707,600,24103,38,65.0,
1403,600,24104,37,-10000.0,
1424,600,24448,38,-10000.0,
1589,600,24455,37,-10000.0,
1411,600,24905,37,-10000.0,
1413,600,24992,38,-10000.0,
1425,600,24993,37,-10000.0,
1420,600,24993,38,31.0,
1698,600,25025,37,-10000.0,
1415,600,25030,38,-10000.0,
1427,600,25030,37,-10000.0,
1417,600,25031,38,-10000.0,
1412,600,25849,38,-10000.0,
1475,601,24549,49,-10000.0,
1734,601,24550,47,-10000.0,
1473,601,24879,47,-10000.0,
1474,601,25050,48,-10000.0,
1476,601,25050,49,727.0,
1711,601,25886,47,-10000.0,
1508,602,23999,55,-10000.0,
1504,602,24000,54,-10000.0,
1709,602,24000,55,56.0,
1502,602,24001,54,-10000.0,
1506,602,24001,55,37.0,
1509,602,24002,55,-10000.0,
1507,602,24003,55,-10000.0,
1510,602,24004,55,-10000.0,
1503,602,24479,54,-10000.0,
1505,602,24678,55,-10000.0,
1648,603,24075,69,-10000.0,
1647,603,24076,69,-10000.0,
1649,603,24077,69,-10000.0,
1645,603,24080,69,-10000.0,
1641,603,24082,69,-10000.0,
1644,603,24083,69,-10000.0,
1673,603,24084,71,250.0,
1664,603,24084,70,400.0,
1656,603,24086,70,-10000.0,
1661,603,24405,70,-10000.0,
1657,603,24436,70,-10000.0,
1658,603,24437,70,-10000.0,
1659,603,24438,70,-10000.0,
1660,603,24439,70,-10000.0,
1688,603,24441,70,-10000.0,
1653,603,24442,70,-10000.0,
1654,603,24443,70,-10000.0,
1667,603,24457,70,-10000.0,
1662,603,24458,70,-10000.0,
1665,603,24459,70,-10000.0,
1646,603,24460,69,-10000.0,
1670,603,24669,70,-10000.0,
1663,603,24771,70,-10000.0,
1650,603,25884,70,-10000.0,
1687,603,25884,71,250.0,
1668,603,25891,70,-10000.0,
1655,603,25903,70,-10000.0,
1674,603,25905,71,250.0,
1643,603,25906,69,-10000.0,
1672,603,25928,71,250.0,
1642,603,25929,69,-10000.0,
1689,603,25931,70,-10000.0,
1691,603,25932,70,-10000.0,
1690,603,25933,70,-10000.0,
1719,603,25934,70,-10000.0,
1677,603,25944,72,-10000.0,
1720,603,25945,70,-10000.0,
1681,603,25960,72,-10000.0,
1685,603,25961,72,-10000.0,
1679,603,25962,72,-10000.0,
1683,603,25963,72,-10000.0,
1676,603,25973,72,-10000.0,
1669,603,25998,70,-10000.0,
1749,603,26003,98,0.0,
1750,603,26004,98,0.0,
1752,603,26005,98,0.0,
1751,603,26006,98,0.0,
1671,603,26048,71,250.0,
1737,603,26083,71,250.0,
1746,603,26204,70,-10000.0,
1745,603,26205,70,-10000.0,
1375,604,24860,36,-10000.0,
1376,604,24889,36,-10000.0,
1385,604,24946,36,-10000.0,
1386,604,24947,36,-10000.0,
1387,604,25049,36,-10000.0,
1388,604,25058,36,-10000.0,
1373,604,25060,36,-10000.0,
1374,604,25061,36,-10000.0,
1394,604,25103,36,-10000.0,
1377,604,25146,36,-10000.0,
1378,604,25147,36,-10000.0,
1379,604,25148,36,-10000.0,
1380,604,25149,36,-10000.0,
1381,604,25150,36,-10000.0,
1382,604,25151,36,-10000.0,
1383,604,25263,36,-10000.0,
1384,604,25264,36,-10000.0,
1389,604,25349,36,-10000.0,
1390,604,25434,36,-10000.0,
1391,604,25435,36,-10000.0,
1392,604,25805,36,-10000.0,
1393,604,25806,36,-10000.0,
1395,604,25842,36,-10000.0,
1396,604,25843,36,-10000.0,
1486,608,25154,52,-10000.0,
1575,616,24890,61,-10000.0,
1479,619,25245,50,-10000.0,
1699,619,25246,50,-10000.0,
1480,619,25247,50,-10000.0,
1700,619,25248,50,-10000.0,
1477,619,25259,50,-10000.0,
1478,619,25261,50,-10000.0,
1481,619,25318,50,-10000.0,
1701,619,25372,50,-10000.0,
1702,619,25486,50,-10000.0,
1703,619,26079,50,-10000.0,
1822,624,25740,63,-10000.0,
1576,624,25741,63,-10000.0,
1577,624,25742,63,-10000.0,
1821,624,25745,63,-10000.0,
1812,624,25746,63,-10000.0,
1582,624,25747,63,-10000.0,
1819,624,26038,63,-10000.0,
1820,624,26039,63,-10000.0,
1739,624,26432,63,0.0,
1738,624,26433,63,0.0,
1813,624,28162,63,-10000.0,
1818,624,28163,63,-10000.0,
1816,624,28164,63,-10000.0,
1814,624,28165,63,-10000.0,
1817,624,28166,63,-10000.0,
1815,624,28167,63,-10000.0,
1767,631,26227,103,0.0,
1769,631,26277,103,0.0,
1768,631,26295,103,0.0,
1774,631,26434,105,535.0,
1811,631,26438,109,0.0,
1786,631,26452,107,351.0,
1783,631,26454,107,364.0,
1775,631,26457,106,202.0,
1794,631,26470,107,351.0,
1797,631,26471,107,360.0,
1787,631,26472,107,344.0,
1799,631,26479,107,389.0,
1798,631,26480,107,360.0,
1796,631,26481,107,360.0,
1795,631,26484,107,360.0,
1801,631,26527,107,361.0,
1810,631,26527,108,400.0,
1808,631,26529,108,384.0,
1800,631,26530,107,350.0,
1802,631,26532,107,361.0,
1805,631,26532,108,375.0,
1809,631,26533,108,384.0,
1807,631,26534,108,384.0,
1806,631,26535,108,384.0,
1803,631,26536,107,361.0,
1804,631,26536,108,375.0,
1776,631,26589,106,203.0,
1772,631,26626,104,190.0,
1770,631,26627,103,0.0,
1771,631,26628,104,103.0,
1773,631,26629,105,535.0,
1785,631,26669,107,358.0,
1784,631,26740,107,358.0,
1778,631,26741,106,203.0,
1781,631,26741,107,325.0,
1793,631,26742,107,350.0,
1792,631,26743,107,353.0,
1791,631,26744,107,353.0,
1790,631,26746,107,350.0,
1788,631,27050,107,358.0,
1782,631,27051,107,365.0,
1777,631,27052,106,203.0,
1780,631,27052,107,325.0,
1779,631,27333,106,203.0,
1789,631,27684,107,355.0,
1823,631,28228,110,0.0,
1825,631,28360,109,0.0,
1824,631,28388,110,190.0,
1826,631,28402,103,0.0,
1827,631,28411,108,384.0,
1828,631,28150,109,0.0,
1829,631,28151,109,0.0,
1758,632,26199,101,0.0,
1759,632,26217,101,0.0,
1760,632,26314,101,0.0,
1761,632,26315,101,0.0,
1757,632,27053,101,0.0,
1741,649,26333,94,200.0,
1748,649,26336,95,0.0,
1742,649,26337,95,0.0,
1755,649,26661,100,200.0,
1756,649,26662,100,200.0,
1743,650,26333,96,200.0,
1753,650,26661,99,200.0,
1754,650,26662,99,200.0,
1763,668,27662,102,0.0,
1762,668,27663,102,0.0,
1764,668,27664,102,0.0,
1765,668,27665,102,0.0,
1766,668,27666,102,0.0,
2130,33,1338,148,-10000.0,
2049,33,1339,142,-10000.0,
3881,33,1340,142,-10000.0,
2059,33,1341,142,-10000.0,
2057,33,1343,142,-10000.0,
2058,33,1344,142,-10000.0,
2056,33,1345,142,-10000.0,
2055,33,1346,142,-10000.0,
2129,33,1347,148,-10000.0,
2131,33,1348,148,-10000.0,
2132,33,1349,148,-10000.0,
2051,33,1350,142,-10000.0,
2048,33,1351,142,-10000.0,
2050,33,1352,142,-10000.0,
2052,33,1353,142,-10000.0,
2046,33,1354,142,-10000.0,
2047,33,1355,142,-10000.0,
2128,33,1357,148,-10000.0,
2096,33,1359,143,-10000.0,
2061,33,1360,142,-10000.0,
2065,33,1361,142,-10000.0,
2066,33,1362,142,-10000.0,
2070,33,1363,142,-10000.0,
2068,33,1364,142,-10000.0,
2069,33,1365,142,-10000.0,
2067,33,1366,142,-10000.0,
2062,33,1367,142,-10000.0,
2063,33,1368,142,-10000.0,
2064,33,1369,142,-10000.0,
2071,33,1370,142,-10000.0,
2072,33,1371,142,-10000.0,
4162,33,1372,142,-10000.0,
2076,33,1373,142,-10000.0,
2077,33,1374,142,-10000.0,
4163,33,1375,148,-10000.0,
2135,33,1376,148,-10000.0,
2045,33,1377,142,-10000.0,
2113,33,1379,146,-10000.0,
2098,33,1380,144,-10000.0,
2105,33,1380,145,127.0,
2099,33,1381,144,-10000.0,
2100,33,1382,144,-10000.0,
2102,33,1383,144,-10000.0,
2103,33,1384,144,-10000.0,
2101,33,1385,144,-10000.0,
2106,33,1386,145,-10000.0,
2107,33,1387,145,-10000.0,
2108,33,1388,145,-10000.0,
2109,33,1389,145,-10000.0,
2110,33,1390,145,-10000.0,
2112,33,1390,146,137.0,
2114,33,1391,146,-10000.0,
2115,33,1392,146,-10000.0,
2116,33,1393,146,-10000.0,
2117,33,1394,146,-10000.0,
2134,33,1394,147,-10000.0,
2104,33,1395,145,-10000.0,
2111,33,1395,146,136.0,
2120,33,1396,147,-10000.0,
2119,33,1397,147,150.0,
2094,33,1398,143,-10000.0,
2093,33,1399,143,-10000.0,
2054,33,1400,142,-10000.0,
2095,33,1401,143,-10000.0,
2060,33,1402,142,-10000.0,
2073,33,1403,142,-10000.0,
2074,33,1404,142,-10000.0,
2075,33,1405,142,-10000.0,
2124,33,1406,148,-10000.0,
2125,33,1407,148,-10000.0,
2126,33,1408,148,-10000.0,
2127,33,1409,148,-10000.0,
2133,33,1410,148,-10000.0,
2097,33,1410,144,100.0,
2053,33,1411,142,-10000.0,
2121,33,5542,148,-10000.0,
2122,33,5543,148,-10000.0,
2080,33,5544,142,-10000.0,
2123,33,5544,148,-10000.0,
4065,34,2810,165,-10000.0,
4076,34,2811,165,-10000.0,
4074,34,2812,165,-10000.0,
4075,34,2813,165,-10000.0,
4077,34,2814,165,-10000.0,
4072,34,2815,165,-10000.0,
4071,34,2817,165,-10000.0,
4070,34,2818,165,-10000.0,
4067,34,2819,165,-10000.0,
4068,34,2820,165,-10000.0,
4078,34,2821,165,-10000.0,
4080,34,2822,165,-10000.0,
4079,34,2823,165,-10000.0,
4081,34,2824,165,-10000.0,
4066,34,2825,165,-10000.0,
4069,34,2826,165,-10000.0,
4073,34,2827,165,-10000.0,
2503,34,2828,165,-10000.0,
2484,34,2829,165,-10000.0,
2488,34,2830,165,-10000.0,
2489,34,2831,165,-10000.0,
2504,34,2832,165,-10000.0,
2490,34,2833,165,-10000.0,
2505,34,2834,165,-10000.0,
2491,34,2835,165,-10000.0,
2506,34,2836,165,-10000.0,
2492,34,2837,165,-10000.0,
2487,34,2838,165,-10000.0,
2507,34,2839,165,-10000.0,
2493,34,2840,165,-10000.0,
2508,34,2841,165,-10000.0,
2494,34,2842,165,-10000.0,
2509,34,2843,165,-10000.0,
2495,34,2844,165,-10000.0,
2510,34,2845,165,-10000.0,
2485,34,2846,165,-10000.0,
2496,34,2847,165,-10000.0,
2511,34,2848,165,-10000.0,
2497,34,2849,165,-10000.0,
2512,34,2850,165,-10000.0,
2498,34,2851,165,-10000.0,
2513,34,2852,165,-10000.0,
2499,34,2853,165,-10000.0,
2514,34,2854,165,-10000.0,
2486,34,2855,165,-10000.0,
2500,34,2856,165,-10000.0,
2502,34,2857,165,-10000.0,
2501,34,2858,165,-10000.0,
4082,34,7262,165,-10000.0,
4083,34,7263,165,-10000.0,
4084,34,7264,165,-10000.0,
4085,34,7265,165,-10000.0,
4086,34,7266,165,-10000.0,
4087,34,7267,165,-10000.0,
4088,34,7268,165,-10000.0,
4089,34,7269,165,-10000.0,
4090,34,7270,165,-10000.0,
2521,36,193,166,-10000.0,
2524,36,194,166,-10000.0,
2528,36,195,166,-10000.0,
2527,36,196,166,-10000.0,
2518,36,197,166,-10000.0,
2520,36,198,166,-10000.0,
2522,36,199,166,-10000.0,
2525,36,200,166,-10000.0,
2517,36,201,166,-10000.0,
2519,36,202,166,-10000.0,
2523,36,203,166,-10000.0,
2526,36,205,166,-10000.0,
2535,36,206,167,-10000.0,
2536,36,207,167,-10000.0,
2537,36,209,167,-10000.0,
2543,36,210,167,-10000.0,
2531,36,211,166,-10000.0,
2532,36,212,166,-10000.0,
2530,36,213,166,-10000.0,
2534,36,214,167,-10000.0,
2533,36,214,166,27.0,
2541,36,227,167,-10000.0,
2540,36,233,167,-10000.0,
2538,36,239,167,-10000.0,
2516,36,240,166,-10000.0,
2544,36,245,167,-10000.0,
2529,36,246,166,-10000.0,
2539,36,12510,167,-10000.0,
2542,36,12511,167,-10000.0,
1209,43,3314,28,-10000.0,
1218,43,3315,28,-10000.0,
1210,43,3316,28,-10000.0,
1219,43,3317,28,-10000.0,
1211,43,3318,28,-10000.0,
1220,43,3319,28,-10000.0,
1212,43,3320,28,-10000.0,
1213,43,3321,28,-10000.0,
1221,43,3322,28,-10000.0,
1217,43,3323,28,-10000.0,
1222,43,3324,28,-10000.0,
1214,43,3325,28,-10000.0,
1223,43,3326,28,-10000.0,
1215,43,3327,28,-10000.0,
1216,43,3328,28,-10000.0,
1224,43,3330,28,-10000.0,
1244,43,3332,28,-10000.0,
1234,43,3333,28,-10000.0,
1235,43,3334,28,-10000.0,
1236,43,3335,28,-10000.0,
1245,43,3336,28,-10000.0,
1246,43,3337,28,-10000.0,
1247,43,3342,28,-10000.0,
1248,43,3343,28,-10000.0,
1229,43,5692,28,-10000.0,
1243,43,5693,28,-10000.0,
1226,43,6384,28,-10000.0,
1239,43,6416,28,-10000.0,
1227,43,6417,28,-10000.0,
1230,43,6418,28,-10000.0,
1240,43,6419,28,-10000.0,
1231,43,6420,28,-10000.0,
1241,43,6421,28,-10000.0,
1232,43,6422,28,-10000.0,
1242,43,6423,28,-10000.0,
1233,43,6424,28,-10000.0,
1228,43,6680,28,-10000.0,
2140,47,2235,149,-10000.0,
2137,47,2236,149,-10000.0,
2139,47,2237,149,-10000.0,
2154,47,2238,149,-10000.0,
2146,47,2239,149,-10000.0,
2141,47,2240,149,-10000.0,
2142,47,2241,149,-10000.0,
2147,47,2242,149,-10000.0,
2155,47,2243,149,-10000.0,
2148,47,2244,149,-10000.0,
2156,47,2245,149,-10000.0,
2149,47,2246,149,-10000.0,
2138,47,2247,149,-10000.0,
2157,47,2248,149,-10000.0,
2150,47,2249,149,-10000.0,
2158,47,2250,149,-10000.0,
2151,47,2251,149,-10000.0,
2136,47,2252,149,-10000.0,
2152,47,2253,149,-10000.0,
2143,47,2255,149,-10000.0,
2153,47,2256,149,-10000.0,
2145,47,2257,149,-10000.0,
2144,47,2258,149,-10000.0,
2160,47,2259,149,-10000.0,
2159,47,2260,149,-10000.0,
2482,48,334,162,-10000.0,
2454,48,335,162,-10000.0,
2456,48,336,162,-10000.0,
2455,48,337,162,-10000.0,
2460,48,338,162,-10000.0,
2459,48,339,162,-10000.0,
2458,48,340,162,-10000.0,
2457,48,341,162,-10000.0,
2462,48,342,162,-10000.0,
2463,48,343,162,-10000.0,
2464,48,344,162,-10000.0,
2465,48,345,162,-10000.0,
2466,48,346,162,-10000.0,
2467,48,347,162,-10000.0,
2470,48,348,163,-10000.0,
2471,48,349,163,-10000.0,
2472,48,350,163,-10000.0,
2473,48,351,163,-10000.0,
2477,48,352,163,-10000.0,
2478,48,353,163,-10000.0,
2475,48,354,163,-10000.0,
2476,48,355,163,-10000.0,
2479,48,355,164,-10000.0,
2474,48,356,163,-10000.0,
2483,48,357,162,-10000.0,
2461,48,358,162,-10000.0,
2631,70,1259,171,-10000.0,
2607,70,1260,171,-10000.0,
2632,70,1261,171,-10000.0,
2608,70,1262,171,-10000.0,
2588,70,1263,171,-10000.0,
2609,70,1264,171,-10000.0,
2610,70,1265,171,-10000.0,
2589,70,1266,171,-10000.0,
2822,70,1267,180,-10000.0,
2582,70,1268,171,-10000.0,
2819,70,1269,180,-10000.0,
2612,70,1270,171,-10000.0,
2613,70,1271,171,-10000.0,
2591,70,1272,171,-10000.0,
2614,70,1273,171,-10000.0,
2592,70,1274,171,-10000.0,
2615,70,1275,171,-10000.0,
2616,70,1276,171,-10000.0,
2593,70,1277,171,-10000.0,
2617,70,1278,171,-10000.0,
2603,70,1279,171,-10000.0,
2594,70,1280,171,-10000.0,
2618,70,1281,171,-10000.0,
2595,70,1282,171,-10000.0,
2619,70,1283,171,-10000.0,
2620,70,1284,171,-10000.0,
2823,70,1284,180,-10000.0,
2596,70,1285,171,-10000.0,
2621,70,1286,171,-10000.0,
2597,70,1287,171,-10000.0,
2820,70,1288,180,-10000.0,
2583,70,1289,171,-10000.0,
2821,70,1290,180,-10000.0,
2623,70,1291,171,-10000.0,
2624,70,1292,171,-10000.0,
2599,70,1293,171,-10000.0,
2625,70,1294,171,-10000.0,
2626,70,1295,171,-10000.0,
2600,70,1296,171,-10000.0,
2627,70,1297,171,-10000.0,
2601,70,1298,171,-10000.0,
2584,70,1299,171,-10000.0,
2628,70,1300,171,-10000.0,
2602,70,1301,171,-10000.0,
2629,70,1302,171,-10000.0,
2630,70,1303,171,-10000.0,
2587,70,6174,171,-10000.0,
2604,70,8105,171,-10000.0,
2585,70,8106,171,-10000.0,
2605,70,8107,171,-10000.0,
2586,70,8108,171,-10000.0,
2606,70,8109,171,-10000.0,
2655,90,1104,172,-10000.0,
2561,90,1105,169,-10000.0,
2661,90,1106,169,-10000.0,
2562,90,1107,169,-10000.0,
2563,90,1108,169,-10000.0,
2564,90,1109,169,-10000.0,
2565,90,1110,169,-10000.0,
2566,90,1111,169,-10000.0,
2567,90,1112,169,-10000.0,
2550,90,1113,168,-10000.0,
2549,90,1114,168,-10000.0,
2548,90,1115,168,-10000.0,
2547,90,1116,168,-10000.0,
2558,90,1117,169,-10000.0,
2665,90,1117,168,-10000.0,
4095,90,1118,169,-10000.0,
2556,90,1119,168,-10000.0,
4097,90,1119,169,-10000.0,
2554,90,1120,168,-10000.0,
2557,90,1121,169,-10000.0,
2559,90,1122,169,-10000.0,
2552,90,1122,168,-180.0,
4099,90,1123,169,-10000.0,
4096,90,1124,169,-10000.0,
4101,90,1125,169,-10000.0,
2553,90,1127,168,-10000.0,
2551,90,1129,168,-10000.0,
2560,90,1130,169,-10000.0,
2555,90,1131,168,-10000.0,
4103,90,1131,169,-10000.0,
4098,90,1132,169,-10000.0,
4100,90,1133,169,-10000.0,
4102,90,1134,169,-10000.0,
2641,90,1135,170,-10000.0,
2643,90,1135,172,-10000.0,
2570,90,1137,169,-10000.0,
2572,90,1138,170,-10000.0,
2569,90,1139,169,-10000.0,
2571,90,1140,169,-10000.0,
2660,90,1141,172,-10000.0,
2656,90,1142,172,-10000.0,
2654,90,1143,172,-10000.0,
2652,90,1145,172,-10000.0,
2650,90,1146,172,-10000.0,
2648,90,1147,172,-10000.0,
2646,90,1148,172,-10000.0,
2642,90,1149,170,-10000.0,
2644,90,1149,172,-10000.0,
2647,90,1151,172,-10000.0,
2653,90,1152,172,-10000.0,
2657,90,1153,172,-10000.0,
2659,90,1154,172,-10000.0,
2575,90,1155,170,-10000.0,
2580,90,1156,170,-10000.0,
2581,90,1157,170,-10000.0,
2573,90,1158,170,-10000.0,
2574,90,1159,170,-10000.0,
2578,90,1160,170,-10000.0,
2576,90,1161,170,-10000.0,
2633,90,1162,170,-10000.0,
2568,90,1166,169,-10000.0,
2651,90,1167,172,-10000.0,
2649,90,1168,172,-10000.0,
2645,90,1169,172,-10000.0,
2658,90,1170,172,-10000.0,
2545,90,1172,168,-10000.0,
2546,90,6957,168,-10000.0,
2640,90,7187,170,-10000.0,
2634,90,7188,170,-10000.0,
2579,90,7189,170,-10000.0,
2635,90,7190,170,-10000.0,
2639,90,7191,170,-10000.0,
2636,90,7192,170,-10000.0,
2637,90,7193,170,-10000.0,
2638,90,7194,170,-10000.0,
2662,90,18695,170,-10000.0,
2664,90,18696,170,-10000.0,
2663,90,18697,170,-10000.0,
2577,90,18698,170,-10000.0,
2749,109,5195,176,-10000.0,
2747,109,5202,176,-10000.0,
2752,109,5206,176,-10000.0,
2750,109,5207,176,-10000.0,
2740,109,5208,176,-10000.0,
2745,109,5209,176,-10000.0,
2743,109,5210,176,-10000.0,
2739,109,5211,176,-10000.0,
2746,109,5252,176,-10000.0,
2751,109,5253,176,-10000.0,
2744,109,5254,176,-10000.0,
2753,109,5255,176,-10000.0,
2754,109,5256,176,-10000.0,
2741,109,5259,176,-10000.0,
2742,109,5260,176,-10000.0,
2721,109,5192,177,-10000.0,
2722,109,5193,177,-10000.0,
2723,109,5196,177,-10000.0,
2724,109,5197,177,-10000.0,
2725,109,5198,177,-10000.0,
2726,109,5199,177,-10000.0,
2727,109,5203,177,-10000.0,
2728,109,5204,177,-10000.0,
2729,109,5291,177,-10000.0,
2730,109,5292,177,-10000.0,
2731,109,5294,177,-10000.0,
2732,109,5295,177,-10000.0,
2733,109,5298,177,-10000.0,
2734,109,5303,177,-10000.0,
2735,109,5304,177,-10000.0,
2736,109,5305,177,-10000.0,
2737,109,5307,177,-10000.0,
2738,109,5315,177,-10000.0,
2679,109,5190,178,-10000.0,
2680,109,5191,178,-10000.0,
2681,109,5194,178,-10000.0,
2682,109,5200,178,-10000.0,
2683,109,5205,178,-10000.0,
2684,109,5261,178,-10000.0,
2685,109,5263,178,-10000.0,
2686,109,5264,178,-10000.0,
2687,109,5267,178,-10000.0,
2688,109,5268,178,-10000.0,
2689,109,5269,178,-10000.0,
2690,109,5270,178,-10000.0,
2691,109,5271,178,-10000.0,
2692,109,5272,178,-10000.0,
2693,109,5273,178,-10000.0,
2694,109,5274,178,-10000.0,
2695,109,5275,178,-10000.0,
2696,109,5276,178,-10000.0,
2697,109,5277,178,-10000.0,
2698,109,5278,178,-10000.0,
2699,109,5279,178,-10000.0,
2700,109,5280,178,-10000.0,
2701,109,5281,178,-10000.0,
2702,109,5282,178,-10000.0,
2703,109,5283,178,-10000.0,
2704,109,5284,178,-10000.0,
2705,109,5285,178,-10000.0,
2706,109,5286,178,-10000.0,
2707,109,5287,178,-10000.0,
2708,109,5288,178,-10000.0,
2709,109,5290,178,-10000.0,
2710,109,5296,178,-10000.0,
2711,109,5297,178,-10000.0,
2712,109,5299,178,-10000.0,
2713,109,5301,178,-10000.0,
2714,109,5306,178,-10000.0,
2715,109,5308,178,-10000.0,
2716,109,5309,178,-10000.0,
2717,109,5310,178,-10000.0,
2718,109,5311,178,-10000.0,
2719,109,5312,178,-10000.0,
2720,109,5313,178,-10000.0,
2161,129,5911,150,-10000.0,
2167,129,5912,150,-10000.0,
2162,129,5913,150,-10000.0,
2168,129,5914,150,-10000.0,
2163,129,5915,150,-10000.0,
2169,129,5916,150,-10000.0,
2164,129,5917,150,-10000.0,
2166,129,5918,150,-10000.0,
2170,129,5919,150,-10000.0,
2171,129,5923,150,-10000.0,
2165,129,5924,150,-10000.0,
1996,189,7874,137,-10000.0,
2007,189,7875,137,-10000.0,
1997,189,7876,137,-10000.0,
2008,189,7877,137,-10000.0,
1998,189,7878,137,-10000.0,
2009,189,7879,137,-10000.0,
2811,189,7883,137,-10000.0,
2018,189,7884,137,-10000.0,
2000,189,7885,137,-10000.0,
2011,189,7886,137,-10000.0,
2012,189,7887,137,-10000.0,
2001,189,7888,137,-10000.0,
1994,189,7889,137,-10000.0,
2815,189,7890,137,-10000.0,
2812,189,7891,137,-10000.0,
2816,189,7892,137,-10000.0,
2813,189,7893,137,-10000.0,
2817,189,7894,137,-10000.0,
2814,189,7895,137,-10000.0,
2818,189,7896,137,-10000.0,
4110,189,7897,137,-10000.0,
2005,189,7898,137,-10000.0,
2017,189,7899,137,-10000.0,
2006,189,7900,137,-10000.0,
2802,189,7901,179,-10000.0,
2803,189,7903,179,-10000.0,
2794,189,7904,179,-10000.0,
2804,189,7905,179,-10000.0,
2805,189,7906,179,-10000.0,
2790,189,7907,179,-10000.0,
2795,189,7908,179,-10000.0,
2796,189,7910,179,-10000.0,
2806,189,7911,179,-10000.0,
2797,189,7912,179,-10000.0,
2807,189,7913,179,-10000.0,
4109,189,7914,179,-10000.0,
2808,189,7915,179,-10000.0,
2798,189,7916,179,-10000.0,
2791,189,7917,179,-10000.0,
2809,189,7918,179,-10000.0,
2799,189,7919,179,-10000.0,
2810,189,7920,179,-10000.0,
2800,189,7921,179,-10000.0,
4063,189,7923,140,-10000.0,
2044,189,7924,140,-10000.0,
2038,189,7925,140,-10000.0,
2027,189,7926,140,-10000.0,
2030,189,7927,140,-10000.0,
2028,189,7928,140,-10000.0,
2031,189,7929,140,-10000.0,
4062,189,7930,140,-10000.0,
2032,189,7932,140,-10000.0,
2029,189,7933,140,-10000.0,
2039,189,7934,140,-10000.0,
2033,189,7935,140,-10000.0,
2040,189,7936,140,-10000.0,
4064,189,7937,140,-10000.0,
2034,189,7938,140,-10000.0,
2041,189,7939,140,-10000.0,
2035,189,7940,140,-10000.0,
2042,189,7941,140,-10000.0,
2043,189,7943,140,-10000.0,
2036,189,7944,140,-10000.0,
2037,189,7947,140,-10000.0,
2771,189,7949,141,-10000.0,
2772,189,7951,141,-10000.0,
2782,189,7952,141,-10000.0,
2773,189,7953,141,-10000.0,
2783,189,7954,141,-10000.0,
2774,189,7955,141,-10000.0,
2784,189,7956,141,-10000.0,
2775,189,7957,141,-10000.0,
2785,189,7958,141,-10000.0,
2776,189,7959,141,-10000.0,
2786,189,7960,141,-10000.0,
2777,189,7961,141,-10000.0,
2787,189,7962,141,-10000.0,
2778,189,7963,141,-10000.0,
2801,189,7968,179,-10000.0,
4108,189,8548,179,-10000.0,
2792,189,14690,179,-10000.0,
2789,189,14691,179,-10000.0,
2793,189,14692,179,-10000.0,
2788,189,14693,141,-10000.0,
2769,189,14694,141,-10000.0,
2779,189,14695,141,-10000.0,
2770,189,14696,141,-10000.0,
2780,189,14697,141,-10000.0,
2781,189,14698,141,-10000.0,
3105,229,13045,209,-10000.0,
3104,229,13049,209,-10000.0,
3089,229,13052,208,-10000.0,
3100,229,13052,209,-10000.0,
3210,229,13053,209,-10000.0,
3102,229,13054,209,-10000.0,
3096,229,13055,209,-10000.0,
4742,229,13056,209,-10000.0,
4705,229,13057,209,-10000.0,
3116,229,13058,210,-10000.0,
3097,229,13060,209,-10000.0,
3099,229,13061,209,-10000.0,
3118,229,13062,210,-10000.0,
3119,229,13063,210,-10000.0,
3122,229,13064,211,-10000.0,
3127,229,13065,212,-10000.0,
3126,229,13066,212,-10000.0,
4092,229,13067,212,-10000.0,
3123,229,13068,211,-10000.0,
3125,229,13068,212,98.0,
3124,229,13069,211,-10000.0,
3120,229,13070,210,-10000.0,
3121,229,13070,211,-10000.0,
3128,229,13072,212,-10000.0,
3135,229,13073,212,-10000.0,
3134,229,13074,212,-10000.0,
3132,229,13075,212,-10000.0,
3133,229,13076,212,-10000.0,
3131,229,13077,212,-10000.0,
3129,229,13078,212,-10000.0,
4145,229,13079,212,-10000.0,
3136,229,13080,212,-10000.0,
4146,229,13081,212,-10000.0,
3098,229,13083,209,-10000.0,
3117,229,13084,210,-10000.0,
3010,229,13085,202,-10000.0,
3214,229,13085,207,10.0,
3091,229,13085,208,20.0,
3101,229,13085,209,44.0,
3113,229,13085,211,77.0,
3130,229,13085,212,95.0,
3137,229,13086,212,-10000.0,
3009,229,13087,202,-10000.0,
3081,229,13087,207,-10000.0,
3092,229,13087,208,-10000.0,
3011,229,13088,202,-10000.0,
3212,229,13088,207,8.0,
3211,229,13089,207,-10000.0,
3006,229,13090,202,-10000.0,
3007,229,13091,202,-10000.0,
3213,229,13092,202,-10000.0,
3005,229,13093,202,-10000.0,
3082,229,13093,207,-6.0,
3008,229,13094,202,-10000.0,
3093,229,13095,208,-10000.0,
3080,229,13096,207,-10000.0,
3083,229,13097,207,-10000.0,
3084,229,13098,207,-10000.0,
3103,229,13099,209,-10000.0,
3109,229,13099,210,-10000.0,
3110,229,13100,210,-10000.0,
3114,229,13101,211,-10000.0,
3108,229,13113,210,-10000.0,
3106,229,13114,210,-10000.0,
3095,229,13115,208,-10000.0,
3094,229,13116,208,-10000.0,
3141,229,13117,212,-10000.0,
3142,229,13118,212,-10000.0,
3140,229,13119,212,-10000.0,
3115,229,13120,211,-10000.0,
3138,229,13121,212,-10000.0,
3111,229,13122,210,-10000.0,
3112,229,13123,210,-10000.0,
3139,229,13124,212,-10000.0,
3107,229,17890,210,-10000.0,
2964,230,13127,200,-10000.0,
2958,230,13134,200,-10000.0,
2959,230,13135,200,-10000.0,
2960,230,13136,200,-10000.0,
2961,230,13137,200,-10000.0,
2962,230,13138,200,-10000.0,
2956,230,13139,200,-10000.0,
2963,230,13140,200,-10000.0,
2968,230,13141,200,-10000.0,
2989,230,13141,201,-10000.0,
3879,230,13142,200,-10000.0,
2971,230,13143,200,-10000.0,
2984,230,13143,201,-38.0,
2970,230,13144,200,-10000.0,
2972,230,13145,200,-10000.0,
2983,230,13146,201,-10000.0,
2987,230,13147,201,-10000.0,
2957,230,13148,200,-10000.0,
2965,230,13149,200,-10000.0,
2982,230,13149,201,-43.0,
2985,230,13150,200,-10000.0,
2990,230,13150,201,-10000.0,
2966,230,13151,200,-10000.0,
2976,230,13151,201,-49.0,
2992,230,13152,201,-10000.0,
2991,230,13153,201,-10000.0,
2993,230,13154,201,-10000.0,
4093,230,13155,201,-10000.0,
2980,230,13156,201,-10000.0,
2979,230,13157,201,-10000.0,
2981,230,13158,201,-10000.0,
2977,230,13159,201,-10000.0,
2967,230,13160,200,-10000.0,
2974,230,13160,201,-55.0,
2975,230,13161,201,-10000.0,
2996,230,13162,201,-10000.0,
2997,230,13163,201,-10000.0,
4704,230,13164,201,-10000.0,
2998,230,13165,201,-10000.0,
3880,230,13166,201,-10000.0,
3000,230,13167,201,-10000.0,
3001,230,13168,201,-10000.0,
3003,230,13169,201,-10000.0,
3004,230,13170,201,-10000.0,
2995,230,13182,201,-10000.0,
4094,230,13183,201,-10000.0,
2994,230,13184,201,-10000.0,
2999,230,13185,201,-10000.0,
3002,230,13186,201,-10000.0,
2973,230,13187,200,-10000.0,
2988,230,13188,201,-10000.0,
2978,230,13190,201,-10000.0,
2938,249,13551,196,-10000.0,
2943,249,13552,196,-10000.0,
2939,249,13553,196,-10000.0,
2942,249,13554,196,-10000.0,
2944,249,13555,196,-10000.0,
2940,249,13556,196,-10000.0,
2945,249,13557,196,-10000.0,
2941,249,13558,196,-10000.0,
2172,289,17294,151,-10000.0,
2190,289,17304,153,-10000.0,
2188,289,17305,153,-10000.0,
2189,289,17306,153,-10000.0,
2195,289,17307,154,-10000.0,
2194,289,17308,154,-10000.0,
2179,289,17311,152,-10000.0,
2173,289,17311,151,127.0,
2174,289,17312,151,110.0,
2175,289,17313,152,-10000.0,
2177,289,17314,152,-10000.0,
2180,289,17315,152,-10000.0,
2184,289,17316,153,-10000.0,
2178,289,17316,152,104.0,
2197,289,17317,154,-10000.0,
2182,289,17317,152,95.0,
2198,289,17318,154,-10000.0,
2186,289,17319,153,-10000.0,
2181,289,17319,152,90.0,
2193,289,17320,154,-10000.0,
2187,289,17320,153,87.0,
2183,289,17321,152,95.0,
4091,289,17323,152,-10000.0,
2196,289,17471,154,-10000.0,
2199,289,17870,152,-10000.0,
2185,289,18950,153,-10000.0,
2232,329,17737,155,-10000.0,
2201,329,17738,155,-10000.0,
4106,329,17739,155,-10000.0,
4887,329,17740,155,-10000.0,
2233,329,17741,155,-10000.0,
2202,329,17742,155,-10000.0,
2234,329,17743,155,-10000.0,
2253,329,17744,156,-10000.0,
2235,329,17745,155,-10000.0,
4107,329,17746,155,-10000.0,
2236,329,17749,155,-10000.0,
2266,329,17749,156,-10000.0,
4888,329,17751,155,-10000.0,
2257,329,17752,156,-10000.0,
2256,329,17753,156,-10000.0,
2260,329,17754,156,-10000.0,
2252,329,17755,156,-10000.0,
2242,329,17756,156,-10000.0,
2254,329,17757,156,-10000.0,
2243,329,17758,156,-10000.0,
2255,329,17759,156,-10000.0,
2244,329,17760,156,-10000.0,
2270,329,17761,156,-10000.0,
2273,329,17762,156,-10000.0,
2264,329,17763,156,-10000.0,
2263,329,17764,156,-10000.0,
2265,329,17765,156,-10000.0,
2267,329,17766,156,-10000.0,
2268,329,17767,156,-10000.0,
2262,329,17768,156,-10000.0,
2245,329,17769,156,-10000.0,
2246,329,17770,156,-10000.0,
2247,329,17771,156,-10000.0,
2248,329,17772,156,-10000.0,
2237,329,17773,156,-10000.0,
2238,329,17774,156,-10000.0,
2239,329,17775,156,-10000.0,
2217,329,17776,155,-10000.0,
2218,329,17777,155,-10000.0,
2203,329,17778,155,-10000.0,
2219,329,17779,155,-10000.0,
2204,329,17780,155,-10000.0,
2220,329,17781,155,-10000.0,
4151,329,17782,156,-10000.0,
2240,329,17783,156,-10000.0,
2250,329,17784,156,-10000.0,
2241,329,17785,156,-10000.0,
2251,329,17786,156,-10000.0,
2206,329,17787,155,-10000.0,
2221,329,17788,155,-10000.0,
2207,329,17789,155,-10000.0,
2222,329,17790,155,-10000.0,
2208,329,17791,155,-10000.0,
2223,329,17792,155,-10000.0,
2224,329,17793,155,-10000.0,
2209,329,17794,155,-10000.0,
2214,329,17795,155,-10000.0,
2225,329,17800,155,-10000.0,
2261,329,17802,156,-10000.0,
2258,329,17803,156,-10000.0,
2226,329,17806,155,-10000.0,
4886,329,17807,155,-10000.0,
2249,329,17808,156,-10000.0,
2271,329,17812,156,-10000.0,
4104,329,17813,156,-10000.0,
2269,329,17814,156,-10000.0,
2272,329,17815,156,-10000.0,
4105,329,17816,156,-10000.0,
2216,329,17817,155,-10000.0,
2227,329,17818,155,-10000.0,
2210,329,17819,155,-10000.0,
2228,329,17820,155,-10000.0,
2229,329,17821,155,-10000.0,
2211,329,17822,155,-10000.0,
2230,329,17823,155,-10000.0,
2212,329,17824,155,-10000.0,
2231,329,17825,155,-10000.0,
2215,329,17826,155,-10000.0,
2213,329,17827,155,-10000.0,
2200,329,18410,155,-10000.0,
3525,349,17052,257,-10000.0,
3526,349,17053,257,-10000.0,
3527,349,17054,257,-10000.0,
3528,349,17055,257,-10000.0,
3588,349,17056,257,-10000.0,
3529,349,17057,257,-10000.0,
3530,349,17058,257,-10000.0,
3533,349,17059,257,-10000.0,
3534,349,17060,257,-10000.0,
3535,349,17061,257,-10000.0,
3536,349,17062,257,-10000.0,
3537,349,17063,257,-10000.0,
3538,349,17064,257,-10000.0,
3539,349,17065,257,-10000.0,
3590,349,17066,257,-10000.0,
3591,349,17067,257,-10000.0,
3589,349,17068,257,-10000.0,
3531,349,17069,257,-10000.0,
3532,349,17070,257,-10000.0,
3523,349,17071,257,-10000.0,
3524,349,17072,257,-10000.0,
3502,349,17073,256,-10000.0,
3503,349,17074,256,-10000.0,
3504,349,17075,256,-10000.0,
3505,349,17076,256,-10000.0,
3521,349,17077,256,-10000.0,
3520,349,17078,256,-10000.0,
3518,349,17079,256,-10000.0,
3516,349,17080,256,-10000.0,
3507,349,17081,256,-10000.0,
3509,349,17086,256,-10000.0,
3510,349,17088,256,-10000.0,
3511,349,17089,256,-10000.0,
3515,349,17091,256,-10000.0,
3514,349,17092,256,-10000.0,
3513,349,17093,256,-10000.0,
3512,349,17094,256,-10000.0,
3519,349,17095,256,-10000.0,
3522,349,17097,256,-10000.0,
3517,349,17911,256,-10000.0,
3508,349,17912,256,-10000.0,
3506,349,19050,256,-10000.0,
3501,349,19051,256,-10000.0,
1991,389,17670,136,-10000.0,
1988,389,17671,136,-10000.0,
1989,389,17672,136,-10000.0,
1992,389,17673,136,-10000.0,
1990,389,17674,136,-10000.0,
1993,389,17681,136,-10000.0,
2832,409,14763,181,-10000.0,
2826,409,14764,181,-10000.0,
2825,409,14765,181,-10000.0,
2833,409,14766,181,-10000.0,
2827,409,14767,181,-10000.0,
2834,409,14768,181,-10000.0,
2824,409,14769,181,-10000.0,
2828,409,14770,181,-10000.0,
2835,409,14771,181,-10000.0,
2829,409,14772,181,-10000.0,
2830,409,14773,181,-10000.0,
2831,409,14775,181,-10000.0,
3645,429,18116,263,-10000.0,
3694,429,18117,267,-10000.0,
3692,429,18120,267,-10000.0,
3693,429,18121,267,-10000.0,
3691,429,18122,267,-10000.0,
3651,429,18125,263,-10000.0,
3649,429,18126,263,-10000.0,
3650,429,18127,263,-10000.0,
3652,429,18128,263,-10000.0,
3653,429,18129,263,-10000.0,
3664,429,18130,266,-10000.0,
3665,429,18131,266,-10000.0,
3485,429,18135,262,-10000.0,
3498,429,18136,262,-10000.0,
3500,429,18138,262,-10000.0,
3499,429,18139,262,-10000.0,
3675,429,18140,266,-10000.0,
3680,429,18141,266,-10000.0,
3679,429,18142,266,-10000.0,
3678,429,18143,266,-10000.0,
3677,429,18144,266,-10000.0,
3676,429,18145,266,-10000.0,
3672,429,18146,266,-10000.0,
3673,429,18147,266,-10000.0,
3674,429,18148,266,-10000.0,
3671,429,18149,266,-10000.0,
3695,429,18150,267,-10000.0,
3646,429,18151,263,-10000.0,
3647,429,18152,263,-10000.0,
3656,429,18153,265,-10000.0,
3657,429,18154,265,-10000.0,
3658,429,18155,265,-10000.0,
3659,429,18156,265,-10000.0,
3660,429,18157,265,-10000.0,
3648,429,18158,263,-10000.0,
3687,429,18159,267,-10000.0,
3682,429,18160,266,-10000.0,
3486,429,18161,262,-10000.0,
3701,429,18162,267,-10000.0,
3700,429,18163,267,-10000.0,
3699,429,18164,267,-10000.0,
3698,429,18165,267,-10000.0,
3697,429,18166,267,-10000.0,
3696,429,18167,267,-10000.0,
3663,429,18168,265,-10000.0,
3661,429,18169,265,-10000.0,
3654,429,18170,264,-10000.0,
3655,429,18171,264,-10000.0,
3662,429,18172,265,-10000.0,
3666,429,18173,266,-10000.0,
3668,429,18175,266,-10000.0,
3667,429,18176,266,-10000.0,
3685,429,18177,267,-10000.0,
3684,429,18178,267,-10000.0,
3489,429,18179,262,-10000.0,
3488,429,18180,262,-10000.0,
3487,429,18181,262,-10000.0,
3490,429,18187,262,-10000.0,
3688,429,18189,267,-10000.0,
3689,429,18190,267,-10000.0,
3690,429,18191,267,-10000.0,
3497,429,18194,262,-10000.0,
3492,429,18195,262,-10000.0,
3496,429,18196,262,-10000.0,
3491,429,18197,262,-10000.0,
3686,429,18199,267,-10000.0,
3669,429,18200,266,-10000.0,
3670,429,18201,266,-10000.0,
3681,429,18251,266,-10000.0,
3493,429,18430,262,-10000.0,
3494,429,18431,262,-10000.0,
3495,429,18432,262,-10000.0,
3683,429,18692,267,-10000.0,
2856,469,15174,185,-10000.0,
2836,469,15175,182,-10000.0,
2860,469,15178,185,-10000.0,
2837,469,15181,182,-10000.0,
2838,469,15182,182,-10000.0,
2839,469,15183,182,-10000.0,
2840,469,15185,182,-10000.0,
2841,469,15185,183,420.0,
2843,469,15186,183,-10000.0,
2842,469,15187,183,-10000.0,
2844,469,15188,183,-10000.0,
2845,469,15188,184,445.0,
2859,469,19132,185,-10000.0,
2846,469,19133,184,-10000.0,
2847,469,19134,184,-10000.0,
2849,469,19135,184,-10000.0,
2861,469,19135,185,-10000.0,
2848,469,19136,184,-10000.0,
2862,469,19136,185,-10000.0,
2863,469,19137,185,-10000.0,
2858,469,19138,185,-10000.0,
2857,469,19139,185,-10000.0,
2926,531,47,195,-10000.0,
2921,531,49,192,-10000.0,
2934,531,55,195,-10000.0,
2935,531,56,195,-10000.0,
2936,531,57,195,-10000.0,
2895,531,67,191,-10000.0,
2896,531,69,191,-10000.0,
2897,531,71,191,-10000.0,
2915,531,72,191,-10000.0,
2916,531,74,191,-10000.0,
2899,531,75,191,-10000.0,
2903,531,76,191,-10000.0,
2930,531,76,195,-10000.0,
2917,531,77,191,-10000.0,
2927,531,77,195,-10000.0,
2883,531,81,191,-10000.0,
2922,531,81,192,-10000.0,
2931,531,87,195,-10000.0,
2933,531,13610,195,-10000.0,
2932,531,13613,195,-10000.0,
2905,531,13614,191,-10000.0,
2901,531,13616,191,-10000.0,
2886,531,13617,191,-10000.0,
2885,531,13618,191,-10000.0,
2904,531,13619,191,-10000.0,
2906,531,13621,191,-10000.0,
2887,531,13625,191,-10000.0,
2902,531,13626,191,-10000.0,
2920,531,13627,192,-10000.0,
2907,531,13628,191,-10000.0,
2888,531,13629,191,-10000.0,
2908,531,13630,191,-10000.0,
2909,531,13725,191,-10000.0,
2910,531,13726,191,-10000.0,
2911,531,13729,191,-10000.0,
2928,531,13729,195,-10000.0,
2912,531,13731,191,-10000.0,
2913,531,13734,191,-10000.0,
2882,531,13735,191,-10000.0,
2889,531,19519,191,-10000.0,
2878,531,19584,191,-10000.0,
2890,531,19585,191,-10000.0,
2879,531,19586,191,-10000.0,
2881,531,19587,191,-10000.0,
2880,531,19588,191,-10000.0,
2891,531,19589,191,-10000.0,
2898,531,20044,191,-10000.0,
2937,531,20086,195,-10000.0,
2919,531,20087,191,-10000.0,
2918,531,20088,191,-10000.0,
4435,532,19619,383,-10000.0,
4477,532,19620,389,-10000.0,
4478,532,19620,390,100.0,
4506,532,19620,403,225.0,
4515,532,19620,405,260.0,
4519,532,19620,406,270.0,
4442,532,19621,385,65.0,
4438,532,19622,383,-10000.0,
4447,532,19625,387,-10000.0,
4452,532,19626,387,-10000.0,
4453,532,19627,387,-10000.0,
4454,532,19628,387,-10000.0,
4451,532,19629,387,-10000.0,
4461,532,19633,387,-10000.0,
4462,532,19634,387,-10000.0,
4466,532,19634,388,105.0,
4469,532,19634,389,115.0,
4448,532,19635,387,-10000.0,
4464,532,19636,387,-10000.0,
4459,532,19637,387,-10000.0,
4468,532,19638,389,-10000.0,
4467,532,19639,389,-10000.0,
4474,532,19640,387,-10000.0,
4472,532,19641,389,-10000.0,
4476,532,19643,389,-10000.0,
4480,532,19644,390,-10000.0,
4482,532,19644,391,140.0,
4484,532,19644,393,155.0,
4481,532,19645,390,-10000.0,
4483,532,19645,391,144.0,
4470,532,19646,389,-10000.0,
4471,532,19647,389,-10000.0,
4479,532,19647,390,120.0,
4434,532,19648,383,-10000.0,
4446,532,19649,386,-10000.0,
4445,532,19650,386,-10000.0,
4450,532,19650,387,86.0,
4436,532,19651,383,-10000.0,
4444,532,19652,386,-10000.0,
4455,532,19652,387,86.0,
4485,532,19656,393,-10000.0,
4486,532,19657,393,-10000.0,
4505,532,19658,403,-10000.0,
4512,532,19659,404,-10000.0,
4520,532,19660,406,-10000.0,
4508,532,19661,403,-10000.0,
4510,532,19662,404,-10000.0,
4513,532,19663,404,-10000.0,
4507,532,19664,403,-10000.0,
4514,532,19664,404,245.0,
4517,532,19664,405,260.0,
4528,532,19664,406,270.0,
4511,532,19665,404,-10000.0,
4527,532,19666,406,-10000.0,
4521,532,19667,406,-10000.0,
4522,532,19668,406,-10000.0,
4523,532,19669,406,-10000.0,
4524,532,19670,406,-10000.0,
4525,532,19671,406,-10000.0,
4526,532,19672,406,-10000.0,
4516,532,19674,405,-10000.0,
4494,532,19675,398,-10000.0,
4501,532,19676,401,-10000.0,
4495,532,19677,398,-10000.0,
4496,532,19678,398,-10000.0,
4498,532,19679,399,-10000.0,
4499,532,19680,399,-10000.0,
4497,532,19681,398,-10000.0,
4503,532,19682,402,-10000.0,
4504,532,19683,402,-10000.0,
4518,532,19684,406,-10000.0,
4489,532,19685,393,-10000.0,
4493,532,19685,398,190.0,
4500,532,19685,401,234.0,
4502,532,19685,402,275.0,
4439,532,19686,383,-10000.0,
4443,532,19686,385,67.0,
4441,532,19698,385,-10000.0,
4449,532,19747,387,-10000.0,
4460,532,19748,387,-10000.0,
4509,532,20085,403,-10000.0,
4475,532,20096,389,-10000.0,
4488,532,20099,393,-10000.0,
4487,532,20100,393,-10000.0,
4465,532,22148,387,-10000.0,
4437,532,22149,383,-10000.0,
3287,540,20181,222,-10000.0,
3289,540,20182,222,-10000.0,
3288,540,20183,222,-10000.0,
3290,540,20184,222,-10000.0,
3291,540,20185,222,-10000.0,
3294,540,20186,222,-10000.0,
3297,540,20187,222,-10000.0,
3293,540,20188,222,-10000.0,
3298,540,20189,222,-10000.0,
3292,540,22329,222,-10000.0,
3296,540,22330,222,-10000.0,
3295,540,22378,222,-10000.0,
3278,542,20174,221,-10000.0,
3274,542,20175,221,-10000.0,
3281,542,20176,221,-10000.0,
3286,542,20178,221,-10000.0,
3280,542,20179,221,-10000.0,
3276,542,20180,221,-10000.0,
3277,542,22065,221,-10000.0,
3269,543,20950,219,-10000.0,
3271,543,20951,219,-10000.0,
3270,543,21101,219,-10000.0,
4288,544,20481,341,-10000.0,
4285,544,20482,341,-10000.0,
4282,544,20483,341,-10000.0,
4283,544,20484,341,-10000.0,
4287,544,20485,341,-10000.0,
4284,544,20486,341,-10000.0,
4286,544,21208,341,-10000.0,
3303,545,20472,227,-10000.0,
3302,545,20472,226,-28.0,
3306,545,20473,227,-10000.0,
4160,545,20473,226,-28.0,
3305,545,22230,227,-10000.0,
4159,545,22230,226,-28.0,
3304,545,22231,227,-10000.0,
4158,545,22231,226,-28.0,
4152,545,22232,227,-10000.0,
4161,545,22232,226,-28.0,
3299,546,20471,223,-10000.0,
3309,547,22225,228,-10000.0,
3307,547,22226,228,-10000.0,
3310,547,22227,228,-10000.0,
3308,547,22228,228,-10000.0,
3311,547,22229,228,-10000.0,
4370,548,20474,355,-10000.0,
4373,548,20475,355,-10000.0,
4372,548,20476,355,-10000.0,
4377,548,20477,355,-10000.0,
4366,548,20480,355,-10000.0,
4367,548,22042,355,-10000.0,
4371,548,22261,355,-10000.0,
4374,548,22288,355,-10000.0,
4369,548,22289,355,-10000.0,
4375,548,22291,355,-10000.0,
4376,548,22299,355,-10000.0,
4368,548,22300,355,-10000.0,
4315,550,20854,349,-10000.0,
4329,550,20855,349,-10000.0,
4316,550,21359,349,-10000.0,
4323,550,21361,349,-10000.0,
4326,550,21412,349,-10000.0,
4324,550,21414,349,-10000.0,
4314,550,21423,349,-10000.0,
4327,550,22050,349,-10000.0,
4325,550,22051,349,-10000.0,
4321,550,22052,349,-10000.0,
4322,550,22053,349,-10000.0,
4319,550,22209,349,-10000.0,
4318,550,22210,349,-10000.0,
4317,550,22211,349,-10000.0,
4328,550,22370,349,-10000.0,
4320,550,22371,349,-10000.0,
3332,552,21432,233,-10000.0,
3331,552,21708,233,-10000.0,
3333,552,21709,233,-10000.0,
3349,552,21712,235,-10000.0,
3341,552,21713,234,-10000.0,
3335,552,21715,233,-10000.0,
3336,552,21716,233,-10000.0,
3337,552,21716,234,-5.0,
3350,552,21783,235,-10000.0,
3334,552,21784,233,-10000.0,
3351,552,21785,235,-10000.0,
4153,552,21786,234,-10000.0,
3345,552,21787,234,-10000.0,
3346,552,21787,235,25.0,
3347,552,21788,235,-10000.0,
3339,552,21789,234,-10000.0,
3348,552,21789,235,48.0,
3338,552,21790,234,-10000.0,
3340,552,21791,234,-10000.0,
3342,552,21792,234,-10000.0,
3344,552,21793,234,-10000.0,
3318,553,21072,230,-10000.0,
3317,553,21073,230,-10000.0,
3316,553,21074,230,-10000.0,
3315,553,21075,230,-10000.0,
3313,553,21081,230,-10000.0,
3314,553,21082,230,-10000.0,
3323,554,21113,231,-10000.0,
3327,554,21113,232,24.0,
3324,554,21249,231,-10000.0,
3325,554,21249,232,20.0,
3329,554,21250,232,-10000.0,
3321,554,21251,231,-10000.0,
3320,554,21252,231,-10000.0,
3328,554,21255,232,-10000.0,
4155,554,21256,232,-10000.0,
3326,554,21257,232,-10000.0,
3322,554,21258,231,-10000.0,
4157,554,21259,231,-10000.0,
4156,554,21260,231,-10000.0,
3330,554,21912,232,-10000.0,
3319,554,21913,231,-10000.0,
3252,555,21570,218,-10000.0,
3258,555,21571,218,-10000.0,
3268,555,21572,218,-10000.0,
3259,555,21574,218,-10000.0,
3253,555,21575,218,-10000.0,
3260,555,21576,218,-10000.0,
3254,555,21577,218,-10000.0,
3261,555,21578,218,-10000.0,
3250,555,21579,218,-10000.0,
3255,555,21580,218,-10000.0,
3262,555,21583,218,-10000.0,
3256,555,21584,218,-10000.0,
3263,555,21585,218,-10000.0,
3257,555,21586,218,-10000.0,
3267,555,21606,218,-10000.0,
3264,555,21741,218,-10000.0,
3266,555,22206,218,-10000.0,
3248,555,22207,218,-10000.0,
3249,555,22208,218,-10000.0,
3251,555,22213,218,-10000.0,
3265,555,22333,218,-10000.0,
3238,556,21009,216,-10000.0,
3239,556,21009,217,13.0,
3245,556,21024,217,-10000.0,
3231,556,21281,216,-10000.0,
3243,556,21287,217,-10000.0,
3246,556,21552,217,-10000.0,
3230,556,21553,216,-10000.0,
3235,556,21555,216,-10000.0,
3236,556,21556,216,-10000.0,
3233,556,21557,216,-10000.0,
3234,556,21559,216,-10000.0,
3229,556,21560,216,-10000.0,
3241,556,21561,217,-10000.0,
3232,556,22059,216,-10000.0,
3247,556,22060,217,-10000.0,
3244,556,22061,217,-10000.0,
3242,556,22062,217,-10000.0,
3240,556,22063,217,-10000.0,
3237,556,22064,216,-10000.0,
3374,557,20936,238,-10000.0,
3375,557,20944,238,-10000.0,
3383,557,21165,238,-10000.0,
3384,557,21167,238,-10000.0,
3372,557,21172,238,-10000.0,
3378,557,21173,238,-10000.0,
3371,557,21175,238,-10000.0,
3379,557,21504,238,-10000.0,
3377,557,21505,238,-10000.0,
3380,557,21506,238,-10000.0,
3381,557,21508,238,-10000.0,
3376,557,21847,238,-10000.0,
3382,557,21848,238,-10000.0,
3373,557,22205,238,-10000.0,
3219,558,20953,215,-10000.0,
3216,558,20957,214,-10000.0,
3217,558,20958,214,-10000.0,
3224,558,20958,215,12.0,
3225,558,20960,215,-10000.0,
3221,558,20976,215,-10000.0,
3227,558,20977,215,-10000.0,
3226,558,20978,215,-10000.0,
3220,558,21104,215,-10000.0,
3215,558,21480,214,-10000.0,
3218,558,21497,215,-10000.0,
3228,558,22202,215,-10000.0,
3223,558,22203,215,-10000.0,
3222,558,22223,215,-10000.0,
4578,564,21697,434,-10000.0,
4606,564,21697,436,185.0,
4585,564,21700,434,-10000.0,
4587,564,21701,434,-10000.0,
4591,564,22070,435,-10000.0,
4580,564,22071,434,-10000.0,
4584,564,22072,434,-10000.0,
4589,564,22073,435,-10000.0,
4588,564,22074,435,-10000.0,
4590,564,22075,435,-10000.0,
4579,564,22340,434,-10000.0,
4598,564,22341,437,-10000.0,
4602,564,22342,437,-10000.0,
4609,564,22343,438,-10000.0,
4604,564,22344,436,-10000.0,
4607,564,22345,438,-10000.0,
4601,564,22346,437,-10000.0,
4608,564,22347,438,-10000.0,
4603,564,22348,436,-10000.0,
4611,564,22351,439,-10000.0,
4610,564,22352,438,-10000.0,
4599,564,22353,437,-10000.0,
4575,564,22355,434,-10000.0,
4586,564,22360,434,-10000.0,
4569,564,22363,433,-10000.0,
4573,564,22364,433,-10000.0,
4574,564,22365,433,-10000.0,
4570,564,22366,433,-10000.0,
4568,564,22367,433,-10000.0,
4567,564,22368,433,-10000.0,
4571,564,22369,433,-10000.0,
4605,564,22426,436,-10000.0,
4581,564,22427,434,-10000.0,
4582,564,22428,434,-10000.0,
4592,564,22429,435,-10000.0,
4583,564,22442,434,-10000.0,
4600,564,22478,437,-10000.0,
4576,564,22496,434,-10000.0,
4577,564,22499,434,-10000.0,
4572,564,22500,433,-10000.0,
4164,565,21908,322,-10000.0,
4167,565,21910,322,-10000.0,
4166,565,21911,322,-10000.0,
4165,565,21929,322,-10000.0,
4613,580,23468,440,-10000.0,
4612,580,23469,440,-10000.0,
3357,585,23119,236,-10000.0,
3356,585,23120,236,-10000.0,
3355,585,23121,236,-10000.0,
3369,585,23121,237,-3.0,
3366,585,23122,237,-10000.0,
3365,585,23123,237,-10000.0,
3352,585,23125,236,-10000.0,
3358,585,23162,236,-10000.0,
3362,585,23167,237,-10000.0,
3361,585,23168,237,-10000.0,
3363,585,23169,237,-10000.0,
3364,585,23170,237,-10000.0,
3359,585,23171,236,-10000.0,
3360,585,23171,237,-12.0,
3353,585,23731,236,-10000.0,
3354,585,23732,236,-10000.0,
3367,585,23733,237,-10000.0,
3368,585,23734,237,-10000.0,
3370,585,26192,237,-10000.0,
6257,369,17945,741,-10000.0,
6255,369,17949,741,-10000.0,
6256,369,17954,741,-10000.0,
6254,369,35698,741,-38.0,
6258,369,17943,742,-10000.0,
6259,369,17944,742,-10000.0,
6260,369,17935,742,-10000.0,
