long,long,long,long,long,long,long,long,flags,flags,long,long,long,long,flags,long,flags,flags,long,float,float,long,long,None,None,str,None,None,None,None,None,None,None,None,None,None,None,None,None,flags,None,None,str,None,None,None,None,None,None,None,None,None,None,None,None,None,flags,
1,-1,0,0,0,0,0,0,0x0,0x0,0,0,0,0,0x0,0,0x0,0x0,0,1.0,1.0,5,5,,,"JOUEUR, Humain",,,,,,,,,,,,,,0xFF01FE,,,"",,,,,,,,,,,,,,0xFF01FC,
2,-1,0,0,0,0,0,0,0x0,0x0,0,0,0,0,0x0,0,0x0,0x0,0,1.0,1.0,5,5,,,"JOUEUR, Orc",,,,,,,,,,,,,,0xFF01FE,,,"",,,,,,,,,,,,,,0xFF01FC,
3,-1,0,0,0,0,0,0,0x0,0x0,0,0,0,0,0x0,0,0x0,0x0,0,1.0,1.0,5,5,,,"JOUEUR, Nain",,,,,,,,,,,,,,0xFF01FE,,,"",,,,,,,,,,,,,,0xFF01FC,
4,-1,0,0,0,0,0,0,0x0,0x0,0,0,0,0,0x0,0,0x0,0x0,0,1.0,1.0,5,5,,,"JOUEUR, Elfe de la nuit",,,,,,,,,,,,,,0xFF01FE,,,"",,,,,,,,,,,,,,0xFF01FC,
5,-1,0,0,0,0,0,0,0x0,0x0,0,0,0,0,0x0,0,0x0,0x0,0,1.0,1.0,5,5,,,"JOUEUR, Mort-vivant",,,,,,,,,,,,,,0xFF01FE,,,"",,,,,,,,,,,,,,0xFF01FE,
6,-1,0,0,0,0,0,0,0x0,0x0,0,0,0,0,0x0,0,0x0,0x0,0,1.0,1.0,5,5,,,"JOUEUR, Tauren",,,,,,,,,,,,,,0xFF01FE,,,"",,,,,,,,,,,,,,0xFF01FC,
7,-1,0,0,0,0,0,0,0x0,0x0,0,0,0,0,0x0,0,0x0,0x0,0,1.0,1.0,5,5,,,"Créature",,,,,,,,,,,,,,0xFF01FE,,,"",,,,,,,,,,,,,,0xFF01FC,
8,-1,0,0,0,0,0,0,0x0,0x0,0,0,0,0,0x0,0,0x0,0x0,0,1.0,1.0,5,5,,,"JOUEUR, Gnome",,,,,,,,,,,,,,0xFF01FE,,,"",,,,,,,,,,,,,,0xFF01FC,
9,-1,0,0,0,0,0,0,0x0,0x0,0,0,0,0,0x0,0,0x0,0x0,0,1.0,1.0,5,5,,,"JOUEUR, Troll",,,,,,,,,,,,,,0xFF01FE,,,"",,,,,,,,,,,,,,0xFF01FC,
14,-1,0,0,0,0,0,0,0x0,0x0,0,0,0,0,0x0,0,0x0,0x0,0,1.0,1.0,5,5,,,"Monstre",,,,,,,,,,,,,,0xFF01FE,,,"",,,,,,,,,,,,,,0xFF01FC,
15,-1,0,0,0,0,0,0,0x0,0x0,0,0,0,0,0x0,0,0x0,0x0,0,1.0,1.0,5,5,,,"Confrérie défias",,,,,,,,,,,,,,0xFF01FE,,,"",,,,,,,,,,,,,,0xFF01FC,
16,-1,0,0,0,0,0,0,0x0,0x0,0,0,0,0,0x0,0,0x0,0x0,0,1.0,1.0,5,5,,,"Gnoll - Rivepatte",,,,,,,,,,,,,,0xFF01FE,,,"",,,,,,,,,,,,,,0xFF01FC,
17,-1,0,0,0,0,0,0,0x0,0x0,0,0,0,0,0x0,0,0x0,0x0,0,1.0,1.0,5,5,,,"Gnoll - Carmines",,,,,,,,,,,,,,0xFF01FE,,,"",,,,,,,,,,,,,,0xFF01FC,
18,-1,0,0,0,0,0,0,0x0,0x0,0,0,0,0,0x0,0,0x0,0x0,0,1.0,1.0,5,5,,,"Gnoll - Sombrepoil",,,,,,,,,,,,,,0xFF01FE,,,"",,,,,,,,,,,,,,0xFF01FC,
19,-1,0,0,0,0,0,0,0x0,0x0,0,0,0,0,0x0,0,0x0,0x0,0,1.0,1.0,5,5,,,"Murloc",,,,,,,,,,,,,,0xFF01FE,,,"",,,,,,,,,,,,,,0xFF01FC,
20,-1,0,0,0,0,0,0,0x0,0x0,0,0,0,0,0x0,0,0x0,0x0,0,1.0,1.0,5,5,,,"Mort-vivant, Fléau",,,,,,,,,,,,,,0xFF01FE,,,"",,,,,,,,,,,,,,0xFF01FC,
21,1,2147483647,0,0,0,0,0,0x0,0x0,500,0,0,0,0x40,0,0x0,0x0,169,1.0,0.5,7,5,,,"Baie-du-Butin",,,,,,,,,,,,,,0xFF01FE,,,"Cette ville portuaire en pleine expansion est dirigée par le baron Revilgaz, des Écumeurs des Flots noirs. Ces derniers appartiennent au cartel Gentepression, et sont des ennemis mortels des boucaniers de la Voile sanglante.",,,,,,,,,,,,,,0xFF01FE,
22,-1,0,0,0,0,0,0,0x0,0x0,0,0,0,0,0x0,0,0x0,0x0,0,1.0,1.0,5,5,,,"Bête - Araignée",,,,,,,,,,,,,,0xFF01FE,,,"",,,,,,,,,,,,,,0xFF01FC,
23,-1,0,0,0,0,0,0,0x0,0x0,0,0,0,0,0x0,0,0x0,0x0,0,1.0,1.0,5,5,,,"Bête - Sanglier",,,,,,,,,,,,,,0xFF01FE,,,"",,,,,,,,,,,,,,0xFF01FC,
24,-1,0,0,0,0,0,0,0x0,0x0,0,0,0,0,0x0,0,0x0,0x0,0,1.0,1.0,5,5,,,"Worgen",,,,,,,,,,,,,,0xFF01FE,,,"",,,,,,,,,,,,,,0xFF01FC,
25,-1,0,0,0,0,0,0,0x0,0x0,0,0,0,0,0x0,0,0x0,0x0,0,1.0,1.0,5,5,,,"Kobold",,,,,,,,,,,,,,0xFF01FE,,,"",,,,,,,,,,,,,,0xFF01FC,
26,-1,0,0,0,0,0,0,0x0,0x0,0,0,0,0,0x0,0,0x0,0x0,0,1.0,1.0,5,5,,,"Troll, Scalp-rouge",,,,,,,,,,,,,,0xFF01FE,,,"",,,,,,,,,,,,,,0xFF01FC,
27,-1,0,0,0,0,0,0,0x0,0x0,0,0,0,0,0x0,0,0x0,0x0,0,1.0,1.0,5,5,,,"Troll, Casse-crâne",,,,,,,,,,,,,,0xFF01FE,,,"",,,,,,,,,,,,,,0xFF01FC,
28,-1,0,0,0,0,0,0,0x0,0x0,0,0,0,0,0x0,0,0x0,0x0,0,1.0,1.0,5,5,,,"Proie",,,,,,,,,,,,,,0xFF01FE,,,"",,,,,,,,,,,,,,0xFF01FC,
29,-1,0,0,0,0,0,0,0x0,0x0,0,0,0,0,0x0,0,0x0,0x0,0,1.0,1.0,5,5,,,"Bête - Loup",,,,,,,,,,,,,,0xFF01FE,,,"",,,,,,,,,,,,,,0xFF01FC,
30,-1,0,0,0,0,0,0,0x0,0x0,0,0,0,0,0x0,0,0x0,0x0,0,1.0,1.0,5,5,,,"Traître de la Confrérie défias",,,,,,,,,,,,,,0xFF01FE,,,"",,,,,,,,,,,,,,0xFF01FC,
31,-1,0,0,0,0,0,0,0x0,0x0,0,0,0,0,0x0,0,0x0,0x0,0,1.0,1.0,5,5,,,"Bienveillant",,,,,,,,,,,,,,0xFF01FE,,,"",,,,,,,,,,,,,,0xFF01FC,
32,-1,0,0,0,0,0,0,0x0,0x0,0,0,0,0,0x0,0,0x0,0x0,0,1.0,1.0,5,5,,,"Trogg",,,,,,,,,,,,,,0xFF01FE,,,"",,,,,,,,,,,,,,0xFF01FC,
33,-1,0,0,0,0,0,0,0x0,0x0,0,0,0,0,0x0,0,0x0,0x0,0,1.0,1.0,5,5,,,"Troll, Crins-de-givre",,,,,,,,,,,,,,0xFF01FE,,,"",,,,,,,,,,,,,,0xFF01FC,
34,-1,0,0,0,0,0,0,0x0,0x0,0,0,0,0,0x0,0,0x0,0x0,0,1.0,1.0,5,5,,,"Orc, Rochenoire",,,,,,,,,,,,,,0xFF01FE,,,"",,,,,,,,,,,,,,0xFF01FC,
35,-1,0,0,0,0,0,0,0x0,0x0,0,0,0,0,0x0,0,0x0,0x0,0,1.0,1.0,5,5,,,"Méchant",,,,,,,,,,,,,,0xFF01FE,,,"",,,,,,,,,,,,,,0xFF01FC,
36,-1,0,0,0,0,0,0,0x0,0x0,0,0,0,0,0x0,0,0x0,0x0,0,1.0,1.0,5,5,,,"Victime",,,,,,,,,,,,,,0xFF01FE,,,"",,,,,,,,,,,,,,0xFF01FC,
37,-1,0,0,0,0,0,0,0x0,0x0,0,0,0,0,0x0,0,0x0,0x0,0,1.0,1.0,5,5,,,"Bête - Ours",,,,,,,,,,,,,,0xFF01FE,,,"",,,,,,,,,,,,,,0xFF01FC,
38,-1,0,0,0,0,0,0,0x0,0x0,0,0,0,0,0x0,0,0x0,0x0,0,1.0,1.0,5,5,,,"Ogre",,,,,,,,,,,,,,0xFF01FE,,,"",,,,,,,,,,,,,,0xFF01FC,
39,-1,0,0,0,0,0,0,0x0,0x0,0,0,0,0,0x0,0,0x0,0x0,0,1.0,1.0,5,5,,,"Mercenaires de Kurzen",,,,,,,,,,,,,,0xFF01FE,,,"",,,,,,,,,,,,,,0xFF01FC,
40,-1,0,0,0,0,0,0,0x0,0x0,0,0,0,0,0x0,0,0x0,0x0,0,1.0,1.0,5,5,,,"Escorteur",,,,,,,,,,,,,,0xFF01FE,,,"",,,,,,,,,,,,,,0xFF01FC,
41,-1,0,0,0,0,0,0,0x0,0x0,0,0,0,0,0x0,0,0x0,0x0,0,1.0,1.0,5,5,,,"La KapitalRisk",,,,,,,,,,,,,,0xFF01FE,,,"",,,,,,,,,,,,,,0xFF01FC,
42,-1,0,0,0,0,0,0,0x0,0x0,0,0,0,0,0x0,0,0x0,0x0,0,1.0,1.0,5,5,,,"Bête - Raptor",,,,,,,,,,,,,,0xFF01FE,,,"",,,,,,,,,,,,,,0xFF01FC,
43,-1,0,0,0,0,0,0,0x0,0x0,0,0,0,0,0x0,0,0x0,0x0,0,1.0,1.0,5,5,,,"Basilic",,,,,,,,,,,,,,0xFF01FE,,,"",,,,,,,,,,,,,,0xFF01FC,
44,-1,0,0,0,0,0,0,0x0,0x0,0,0,0,0,0x0,0,0x0,0x0,0,1.0,1.0,5,5,,,"Vol vert",,,,,,,,,,,,,,0xFF01FE,,,"",,,,,,,,,,,,,,0xFF01FC,
45,-1,0,0,0,0,0,0,0x0,0x0,0,0,0,0,0x0,0,0x0,0x0,0,1.0,1.0,5,5,,,"Perdus",,,,,,,,,,,,,,0xFF01FE,,,"",,,,,,,,,,,,,,0xFF01FC,
46,29,2147483647,0,0,0,0,0,0x0,0x0,0,0,0,0,0x4,0,0x0,0x0,0,1.0,1.0,5,5,,," Forge - Fabricant d'armure",,,,,,,,,,,,,,0xFF01FE,,,"",,,,,,,,,,,,,,0xFF01FC,
47,20,1427287113,716002226,4194308,0,0,0,0x0,0x0,3100,-42000,4000,0,0x111,6,0x11,0x0,469,1.0,0.25,7,5,,,"Forgefer",,,,,,,,,,,,,,0xFF01FE,,,"Résidence du roi Magni, cette capitale de l’Alliance fait la fierté des nains de Dun Morogh.",,,,,,,,,,,,,,0xFF01FE,
48,-1,0,0,0,0,0,0,0x0,0x0,0,0,0,0,0x0,0,0x0,0x0,0,1.0,1.0,5,5,,,"Nains Sombrefer",,,,,,,,,,,,,,0xFF01FE,,,"",,,,,,,,,,,,,,0xFF01FC,
49,-1,0,0,0,0,0,0,0x0,0x0,0,0,0,0,0x0,0,0x0,0x0,0,1.0,1.0,5,5,,,"Humain, Veilleur",,,,,,,,,,,,,,0xFF01FE,,,"",,,,,,,,,,,,,,0xFF01FC,
50,-1,0,0,0,0,0,0,0x0,0x0,0,0,0,0,0x0,0,0x0,0x0,0,1.0,1.0,5,5,,,"Vol rouge",,,,,,,,,,,,,,0xFF01FE,,,"",,,,,,,,,,,,,,0xFF01FC,
51,-1,0,0,0,0,0,0,0x0,0x0,0,0,0,0,0x0,0,0x0,0x0,0,1.0,1.0,5,5,,,"Gnoll - Poil-moussu",,,,,,,,,,,,,,0xFF01FE,,,"",,,,,,,,,,,,,,0xFF01FC,
52,-1,0,0,0,0,0,0,0x0,0x0,0,0,0,0,0x0,0,0x0,0x0,0,1.0,1.0,5,5,,,"Orc, Gueule-de-dragon",,,,,,,,,,,,,,0xFF01FE,,,"",,,,,,,,,,,,,,0xFF01FC,
53,-1,0,0,0,0,0,0,0x0,0x0,0,0,0,0,0x0,0,0x0,0x0,0,1.0,1.0,5,5,,,"Gnome - Lépreux",,,,,,,,,,,,,,0xFF01FE,,,"",,,,,,,,,,,,,,0xFF01FC,
54,18,1364241421,716002226,67240000,0,0,0,0x0,0x0,3100,-42000,4000,0,0x111,6,0x11,0x0,469,1.0,0.25,7,5,,,"Exilés de Gnomeregan",,,,,,,,,,,,,,0xFF01FE,,,"Les anciens habitants de Gnomeregan vivent en exil à Forgefer et se sont associés à l’Alliance.",,,,,,,,,,,,,,0xFF01FE,
55,-1,0,0,0,0,0,0,0x0,0x0,0,0,0,0,0x0,0,0x0,0x0,0,1.0,1.0,5,5,,,"Léopard",,,,,,,,,,,,,,0xFF01FE,,,"",,,,,,,,,,,,,,0xFF01FC,
56,-1,0,0,0,0,0,0,0x0,0x0,0,0,0,0,0x0,0,0x0,0x0,0,1.0,1.0,5,5,,,"Croisade écarlate",,,,,,,,,,,,,,0xFF01FE,,,"",,,,,,,,,,,,,,0xFF01FC,
57,-1,0,0,0,0,0,0,0x0,0x0,0,0,0,0,0x0,0,0x0,0x0,0,1.0,1.0,5,5,,,"Gnoll - Poils-putrides",,,,,,,,,,,,,,0xFF01FE,,,"",,,,,,,,,,,,,,0xFF01FC,
58,-1,0,0,0,0,0,0,0x0,0x0,0,0,0,0,0x0,0,0x0,0x0,0,1.0,1.0,5,5,,,"Bête - Gorille",,,,,,,,,,,,,,0xFF01FE,,,"",,,,,,,,,,,,,,0xFF01FC,
59,4,2147483647,0,0,0,0,0,0x0,0x0,0,0,0,0,0x10,0,0x0,0x0,1118,0.0,0.0,5,5,,,"Confrérie du thorium",,,,,,,,,,,,,,0xFF01FE,,,"Les nains de la Confrérie du thorium personnifient l’excellence dans l’artisanat, et sont résolus à percer les secrets du mont Rochenoire.",,,,,,,,,,,,,,0xFF01FE,
60,-1,0,0,0,0,0,0,0x0,0x0,0,0,0,0,0x0,0,0x0,0x0,0,1.0,1.0,5,5,,,"Naga",,,,,,,,,,,,,,0xFF01FE,,,"",,,,,,,,,,,,,,0xFF01FC,
61,-1,0,0,0,0,0,0,0x0,0x0,0,0,0,0,0x0,0,0x0,0x0,0,1.0,1.0,5,5,,,"Dalaran",,,,,,,,,,,,,,0xFF01FE,,,"",,,,,,,,,,,,,,0xFF01FC,
62,-1,0,0,0,0,0,0,0x0,0x0,0,0,0,0,0x0,0,0x0,0x0,0,1.0,1.0,5,5,,,"Esprit mélancolique",,,,,,,,,,,,,,0xFF01FE,,,"",,,,,,,,,,,,,,0xFF01FC,
63,-1,0,0,0,0,0,0,0x0,0x0,0,0,0,0,0x0,0,0x0,0x0,0,1.0,1.0,5,5,,,"Rugissombre",,,,,,,,,,,,,,0xFF01FE,,,"",,,,,,,,,,,,,,0xFF01FC,
64,-1,0,0,0,0,0,0,0x0,0x0,0,0,0,0,0x0,0,0x0,0x0,0,1.0,1.0,5,5,,,"Grell",,,,,,,,,,,,,,0xFF01FE,,,"",,,,,,,,,,,,,,0xFF01FC,
65,-1,0,0,0,0,0,0,0x0,0x0,0,0,0,0,0x0,0,0x0,0x0,0,1.0,1.0,5,5,,,"Furbolg",,,,,,,,,,,,,,0xFF01FE,,,"",,,,,,,,,,,,,,0xFF01FC,
66,-1,0,0,0,0,0,0,0x0,0x0,0,0,0,0,0x0,0,0x0,0x0,0,1.0,1.0,5,5,,,"Horde Générique",,,,,,,,,,,,,,0xFF01FE,,,"",,,,,,,,,,,,,,0xFF01FC,
67,12,716002226,1431481421,0,0,0,0,0x0,0x0,3500,-42000,0,0,0x19,14,0x0,0x0,1118,0.0,0.0,5,5,,,"Horde",,,,,,,,,,,,,,0xFF01FE,,,"",,,,,,,,,,,,,,0xFF01FC,
68,17,715985314,1431481421,16,16896,0,0,0x0,0x0,500,-42000,4000,3100,0x111,6,0x11,0x11,67,1.0,0.25,7,5,,,"Fossoyeuse",,,,,,,,,,,,,,0xFF01FE,,,"Dirigés par Sylvanas Coursevent, les Réprouvés ont établi une alliance ténue avec la Horde et se sont installés dans les vastes catacombes qui s’étendent sous les ruines de Lordaeron.",,,,,,,,,,,,,,0xFF01FE,
69,21,1431448647,716002226,32776,0,0,0,0x0,0x0,3100,-42000,4000,0,0x111,6,0x11,0x0,469,1.0,0.25,7,5,,,"Darnassus",,,,,,,,,,,,,,0xFF01FE,,,"Située sur l’île de Teldrassil, cette capitale de l’Alliance est la demeure des elfes de la nuit. Elle est dirigée par la prêtresse de la Lune, Tyrande Murmevent.",,,,,,,,,,,,,,0xFF01FE,
70,6,2147483647,0,0,0,0,0,0x0,0x0,-10000,0,0,0,0x2,0,0x0,0x0,0,1.0,1.0,5,5,,,"Syndicat",,,,,,,,,,,,,,0xFF01FE,,,"Cette organisation criminelle, composée d’une majorité d’humains, opère depuis les montagnes d’Alterac et les contreforts de Hautebrande.",,,,,,,,,,,,,,0xFF01FE,
71,-1,0,0,0,0,0,0,0x0,0x0,0,0,0,0,0x0,0,0x0,0x0,0,1.0,1.0,5,5,,,"Milice de Hautebrande",,,,,,,,,,,,,,0xFF01FE,,,"",,,,,,,,,,,,,,0xFF01FC,
72,19,1163035724,716002226,268445697,0,0,0,0x0,0x0,3100,-42000,4000,0,0x111,6,0x11,0x0,469,1.0,0.25,7,5,,,"Hurlevent",,,,,,,,,,,,,,0xFF01FE,,,"Cette capitale de l’Alliance est l’un des derniers bastions de la puissance des humains. Elle est gouvernée par le roi Varian Wrynn, revenu après une disparition mystérieuse.",,,,,,,,,,,,,,0xFF01FE,
73,-1,0,0,0,0,0,0,0x0,0x0,0,0,0,0,0x0,0,0x0,0x0,0,1.0,1.0,5,5,,,"Démon",,,,,,,,,,,,,,0xFF01FE,,,"",,,,,,,,,,,,,,0xFF01FC,
74,-1,0,0,0,0,0,0,0x0,0x0,0,0,0,0,0x0,0,0x0,0x0,0,1.0,1.0,5,5,,,"Elémentaire",,,,,,,,,,,,,,0xFF01FE,,,"",,,,,,,,,,,,,,0xFF01FC,
75,-1,0,0,0,0,0,0,0x0,0x0,0,0,0,0,0x0,0,0x0,0x0,0,1.0,1.0,5,5,,,"Esprit",,,,,,,,,,,,,,0xFF01FE,,,"",,,,,,,,,,,,,,0xFF01FC,
76,14,707592352,1431481421,8392962,16912,0,0,0x0,0x0,3100,-42000,4000,500,0x111,6,0x11,0x11,67,1.0,0.25,7,5,,,"Orgrimmar",,,,,,,,,,,,,,0xFF01FE,,,"Fondée par Thrall, cette capitale de la Horde abrite les nombreux et fiers clans orcs de Durotar.",,,,,,,,,,,,,,0xFF01FE,
77,-1,0,0,0,0,0,0,0x0,0x0,0,0,0,0,0x0,0,0x0,0x0,0,1.0,1.0,5,5,,,"Trésor",,,,,,,,,,,,,,0xFF01FE,,,"",,,,,,,,,,,,,,0xFF01FC,
78,-1,0,0,0,0,0,0,0x0,0x0,0,0,0,0,0x0,0,0x0,0x0,0,1.0,1.0,5,5,,,"Gnoll - Fangemufle",,,,,,,,,,,,,,0xFF01FE,,,"",,,,,,,,,,,,,,0xFF01FC,
79,-1,0,0,0,0,0,0,0x0,0x0,0,0,0,0,0x0,0,0x0,0x0,0,1.0,1.0,5,5,,,"Hautebrande, maire d’Austrivage",,,,,,,,,,,,,,0xFF01FE,,,"",,,,,,,,,,,,,,0xFF01FC,
80,-1,0,0,0,0,0,0,0x0,0x0,0,0,0,0,0x0,0,0x0,0x0,0,1.0,1.0,5,5,,,"Vol Noir",,,,,,,,,,,,,,0xFF01FE,,,"",,,,,,,,,,,,,,0xFF01FC,
81,16,11014530,1431481421,16912,704970784,0,0,0x0,0x0,3100,-42000,500,4000,0x111,6,0x11,0x11,67,1.0,0.25,7,5,,,"Les Pitons du Tonnerre",,,,,,,,,,,,,,0xFF01FE,,,"Cairne Sabot-de-sang dirige son peuple, les fiers taurens, depuis cette puissante capitale de la Horde.",,,,,,,,,,,,,,0xFF01FE,
82,-1,0,0,0,0,0,0,0x0,0x0,0,0,0,0,0x0,0,0x0,0x0,0,1.0,1.0,5,5,,,"Troll, Fânécorce",,,,,,,,,,,,,,0xFF01FE,,,"",,,,,,,,,,,,,,0xFF01FC,
83,23,2147483647,0,0,0,0,0,0x0,0x0,2999,0,0,0,0x4,0,0x0,0x0,0,1.0,1.0,5,5,,," Travail du cuir - Elémentaire",,,,,,,,,,,,,,0xFF01FE,,,"",,,,,,,,,,,,,,0xFF01FC,
84,-1,0,0,0,0,0,0,0x0,0x0,0,0,0,0,0x0,0,0x0,0x0,0,1.0,1.0,5,5,,,"Huran, Tranchecrin",,,,,,,,,,,,,,0xFF01FE,,,"",,,,,,,,,,,,,,0xFF01FC,
85,-1,0,0,0,0,0,0,0x0,0x0,0,0,0,0,0x0,0,0x0,0x0,0,1.0,1.0,5,5,,,"Huran, Dos-hirsute",,,,,,,,,,,,,,0xFF01FE,,,"",,,,,,,,,,,,,,0xFF01FC,
86,22,2147483647,0,0,0,0,0,0x0,0x0,2999,0,0,0,0x4,0,0x0,0x0,0,1.0,1.0,5,5,,," Travail du cuir - Écailles de dragon",,,,,,,,,,,,,,0xFF01FE,,,"",,,,,,,,,,,,,,0xFF01FC,
87,0,2147483647,0,0,0,0,0,0x0,0x0,-6500,0,0,0,0x2,0,0x0,0x0,1118,0.0,0.0,5,5,,,"La Voile sanglante",,,,,,,,,,,,,,0xFF01FE,,,"Ennemis jurés de Baie-du-Butin, ces corsaires assoiffés de sang sont la plaie des nombreux marchands qui naviguent en haute mer.",,,,,,,,,,,,,,0xFF01FE,
88,-1,0,0,0,0,0,0,0x0,0x0,0,0,0,0,0x0,0,0x0,0x0,0,1.0,1.0,5,5,,,"Brassenoire",,,,,,,,,,,,,,0xFF01FE,,,"",,,,,,,,,,,,,,0xFF01FC,
89,-1,0,0,0,0,0,0,0x0,0x0,0,0,0,0,0x0,0,0x0,0x0,0,1.0,1.0,5,5,,,"Makrura",,,,,,,,,,,,,,0xFF01FE,,,"",,,,,,,,,,,,,,0xFF01FC,
90,-1,0,0,0,0,0,0,0x0,0x0,0,0,0,0,0x0,0,0x0,0x0,0,1.0,1.0,5,5,,,"Centaures (Kolkar)",,,,,,,,,,,,,,0xFF01FE,,,"",,,,,,,,,,,,,,0xFF01FC,
91,-1,0,0,0,0,0,0,0x0,0x0,0,0,0,0,0x0,0,0x0,0x0,0,1.0,1.0,5,5,,,"Centaures (Galak)",,,,,,,,,,,,,,0xFF01FE,,,"",,,,,,,,,,,,,,0xFF01FC,
92,2,2147483647,0,0,0,0,0,0x0,0x0,2000,0,0,0,0x2,0,0x0,0x0,1118,0.0,0.0,5,5,,,"Centaures (Gelkis)",,,,,,,,,,,,,,0xFF01FE,,,"Ennemis mortels des centaures Magram, ces centaures se sont établis dans la région méridionale de Désolace.",,,,,,,,,,,,,,0xFF01FE,
93,3,2147483647,0,0,0,0,0,0x0,0x0,2000,0,0,0,0x2,0,0x0,0x0,1118,0.0,0.0,5,5,,,"Centaures (Magram)",,,,,,,,,,,,,,0xFF01FE,,,"Ennemis mortels des centaures Gelkis, ces centaures résident dans la région orientale de Désolace.",,,,,,,,,,,,,,0xFF01FE,
94,-1,0,0,0,0,0,0,0x0,0x0,0,0,0,0,0x0,0,0x0,0x0,0,1.0,1.0,5,5,,,"Maraudine",,,,,,,,,,,,,,0xFF01FE,,,"",,,,,,,,,,,,,,0xFF01FC,
108,-1,0,0,0,0,0,0,0x0,0x0,0,0,0,0,0x0,0,0x0,0x0,0,1.0,1.0,5,5,,,"Theramore",,,,,,,,,,,,,,0xFF01FE,,,"",,,,,,,,,,,,,,0xFF01FC,
109,-1,0,0,0,0,0,0,0x0,0x0,0,0,0,0,0x0,0,0x0,0x0,0,1.0,1.0,5,5,,,"Huran, Tranchebauge",,,,,,,,,,,,,,0xFF01FE,,,"",,,,,,,,,,,,,,0xFF01FC,
110,-1,0,0,0,0,0,0,0x0,0x0,0,0,0,0,0x0,0,0x0,0x0,0,1.0,1.0,5,5,,,"Huran, Tranchecrin 2",,,,,,,,,,,,,,0xFF01FE,,,"",,,,,,,,,,,,,,0xFF01FC,
111,-1,0,0,0,0,0,0,0x0,0x0,0,0,0,0,0x0,0,0x0,0x0,0,1.0,1.0,5,5,,,"Huran, Tête de mort",,,,,,,,,,,,,,0xFF01FE,,,"",,,,,,,,,,,,,,0xFF01FC,
128,-1,0,0,0,0,0,0,0x0,0x0,0,0,0,0,0x0,0,0x0,0x0,0,1.0,1.0,5,5,,,"Ennemi",,,,,,,,,,,,,,0xFF01FE,,,"",,,,,,,,,,,,,,0xFF01FC,
148,-1,0,0,0,0,0,0,0x0,0x0,0,0,0,0,0x0,0,0x0,0x0,0,1.0,1.0,5,5,,,"Ambiant",,,,,,,,,,,,,,0xFF01FE,,,"",,,,,,,,,,,,,,0xFF01FC,
168,-1,0,0,0,0,0,0,0x0,0x0,0,0,0,0,0x0,0,0x0,0x0,0,1.0,1.0,5,5,,,"Caravane de Rempart-du-Néant",,,,,,,,,,,,,,0xFF01FE,,,"",,,,,,,,,,,,,,0xFF01FC,
169,10,2147483647,0,0,0,0,0,0x0,0x0,500,0,0,0,0xC,0,0x0,0x0,1118,0.0,0.0,5,5,,,"Cartel Gentepression",,,,,,,,,,,,,,0xFF01FE,,,"",,,,,,,,,,,,,,0xFF01FC,
189,-1,0,0,0,0,0,0,0x0,0x0,0,0,0,0,0x0,0,0x0,0x0,0,1.0,1.0,5,5,,,"Alliance (Générique)",,,,,,,,,,,,,,0xFF01FE,,,"",,,,,,,,,,,,,,0xFF01FC,
209,-1,0,0,0,0,0,0,0x0,0x0,0,0,0,0,0x0,0,0x0,0x0,0,1.0,1.0,5,5,,,"Rempart-du-Néant",,,,,,,,,,,,,,0xFF01FE,,,"",,,,,,,,,,,,,,0xFF01FC,
229,-1,0,0,0,0,0,0,0x0,0x0,0,0,0,0,0x0,0,0x0,0x0,0,1.0,1.0,5,5,,,"Cavernes des lamentations",,,,,,,,,,,,,,0xFF01FE,,,"",,,,,,,,,,,,,,0xFF01FC,
249,-1,0,0,0,0,0,0,0x0,0x0,0,0,0,0,0x0,0,0x0,0x0,0,1.0,1.0,5,5,,,"Silithides",,,,,,,,,,,,,,0xFF01FE,,,"",,,,,,,,,,,,,,0xFF01FC,
269,-1,0,0,0,0,0,0,0x0,0x0,0,0,0,0,0x0,0,0x0,0x0,0,1.0,1.0,5,5,,,"Survivants de Lune-d'argent",,,,,,,,,,,,,,0xFF01FE,,,"",,,,,,,,,,,,,,0xFF01FC,
270,51,2147483647,0,0,0,0,0,0x0,0x0,0,0,0,0,0x10,0,0x0,0x0,1118,0.0,0.0,5,5,,,"Tribu Zandalar",,,,,,,,,,,,,,0xFF01FE,,,"Ces trolls sont venus sur l’île de Yojamba pour tenter de trouver de l’aide contre le Dieu sanglant ressuscité et ses prêtres atal’ai, à Zul'Gurub.",,,,,,,,,,,,,,0xFF01FE,
289,30,2147483647,0,0,0,0,0,0x0,0x0,0,0,0,0,0x4,0,0x0,0x0,0,1.0,1.0,5,5,,," Forge - Fabricant d'armes",,,,,,,,,,,,,,0xFF01FE,,,"",,,,,,,,,,,,,,0xFF01FC,
309,-1,0,0,0,0,0,0,0x0,0x0,0,0,0,0,0x0,0,0x0,0x0,0,1.0,1.0,5,5,,,"Scorpide",,,,,,,,,,,,,,0xFF01FE,,,"",,,,,,,,,,,,,,0xFF01FC,
310,-1,0,0,0,0,0,0,0x0,0x0,0,0,0,0,0x0,0,0x0,0x0,0,1.0,1.0,5,5,,,"Bête - Chauve-souris",,,,,,,,,,,,,,0xFF01FE,,,"",,,,,,,,,,,,,,0xFF01FC,
311,-1,0,0,0,0,0,0,0x0,0x0,0,0,0,0,0x0,0,0x0,0x0,0,1.0,1.0,5,5,,,"Titan",,,,,,,,,,,,,,0xFF01FE,,,"",,,,,,,,,,,,,,0xFF01FC,
329,-1,0,0,0,0,0,0,0x0,0x0,0,0,0,0,0x0,0,0x0,0x0,0,1.0,1.0,5,5,,,"Sous-chef Fizzule",,,,,,,,,,,,,,0xFF01FE,,,"",,,,,,,,,,,,,,0xFF01FC,
349,5,2147483647,0,0,0,0,0,0x0,0x0,0,0,0,0,0x0,0,0x0,0x0,1118,0.0,0.0,5,5,,,"Ravenholdt",,,,,,,,,,,,,,0xFF01FE,,,"Cette guilde de voleurs et d’assassins, ennemie jurée du Syndicat, n’accepte que les individus les plus talentueux.",,,,,,,,,,,,,,0xFF01FE,
369,7,2147483647,0,0,0,0,0,0x0,0x0,500,0,0,0,0x40,0,0x0,0x0,169,1.0,0.5,7,5,,,"Gadgetzan",,,,,,,,,,,,,,0xFF01FE,,,"Capitale du cartel Gentepression, c’est la demeure des meilleurs ingénieurs, alchimistes et marchands gobelins.",,,,,,,,,,,,,,0xFF01FE,
389,-1,0,0,0,0,0,0,0x0,0x0,0,0,0,0,0x0,0,0x0,0x0,0,1.0,1.0,5,5,,,"Insecte de Gnomeregan",,,,,,,,,,,,,,0xFF01FE,,,"",,,,,,,,,,,,,,0xFF01FC,
409,-1,0,0,0,0,0,0,0x0,0x0,0,0,0,0,0x0,0,0x0,0x0,0,1.0,1.0,5,5,,,"Harpie",,,,,,,,,,,,,,0xFF01FE,,,"",,,,,,,,,,,,,,0xFF01FC,
429,-1,0,0,0,0,0,0,0x0,0x0,0,0,0,0,0x0,0,0x0,0x0,0,1.0,1.0,5,5,,,"Lame ardente",,,,,,,,,,,,,,0xFF01FE,,,"",,,,,,,,,,,,,,0xFF01FC,
449,-1,0,0,0,0,0,0,0x0,0x0,0,0,0,0,0x0,0,0x0,0x0,0,1.0,1.0,5,5,,,"Braconnier Ombresoie",,,,,,,,,,,,,,0xFF01FE,,,"",,,,,,,,,,,,,,0xFF01FC,
450,-1,0,0,0,0,0,0,0x0,0x0,0,0,0,0,0x0,0,0x0,0x0,0,1.0,1.0,5,5,,,"Araignée des Vents brûlants",,,,,,,,,,,,,,0xFF01FE,,,"",,,,,,,,,,,,,,0xFF01FC,
469,11,1431481421,716002226,0,0,0,0,0x0,0x0,3300,-42000,0,0,0x19,14,0x0,0x0,1118,0.0,0.0,5,5,,,"Alliance",,,,,,,,,,,,,,0xFF01FE,,,"",,,,,,,,,,,,,,0xFF01FC,
470,9,2147483647,0,0,0,0,0,0x0,0x0,500,0,0,0,0x40,0,0x0,0x0,169,1.0,0.5,7,5,,,"Cabestan",,,,,,,,,,,,,,0xFF01FE,,,"Cette ville gobeline appartient au cartel Gentepression. Elle offre un abri neutre à tous ceux qui veulent échanger des biens et des services dans les Tarides.",,,,,,,,,,,,,,0xFF01FE,
471,8,1427287113,716002226,4194308,0,0,0,0x0,0x0,150,-42000,500,0,0x14,22,0x4,0x0,0,1.0,1.0,5,5,,,"Clan Marteau-hardi",,,,,,,,,,,,,,0xFF01FE,,,"Même s’ils n’appartiennent pas à l’Alliance, les nains du Nid-de-l’Aigle lui ont ouvert leurs portes et considèrent les peuples de la Horde comme des ennemis.",,,,,,,,,,,,,,0xFF01FE,
489,-1,0,0,0,0,0,0,0x0,0x0,0,0,0,0,0x0,0,0x0,0x0,0,1.0,1.0,5,5,,,"Gobelin, client du bar sombrefer",,,,,,,,,,,,,,0xFF01FE,,,"",,,,,,,,,,,,,,0xFF01FC,
509,53,1431481421,716002226,0,0,0,0,0x0,0x0,0,-42000,0,0,0x10,2,0x0,0x0,891,0.0,0.0,5,5,,,"La Ligue d'Arathor",,,,,,,,,,,,,,0xFF01FE,,,"La Ligue d’Arathor tente de récupérer les terres perdues du bassin d’Arathi pour le compte de ses bienfaiteurs de Hurlevent.",,,,,,,,,,,,,,0xFF01FE,
510,52,716002226,1431481421,0,0,0,0,0x0,0x0,0,-42000,0,0,0x10,2,0x0,0x0,892,0.0,0.0,5,5,,,"Les Profanateurs",,,,,,,,,,,,,,0xFF01FE,,,"Les Profanateurs cherchent à s’emparer des ressources inestimables du bassin d’Arathi au profit de la Horde.",,,,,,,,,,,,,,0xFF01FE,
511,-1,0,0,0,0,0,0,0x0,0x0,0,0,0,0,0x0,0,0x0,0x0,0,1.0,1.0,5,5,,,"Géant",,,,,,,,,,,,,,0xFF01FE,,,"",,,,,,,,,,,,,,0xFF01FC,
529,13,2147483647,0,0,0,0,0,0x0,0x0,200,0,0,0,0x0,0,0x0,0x0,1118,0.0,0.0,5,5,,,"Aube d'argent",,,,,,,,,,,,,,0xFF01FE,,,"Cette organisation s’est vouée à protéger Azeroth contre la menace du Fléau. On trouve ses forteresses dans les Maleterres de l’est et de l’ouest.",,,,,,,,,,,,,,0xFF01FE,
530,15,713363746,1431481421,16912,2621568,0,0,0x0,0x0,3100,-42000,500,4000,0x111,6,0x11,0x11,67,1.0,0.25,7,5,,,"Trolls Sombrelance",,,,,,,,,,,,,,0xFF01FE,,,"Cette tribu de trolls exilés a joint ses forces à celles de Thrall et de la Horde. Ils partagent désormais Durotar avec leurs alliés orcs.",,,,,,,,,,,,,,0xFF01FE,
531,-1,0,0,0,0,0,0,0x0,0x0,0,0,0,0,0x0,0,0x0,0x0,0,1.0,1.0,5,5,,,"Vol de bronze",,,,,,,,,,,,,,0xFF01FE,,,"",,,,,,,,,,,,,,0xFF01FC,
532,-1,0,0,0,0,0,0,0x0,0x0,0,0,0,0,0x0,0,0x0,0x0,0,1.0,1.0,5,5,,,"Vol bleu",,,,,,,,,,,,,,0xFF01FE,,,"",,,,,,,,,,,,,,0xFF01FC,
549,24,2147483647,0,0,0,0,0,0x0,0x0,2999,0,0,0,0x4,0,0x0,0x0,0,1.0,1.0,5,5,,," Travail du cuir - Tribal",,,,,,,,,,,,,,0xFF01FE,,,"",,,,,,,,,,,,,,0xFF01FC,
550,26,2147483647,0,0,0,0,0,0x0,0x0,2999,0,0,0,0x4,0,0x0,0x0,0,1.0,1.0,5,5,,," Ingénieur - Gobelin",,,,,,,,,,,,,,0xFF01FE,,,"",,,,,,,,,,,,,,0xFF01FC,
551,25,2147483647,0,0,0,0,0,0x0,0x0,2999,0,0,0,0x4,0,0x0,0x0,0,1.0,1.0,5,5,,," Ingénieur - Gnome",,,,,,,,,,,,,,0xFF01FE,,,"",,,,,,,,,,,,,,0xFF01FC,
569,33,2147483647,0,0,0,0,0,0x0,0x0,0,0,0,0,0x4,0,0x0,0x0,0,1.0,1.0,5,5,,," Forge - Fabricant de marteaux",,,,,,,,,,,,,,0xFF01FE,,,"",,,,,,,,,,,,,,0xFF01FC,
570,31,2147483647,0,0,0,0,0,0x0,0x0,0,0,0,0,0x4,0,0x0,0x0,0,1.0,1.0,5,5,,," Forge - Fabricant de haches",,,,,,,,,,,,,,0xFF01FE,,,"",,,,,,,,,,,,,,0xFF01FC,
571,32,2147483647,0,0,0,0,0,0x0,0x0,0,0,0,0,0x4,0,0x0,0x0,0,1.0,1.0,5,5,,," Forge - Fabricant d'épées",,,,,,,,,,,,,,0xFF01FE,,,"",,,,,,,,,,,,,,0xFF01FC,
572,-1,0,0,0,0,0,0,0x0,0x0,0,0,0,0,0x0,0,0x0,0x0,0,1.0,1.0,5,5,,,"Troll, Vilebranche",,,,,,,,,,,,,,0xFF01FE,,,"",,,,,,,,,,,,,,0xFF01FC,
573,-1,0,0,0,0,0,0,0x0,0x0,0,0,0,0,0x0,0,0x0,0x0,0,1.0,1.0,5,5,,,"Flibustiers des mers du Sud",,,,,,,,,,,,,,0xFF01FE,,,"",,,,,,,,,,,,,,0xFF01FC,
574,34,2147483647,0,0,0,0,0,0x0,0x0,0,0,0,0,0x4,0,0x0,0x0,0,1.0,1.0,5,5,,,"Caer Darrow",,,,,,,,,,,,,,0xFF01FE,,,"",,,,,,,,,,,,,,0xFF01FC,
575,-1,0,0,0,0,0,0,0x0,0x0,0,0,0,0,0x0,0,0x0,0x0,0,1.0,1.0,5,5,,,"Furbolg, non corrompu",,,,,,,,,,,,,,0xFF01FE,,,"",,,,,,,,,,,,,,0xFF01FC,
576,35,2147483647,0,0,0,0,0,0x0,0x0,-3500,0,0,0,0x2,0,0x0,0x0,1118,0.0,0.0,5,5,,,"Les Grumegueules",,,,,,,,,,,,,,0xFF01FE,,,"Les Grumegueules sont la dernière tribu furbolg à échapper à la corruption. Ils cherchent à préserver leur spiritualité et à mettre un terme aux souffrances de leur peuple.",,,,,,,,,,,,,,0xFF01FE,
577,28,2147483647,0,0,0,0,0,0x0,0x0,500,0,0,0,0x40,0,0x0,0x0,169,1.0,0.5,7,5,,,"Long-guet",,,,,,,,,,,,,,0xFF01FE,,,"Administré par les gobelins du cartel Gentepression, ce comptoir se trouve au croisement des routes commerciales du Berceau-de-l’hiver.",,,,,,,,,,,,,,0xFF01FE,
589,27,716002226,1431481421,0,0,0,0,0x0,0x0,-42000,0,0,0,0x6,0,0x0,0x0,0,1.0,1.0,5,5,,,"Éleveurs de sabres-d'hiver",,,,,,,,,,,,,,0xFF01FE,,,"Ce petit groupe d’elfes de la nuit vit en reclus. Ses membres élèvent et dressent des sabres-d’hiver au Berceau-de-l’hiver.",,,,,,,,,,,,,,0xFF01FE,
609,36,2147483647,33587240,0,0,8387587,1024,0x0,0x0,0,2000,0,0,0x0,0,0x0,0x0,1118,0.0,0.0,5,5,,,"Cercle cénarien",,,,,,,,,,,,,,0xFF01FE,,,"Gardiens de la nature, les druides du Cercle cénarien ont établi leur demeure dans la paisible vallée de Reflet-de-Lune.",,,,,,,,,,,,,,0xFF01FE,
629,-1,0,0,0,0,0,0,0x0,0x0,0,0,0,0,0x0,0,0x0,0x0,0,1.0,1.0,5,5,,,"Trolls Briselance",,,,,,,,,,,,,,0xFF01FE,,,"",,,,,,,,,,,,,,0xFF01FC,
630,-1,0,0,0,0,0,0,0x0,0x0,0,0,0,0,0x0,0,0x0,0x0,0,1.0,1.0,5,5,,,"Éleveurs de ravasaures",,,,,,,,,,,,,,0xFF01FE,,,"",,,,,,,,,,,,,,0xFF01FC,
649,-1,0,0,0,0,0,0,0x0,0x0,0,0,0,0,0x0,0,0x0,0x0,0,1.0,1.0,5,5,,,"Chambellan Executus",,,,,,,,,,,,,,0xFF01FE,,,"",,,,,,,,,,,,,,0xFF01FC,
669,-1,0,0,0,0,0,0,0x0,0x0,0,0,0,0,0x0,0,0x0,0x0,0,1.0,1.0,5,5,,,"Bête - Charognard",,,,,,,,,,,,,,0xFF01FE,,,"",,,,,,,,,,,,,,0xFF01FC,
670,-1,0,0,0,0,0,0,0x0,0x0,0,0,0,0,0x0,0,0x0,0x0,0,1.0,1.0,5,5,,,"Bête - Chat",,,,,,,,,,,,,,0xFF01FE,,,"",,,,,,,,,,,,,,0xFF01FC,
671,-1,0,0,0,0,0,0,0x0,0x0,0,0,0,0,0x0,0,0x0,0x0,0,1.0,1.0,5,5,,,"Bête - Crabe",,,,,,,,,,,,,,0xFF01FE,,,"",,,,,,,,,,,,,,0xFF01FC,
672,-1,0,0,0,0,0,0,0x0,0x0,0,0,0,0,0x0,0,0x0,0x0,0,1.0,1.0,5,5,,,"Bête - Crocilisque",,,,,,,,,,,,,,0xFF01FE,,,"",,,,,,,,,,,,,,0xFF01FC,
673,-1,0,0,0,0,0,0,0x0,0x0,0,0,0,0,0x0,0,0x0,0x0,0,1.0,1.0,5,5,,,"Bête - Hyène",,,,,,,,,,,,,,0xFF01FE,,,"",,,,,,,,,,,,,,0xFF01FC,
674,-1,0,0,0,0,0,0,0x0,0x0,0,0,0,0,0x0,0,0x0,0x0,0,1.0,1.0,5,5,,,"Bête - Chouette",,,,,,,,,,,,,,0xFF01FE,,,"",,,,,,,,,,,,,,0xFF01FC,
675,-1,0,0,0,0,0,0,0x0,0x0,0,0,0,0,0x0,0,0x0,0x0,0,1.0,1.0,5,5,,,"Bête - Scorpide",,,,,,,,,,,,,,0xFF01FE,,,"",,,,,,,,,,,,,,0xFF01FC,
676,-1,0,0,0,0,0,0,0x0,0x0,0,0,0,0,0x0,0,0x0,0x0,0,1.0,1.0,5,5,,,"Bête - Haut-trotteur",,,,,,,,,,,,,,0xFF01FE,,,"",,,,,,,,,,,,,,0xFF01FC,
677,-1,0,0,0,0,0,0,0x0,0x0,0,0,0,0,0x0,0,0x0,0x0,0,1.0,1.0,5,5,,,"Bête - Tortue",,,,,,,,,,,,,,0xFF01FE,,,"",,,,,,,,,,,,,,0xFF01FC,
678,-1,0,0,0,0,0,0,0x0,0x0,0,0,0,0,0x0,0,0x0,0x0,0,1.0,1.0,5,5,,,"Bête - Serpent du vent",,,,,,,,,,,,,,0xFF01FE,,,"",,,,,,,,,,,,,,0xFF01FC,
679,-1,0,0,0,0,0,0,0x0,0x0,0,0,0,0,0x0,0,0x0,0x0,0,1.0,1.0,5,5,,,"Mannequin d’entraînement",,,,,,,,,,,,,,0xFF01FE,,,"",,,,,,,,,,,,,,0xFF01FC,
689,-1,0,0,0,0,0,0,0x0,0x0,0,0,0,0,0x0,0,0x0,0x0,0,1.0,1.0,5,5,,,"Vol noir - Appât",,,,,,,,,,,,,,0xFF01FE,,,"",,,,,,,,,,,,,,0xFF01FC,
709,-1,0,0,0,0,0,0,0x0,0x0,0,0,0,0,0x0,0,0x0,0x0,0,1.0,1.0,5,5,,,"Neutres des Champs de bataille",,,,,,,,,,,,,,0xFF01FE,,,"",,,,,,,,,,,,,,0xFF01FC,
729,41,716002226,1431481421,0,0,0,0,0x0,0x0,0,-42000,0,0,0x10,2,0x0,0x0,892,0.0,0.0,5,5,,,"Clan Loup-de-givre",,,,,,,,,,,,,,0xFF01FE,,,"Le clan Loup-de-givre cherche à chasser les nains de l’expédition Foudrepique de la vallée d’Alterac.",,,,,,,,,,,,,,0xFF01FE,
730,40,1431481421,716002226,0,0,0,0,0x0,0x0,0,-42000,0,0,0x10,2,0x0,0x0,891,0.0,0.0,5,5,,,"Garde Foudrepique",,,,,,,,,,,,,,0xFF01FE,,,"Les nains Foudrepique se sont établis dans la vallée d’Alterac, où ils affrontent sans cesse les orcs Loup-de-givre.",,,,,,,,,,,,,,0xFF01FE,
749,42,2147483647,0,0,0,0,0,0x0,0x0,0,0,0,0,0x0,0,0x0,0x0,1118,1.0,1.0,5,5,,,"Les Hydraxiens",,,,,,,,,,,,,,0xFF01FE,,,"Ennemis jurés des armées de Ragnaros, ces élémentaires se sont installés dans les îles à l’est d’Azshara.",,,,,,,,,,,,,,0xFF01FE,
750,-1,0,0,0,0,0,0,0x0,0x0,0,0,0,0,0x0,0,0x0,0x0,0,1.0,1.0,5,5,,,"Seigneurs du feu de Sulfuron",,,,,,,,,,,,,,0xFF01FE,,,"",,,,,,,,,,,,,,0xFF01FC,
769,-1,0,0,0,0,0,0,0x0,0x0,0,0,0,0,0x0,0,0x0,0x0,0,1.0,1.0,5,5,,,"Mannequin de Kadenaz",,,,,,,,,,,,,,0xFF01FE,,,"",,,,,,,,,,,,,,0xFF01FC,
770,-1,0,0,0,0,0,0,0x0,0x0,0,0,0,0,0x0,0,0x0,0x0,0,1.0,1.0,5,5,,,"Amulette de Kadenaz",,,,,,,,,,,,,,0xFF01FE,,,"",,,,,,,,,,,,,,0xFF01FC,
771,-1,0,0,0,0,0,0,0x0,0x0,0,0,0,0,0x0,0,0x0,0x0,0,1.0,1.0,5,5,,,"Kadenaz",,,,,,,,,,,,,,0xFF01FE,,,"",,,,,,,,,,,,,,0xFF01FC,
789,-1,0,0,0,0,0,0,0x0,0x0,0,0,0,0,0x0,0,0x0,0x0,0,1.0,1.0,5,5,,,"Moro'gai",,,,,,,,,,,,,,0xFF01FE,,,"",,,,,,,,,,,,,,0xFF01FC,
790,-1,0,0,0,0,0,0,0x0,0x0,0,0,0,0,0x0,0,0x0,0x0,0,1.0,1.0,5,5,,,"Guide spirituel - Alliance",,,,,,,,,,,,,,0xFF01FE,,,"",,,,,,,,,,,,,,0xFF01FC,
809,44,2147483647,0,0,0,0,0,0x0,0x0,0,0,0,0,0x10,0,0x0,0x0,1118,0.0,0.0,5,5,,,"Shen'dralar",,,,,,,,,,,,,,0xFF01FE,,,"Ce qui reste des puissants elfes qui vivaient à Hache-tripes. Ils ont conservé leur sagesse, et connaissent maints secrets.",,,,,,,,,,,,,,0xFF01FE,
829,-1,0,0,0,0,0,0,0x0,0x0,0,0,0,0,0x0,0,0x0,0x0,0,1.0,1.0,5,5,,,"Ogre (capitaine Kromcrabouille)",,,,,,,,,,,,,,0xFF01FE,,,"",,,,,,,,,,,,,,0xFF01FC,
849,-1,0,0,0,0,0,0,0x0,0x0,0,0,0,0,0x0,0,0x0,0x0,0,1.0,1.0,5,5,,,"Guide spirituel - Horde",,,,,,,,,,,,,,0xFF01FE,,,"",,,,,,,,,,,,,,0xFF01FC,
869,-1,0,0,0,0,0,0,0x0,0x0,0,0,0,0,0x0,0,0x0,0x0,0,1.0,1.0,5,5,,,"Jaedenar",,,,,,,,,,,,,,0xFF01FE,,,"",,,,,,,,,,,,,,0xFF01FC,
889,46,716002226,1431481421,0,0,0,0,0x0,0x0,0,-42000,0,0,0x10,6,0x0,0x0,892,0.0,0.0,7,7,,,"Voltigeurs Chanteguerre",,,,,,,,,,,,,,0xFF01FE,,,"Ces vaillants orcs du clan Chanteguerre livrent une bataille incessante aux Sentinelles d’Aile-argent dans le goulet des Chanteguerres.",,,,,,,,,,,,,,0xFF01FE,
890,45,1431481421,716002226,0,0,0,0,0x0,0x0,0,-42000,0,0,0x10,6,0x0,0x0,891,0.0,0.0,7,7,,,"Sentinelles d'Aile-argent",,,,,,,,,,,,,,0xFF01FE,,,"Ces vaillants défenseurs d’Orneval livrent une bataille incessante aux voltigeurs Chanteguerre du goulet des Chanteguerres.",,,,,,,,,,,,,,0xFF01FE,
891,47,1431481421,715985330,0,0,0,0,0x0,0x0,0,-42000,0,0,0x18,14,0x0,0x0,1118,0.0,0.0,5,5,,,"Forces de l'Alliance",,,,,,,,,,,,,,0xFF01FE,,,"",,,,,,,,,,,,,,0xFF01FC,
892,48,716002226,339912781,0,0,0,0,0x0,0x0,0,-42000,0,0,0x18,14,0x0,0x0,1118,0.0,0.0,5,5,,,"Forces de la Horde",,,,,,,,,,,,,,0xFF01FE,,,"",,,,,,,,,,,,,,0xFF01FC,
893,-1,0,0,0,0,0,0,0x0,0x0,0,0,0,0,0x0,0,0x0,0x0,0,1.0,1.0,5,5,,,"Trolls Vengebroche",,,,,,,,,,,,,,0xFF01FE,,,"",,,,,,,,,,,,,,0xFF01FC,
909,50,2147483647,0,0,0,0,0,0x0,0x0,0,0,0,0,0x10,0,0x0,0x0,1118,0.0,0.0,5,5,,,"Foire de Sombrelune",,,,,,,,,,,,,,0xFF01FE,,,"Une foire itinérante qui présente des attractions étranges et extraordinaires. On la trouve souvent dans les forêts d’Elwynn et de Terrokar, ainsi qu'en Mulgore.",,,,,,,,,,,,,,0xFF01FE,
910,54,2147483647,0,0,0,0,0,0x0,0x0,-42000,0,0,0,0x0,0,0x0,0x0,1118,0.0,0.0,5,5,,,"Progéniture de Nozdormu",,,,,,,,,,,,,,0xFF01FE,,,"Ces descendants du Vol de bronze sont les gardiens du temps, et ne se préoccupent que très peu des races mortelles.",,,,,,,,,,,,,,0xFF01FE,
911,55,715985314,1431481421,16896,16,0,0,0x0,0x0,400,-42000,4000,3100,0x111,6,0x11,0x11,67,1.0,0.25,7,5,,,"Lune-d'argent",,,,,,,,,,,,,,0xFF01FE,,,"La capitale de Quel'Thalas, foyer des elfes de sang. Quasiment détruite lors de l'attaque d'Arthas sur le puits de soleil, Lune-d'argent est redevenue une ville prospère.",,,,,,,,,,,,,,0xFF01FE,
912,-1,0,0,0,0,0,0,0x0,0x0,0,0,0,0,0x0,0,0x0,0x0,0,1.0,1.0,5,5,,,"Puissance de Kalimdor",,,,,,,,,,,,,,0xFF01FE,,,"",,,,,,,,,,,,,,0xFF01FC,
914,-1,0,0,0,0,0,0,0x0,0x0,0,0,0,0,0x0,0,0x0,0x0,0,1.0,1.0,5,5,,,"JOUEUR, Elfe de sang",,,,,,,,,,,,,,0xFF01FE,,,"",,,,,,,,,,,,,,0xFF01FC,
915,-1,0,0,0,0,0,0,0x0,0x0,0,0,0,0,0x0,0,0x0,0x0,0,1.0,1.0,5,5,,,"Armées de C'Thun",,,,,,,,,,,,,,0xFF01FE,,,"",,,,,,,,,,,,,,0xFF01FC,
916,-1,0,0,0,0,0,0,0x0,0x0,0,0,0,0,0x0,0,0x0,0x0,0,1.0,1.0,5,5,,,"Attaquants silithides",,,,,,,,,,,,,,0xFF01FE,,,"",,,,,,,,,,,,,,0xFF01FC,
917,-1,0,0,0,0,0,0,0x0,0x0,0,0,0,0,0x0,0,0x0,0x0,0,1.0,1.0,5,5,,,"Brigade de Forgefer",,,,,,,,,,,,,,0xFF01FE,,,"",,,,,,,,,,,,,,0xFF01FC,
918,-1,0,0,0,0,0,0,0x0,0x0,0,0,0,0,0x0,0,0x0,0x0,0,1.0,1.0,5,5,,,"Ennemis télécommandés",,,,,,,,,,,,,,0xFF01FE,,,"",,,,,,,,,,,,,,0xFF01FC,
919,-1,0,0,0,0,0,0,0x0,0x0,0,0,0,0,0x0,0,0x0,0x0,0,1.0,1.0,5,5,,,"Objets télécommandés",,,,,,,,,,,,,,0xFF01FE,,,"",,,,,,,,,,,,,,0xFF01FC,
920,-1,0,0,0,0,0,0,0x0,0x0,0,0,0,0,0x0,0,0x0,0x0,0,1.0,1.0,5,5,,,"Rouge",,,,,,,,,,,,,,0xFF01FE,,,"",,,,,,,,,,,,,,0xFF01FC,
921,-1,0,0,0,0,0,0,0x0,0x0,0,0,0,0,0x0,0,0x0,0x0,0,1.0,1.0,5,5,,,"Bleu",,,,,,,,,,,,,,0xFF01FE,,,"",,,,,,,,,,,,,,0xFF01FC,
922,56,716002226,1431481421,0,0,0,0,0x0,0x0,0,-42000,0,0,0x10,6,0x0,0x0,1118,0.0,0.0,5,5,,,"Tranquillien",,,,,,,,,,,,,,0xFF01FE,,,"Tranquillien était jadis une paisible cité elfe. Abandonnée lorsque le Fléau a envahi Quel’Thalas, elle a été reprise par les Réprouvés et les elfes de sang qui s’efforcent de chasser le Fléau des Terres fantômes.",,,,,,,,,,,,,,0xFF01FE,
923,-1,0,0,0,0,0,0,0x0,0x0,0,0,0,0,0x0,0,0x0,0x0,0,1.0,1.0,5,5,,,"Les pérégrins",,,,,,,,,,,,,,0xFF01FE,,,"",,,,,,,,,,,,,,0xFF01FC,
924,-1,0,0,0,0,0,0,0x0,0x0,0,0,0,0,0x0,0,0x0,0x0,0,1.0,1.0,5,5,,,"PERIME",,,,,,,,,,,,,,0xFF01FE,,,"",,,,,,,,,,,,,,0xFF01FC,
925,-1,0,0,0,0,0,0,0x0,0x0,0,0,0,0,0x0,0,0x0,0x0,0,1.0,1.0,5,5,,,"Les Hauts-soleils",,,,,,,,,,,,,,0xFF01FE,,,"",,,,,,,,,,,,,,0xFF01FC,
926,-1,0,0,0,0,0,0,0x0,0x0,0,0,0,0,0x0,0,0x0,0x0,0,1.0,1.0,5,5,,,"La guilde des magistères",,,,,,,,,,,,,,0xFF01FE,,,"",,,,,,,,,,,,,,0xFF01FC,
927,-1,0,0,0,0,0,0,0x0,0x0,0,0,0,0,0x0,0,0x0,0x0,0,1.0,1.0,5,5,,,"JOUEUR, Draeneï",,,,,,,,,,,,,,0xFF01FE,,,"",,,,,,,,,,,,,,0xFF01FC,
928,-1,0,0,0,0,0,0,0x0,0x0,0,0,0,0,0x0,0,0x0,0x0,0,1.0,1.0,5,5,,,"Envahisseurs du Fléau",,,,,,,,,,,,,,0xFF01FE,,,"",,,,,,,,,,,,,,0xFF01FC,
929,-1,0,0,0,0,0,0,0x0,0x0,0,0,0,0,0x0,0,0x0,0x0,469,0.0,0.0,3,3,,,"Clan Masse-sanglante",,,,,,,,,,,,,,0xFF01FE,,,"",,,,,,,,,,,,,,0xFF01FC,
930,49,339912781,716002226,1091568640,0,0,0,0x0,0x0,3000,-42000,4000,0,0x111,6,0x11,0x0,469,1.0,0.25,7,5,,,"Exodar",,,,,,,,,,,,,,0xFF01FE,,,"Le vaisseau naaru qui a conduit les draeneï en Azeroth. Bien que naufragé dans l'archipel de Brume-azur, il sert de capitale à ce noble peuple.",,,,,,,,,,,,,,0xFF01FE,
931,-1,0,0,0,0,0,0,0x0,0x0,0,0,0,0,0x0,0,0x0,0x0,0,1.0,1.0,5,5,,,"Faction de test (fausse faction)",,,,,,,,,,,,,,0xFF01FE,,,"Faction dédiée aux tests d'éditions des noms et descriptions de faction...",,,,,,,,,,,,,,0xFF01FE,
932,58,1055898111,1091568640,16896,0,0,0,0x0,0x0,0,3500,-3500,0,0x50,80,0x50,0x0,936,-1.10000002384,1.0,7,7,,,"L'Aldor",,,,,,,,,,,,,,0xFF01FE,,,"Autrefois dirigé par Velen, l’Aldor est un ordre antique de prêtres draeneï. Son chef actuel est la grande prêtresse Ishanah. Il sert les Sha’tar, les naaru de Shattrath, et est en rivalité avec les Clairvoyants.",,,,,,,,,,,,,,0xFF01FE,
933,60,2147483647,0,0,0,0,0,0x0,0x0,0,0,0,0,0x10,0,0x0,0x0,980,0.0,0.0,7,7,,,"Le Consortium",,,,,,,,,,,,,,0xFF01FE,,,"Dirigé par le prince-nexus Haramad, le Consortium est un cartel de contrebandiers, de négociants et de voleurs éthériens, unis dans une alliance assez lâche et venus en Outreterre pour tirer profit de ses richesses.",,,,,,,,,,,,,,0xFF01FE,
934,62,1055898111,1091568640,16896,0,0,0,0x0,0x0,0,-3500,3500,0,0x50,80,0x50,0x0,936,-1.10000002384,1.0,7,7,,,"Les Clairvoyants",,,,,,,,,,,,,,0xFF01FE,,,"Voren’thal le Voyant dirige les elfes de sang dissidents qui ont rejeté la vision de Kael’thas. Au grand désarroi de l'Aldor, ils se sont joints aux naaru de Shattrath.",,,,,,,,,,,,,,0xFF01FE,
935,39,2147483647,0,0,0,0,0,0x0,0x0,0,0,0,0,0x10,0,0x0,0x0,936,0.5,0.0,4,3,,,"Les Sha'tar",,,,,,,,,,,,,,0xFF01FE,,,"Les Sha’tar forment un groupe de puissants naaru, qui règne sur la cité reconstruite de Shattrath. Avec l'aide de l'Aldor et des Clairvoyants, ils dirigent la lutte contre Illidan et la Légion ardente.",,,,,,,,,,,,,,0xFF01FE,
936,59,2147483647,0,0,0,0,0,0x0,0x0,0,0,0,0,0x1C,0,0x0,0x0,980,0.0,0.0,7,7,,,"Shattrath",,,,,,,,,,,,,,0xFF01FE,,,"",,,,,,,,,,,,,,0xFF01FC,
937,-1,0,0,0,0,0,0,0x0,0x0,0,0,0,0,0x0,0,0x0,0x0,0,1.0,1.0,5,5,,,"Trolls des forêts",,,,,,,,,,,,,,0xFF01FE,,,"",,,,,,,,,,,,,,0xFF01FC,
938,-1,0,0,0,0,0,0,0x0,0x0,0,0,0,0,0x0,0,0x0,0x0,0,1.0,1.0,5,5,,,"Les Omenaï",,,,,,,,,,,,,,0xFF01FE,,,"",,,,,,,,,,,,,,0xFF01FC,
939,-1,0,0,0,0,0,0,0x0,0x0,0,0,0,0,0x0,0,0x0,0x0,0,1.0,1.0,5,5,,,"PERIME",,,,,,,,,,,,,,0xFF01FE,,,"",,,,,,,,,,,,,,0xFF01FC,
940,-1,0,0,0,0,0,0,0x0,0x0,0,0,0,0,0x0,0,0x0,0x0,0,1.0,1.0,5,5,,,"Les Fils de Lothar",,,,,,,,,,,,,,0xFF01FE,,,"",,,,,,,,,,,,,,0xFF01FC,
941,61,716002226,1431481421,0,0,0,0,0x0,0x0,-500,-42000,0,0,0x10,6,0x0,0x0,980,0.0,0.0,5,5,,,"Mag'har",,,,,,,,,,,,,,0xFF01FE,,,"Ces orcs à la peau brune vivent reclus et ont échappé à toute corruption démoniaque. Ils ont conservé leur mode de vie traditionnel malgré tous les bouleversements survenus en Outreterre.",,,,,,,,,,,,,,0xFF01FE,
942,64,2147483647,0,0,0,0,0,0x0,0x0,0,0,0,0,0x10,0,0x0,0x0,980,0.0,0.0,5,5,,,"Expédition cénarienne",,,,,,,,,,,,,,0xFF01FE,,,"Une troupe d’explorateurs envoyée en Outreterre par le Cercle cénarien, afin d’étudier les formes de vie survivantes. L’expédition cénarienne a rapidement grossi et gagné en autonomie depuis l'ouverture de la Porte des ténèbres.",,,,,,,,,,,,,,0xFF01FE,
943,-1,0,0,0,0,0,0,0x0,0x0,0,0,0,0,0x0,0,0x0,0x0,0,1.0,1.0,5,5,,,"Gangr'orc",,,,,,,,,,,,,,0xFF01FE,,,"",,,,,,,,,,,,,,0xFF01FC,
944,-1,0,0,0,0,0,0,0x0,0x0,0,0,0,0,0x0,0,0x0,0x0,0,1.0,1.0,5,5,,,"Fantôme de gangr'orc",,,,,,,,,,,,,,0xFF01FE,,,"",,,,,,,,,,,,,,0xFF01FC,
945,-1,0,0,0,0,0,0,0x0,0x0,0,0,0,0,0x0,0,0x0,0x0,0,1.0,1.0,5,5,,,"Fantômes des Fils de Lothar",,,,,,,,,,,,,,0xFF01FE,,,"",,,,,,,,,,,,,,0xFF01FC,
946,38,1431481421,716002226,0,0,0,0,0x0,0x0,0,-42000,0,0,0x10,0,0x0,0x0,980,0.0,0.0,5,5,,,"Bastion de l'Honneur",,,,,,,,,,,,,,0xFF01FE,,,"Cet avant-poste des Flammes infernales est la place forte de ce qui reste des Fils de Lothar, les vétérans de l’Alliance qui ont, les premiers, posé le pied sur Draenor. Des armées venues de Forgefer et de Hurlevent sont en train de les rejoindre.",,,,,,,,,,,,,,0xFF01FE,
947,37,716002226,1431481421,0,0,0,0,0x0,0x0,0,-42000,0,0,0x10,0,0x0,0x0,980,0.0,0.0,5,5,,,"Thrallmar",,,,,,,,,,,,,,0xFF01FE,,,"L’expédition envoyée à travers la Porte des ténèbres par Thrall a bâti une forteresse sur la péninsule des Flammes infernales. Thrallmar sert de base d’opérations à la plupart des activités de la Horde en Outreterre.",,,,,,,,,,,,,,0xFF01FE,
948,86,32767,0,0,0,0,0,0x0,0x0,0,0,0,0,0x8,0,0x0,0x0,949,1.0,1.0,5,5,,,"Faction de test 2",,,,,,,,,,,,,,0xFF01FE,,,"",,,,,,,,,,,,,,0xFF01FC,
949,85,32767,0,0,0,0,0,0x0,0x0,0,0,0,0,0x18,0,0x0,0x0,0,1.0,1.0,5,5,,,"Faction de test 1",,,,,,,,,,,,,,0xFF01FE,,,"",,,,,,,,,,,,,,0xFF01FC,
950,-1,0,0,0,0,0,0,0x0,0x0,0,0,0,0,0x0,0,0x0,0x0,0,1.0,1.0,5,5,,,"ToWoW - Drapeau",,,,,,,,,,,,,,0xFF01FE,,,"",,,,,,,,,,,,,,0xFF01FC,
951,-1,0,0,0,0,0,0,0x0,0x0,0,0,0,0,0x0,0,0x0,0x0,0,1.0,1.0,5,5,,,"ToWoW - Déclencheur drapeau Alliance (DND)",,,,,,,,,,,,,,0xFF01FE,,,"",,,,,,,,,,,,,,0xFF01FC,
952,87,32767,0,0,0,0,0,0x0,0x0,0,0,0,0,0x0,0,0x0,0x0,948,1.0,1.0,5,5,,,"Faction de test 3",,,,,,,,,,,,,,0xFF01FE,,,"",,,,,,,,,,,,,,0xFF01FC,
953,-1,0,0,0,0,0,0,0x0,0x0,0,0,0,0,0x0,0,0x0,0x0,0,1.0,1.0,5,5,,,"Faction de test 4",,,,,,,,,,,,,,0xFF01FE,,,"",,,,,,,,,,,,,,0xFF01FC,
954,-1,0,0,0,0,0,0,0x0,0x0,0,0,0,0,0x0,0,0x0,0x0,0,1.0,1.0,5,5,,,"ToWoW - Déclencheur drapeau Horde (DND)",,,,,,,,,,,,,,0xFF01FE,,,"",,,,,,,,,,,,,,0xFF01FC,
955,-1,0,0,0,0,0,0,0x0,0x0,0,0,0,0,0x0,0,0x0,0x0,0,1.0,1.0,5,5,,,"Roués",,,,,,,,,,,,,,0xFF01FE,,,"",,,,,,,,,,,,,,0xFF01FC,
956,-1,0,0,0,0,0,0,0x0,0x0,0,0,0,0,0x0,0,0x0,0x0,0,1.0,1.0,5,5,,,"Ethereum",,,,,,,,,,,,,,0xFF01FE,,,"",,,,,,,,,,,,,,0xFF01FC,
957,-1,0,0,0,0,0,0,0x0,0x0,0,0,0,0,0x0,0,0x0,0x0,0,1.0,1.0,5,5,,,"Élémentaire de terre",,,,,,,,,,,,,,0xFF01FE,,,"",,,,,,,,,,,,,,0xFF01FC,
958,-1,0,0,0,0,0,0,0x0,0x0,0,0,0,0,0x0,0,0x0,0x0,0,1.0,1.0,5,5,,,"Robots de combat",,,,,,,,,,,,,,0xFF01FE,,,"",,,,,,,,,,,,,,0xFF01FC,
959,-1,0,0,0,0,0,0,0x0,0x0,0,0,0,0,0x0,0,0x0,0x0,0,1.0,1.0,5,5,,,"Bon acteur",,,,,,,,,,,,,,0xFF01FE,,,"",,,,,,,,,,,,,,0xFF01FC,
960,-1,0,0,0,0,0,0,0x0,0x0,0,0,0,0,0x0,0,0x0,0x0,0,1.0,1.0,5,5,,,"Mauvais acteur",,,,,,,,,,,,,,0xFF01FE,,,"",,,,,,,,,,,,,,0xFF01FC,
961,-1,0,0,0,0,0,0,0x0,0x0,0,0,0,0,0x0,0,0x0,0x0,0,1.0,1.0,5,5,,,"Furbolg Calmepin",,,,,,,,,,,,,,0xFF01FE,,,"",,,,,,,,,,,,,,0xFF01FC,
962,-1,0,0,0,0,0,0,0x0,0x0,0,0,0,0,0x0,0,0x0,0x0,0,1.0,1.0,5,5,,,"Chouettide affolé",,,,,,,,,,,,,,0xFF01FE,,,"",,,,,,,,,,,,,,0xFF01FC,
963,-1,0,0,0,0,0,0,0x0,0x0,0,0,0,0,0x0,0,0x0,0x0,0,1.0,1.0,5,5,,,"Échecs (Alliance)",,,,,,,,,,,,,,0xFF01FE,,,"",,,,,,,,,,,,,,0xFF01FC,
964,-1,0,0,0,0,0,0,0x0,0x0,0,0,0,0,0x0,0,0x0,0x0,0,1.0,1.0,5,5,,,"Échecs (Horde)",,,,,,,,,,,,,,0xFF01FE,,,"",,,,,,,,,,,,,,0xFF01FC,
965,-1,0,0,0,0,0,0,0x0,0x0,0,0,0,0,0x0,0,0x0,0x0,0,1.0,1.0,5,5,,,"Monstre d'entraînement",,,,,,,,,,,,,,0xFF01FE,,,"",,,,,,,,,,,,,,0xFF01FC,
966,-1,0,0,0,0,0,0,0x0,0x0,0,0,0,0,0x0,0,0x0,0x0,0,1.0,1.0,5,5,,,"Copain du monstre d'entraînement",,,,,,,,,,,,,,0xFF01FE,,,"",,,,,,,,,,,,,,0xFF01FC,
967,63,2147483647,0,0,0,0,0,0x0,0x0,0,0,0,0,0x10,0,0x0,0x0,980,0.0,0.0,5,5,,,"L'Œil pourpre",,,,,,,,,,,,,,0xFF01FE,,,"Une secte secrète du Kirin Tor, fondée pour espionner Medivh et ses activités.",,,,,,,,,,,,,,0xFF01FE,
968,-1,0,0,0,0,0,0,0x0,0x0,0,0,0,0,0x0,0,0x0,0x0,0,1.0,1.0,5,5,,,"Éperviers du soleil",,,,,,,,,,,,,,0xFF01FE,,,"",,,,,,,,,,,,,,0xFF01FC,
969,-1,0,0,0,0,0,0,0x0,0x0,0,0,0,0,0x0,0,0x0,0x0,0,1.0,1.0,5,5,,,"La Main d'Argus",,,,,,,,,,,,,,0xFF01FE,,,"",,,,,,,,,,,,,,0xFF01FC,
970,65,2147483647,0,0,0,0,0,0x0,0x0,-2500,0,0,0,0x0,0,0x0,0x0,980,0.0,0.0,5,5,,,"Sporeggar",,,,,,,,,,,,,,0xFF01FE,,,"Les sporelins sont un peuple d’hommes-champignons paisibles, originaires de l’Outreterre. Ils vivent dans les tourbières méridionales du marécage de Zangar.",,,,,,,,,,,,,,0xFF01FE,
971,-1,0,0,0,0,0,0,0x0,0x0,0,0,0,0,0x0,0,0x0,0x0,0,1.0,1.0,5,5,,,"Géant fongique",,,,,,,,,,,,,,0xFF01FE,,,"",,,,,,,,,,,,,,0xFF01FC,
972,-1,0,0,0,0,0,0,0x0,0x0,0,0,0,0,0x0,0,0x0,0x0,0,1.0,1.0,5,5,,,"Sporoptère",,,,,,,,,,,,,,0xFF01FE,,,"",,,,,,,,,,,,,,0xFF01FC,
973,-1,0,0,0,0,0,0,0x0,0x0,0,0,0,0,0x0,0,0x0,0x0,0,1.0,1.0,5,5,,,"Monstre, prédateur",,,,,,,,,,,,,,0xFF01FE,,,"",,,,,,,,,,,,,,0xFF01FC,
974,-1,0,0,0,0,0,0,0x0,0x0,0,0,0,0,0x0,0,0x0,0x0,0,1.0,1.0,5,5,,,"Monstre, proie",,,,,,,,,,,,,,0xFF01FE,,,"",,,,,,,,,,,,,,0xFF01FC,
975,-1,0,0,0,0,0,0,0x0,0x0,0,0,0,0,0x0,0,0x0,0x0,0,1.0,1.0,5,5,,,"Anomalie du Vide",,,,,,,,,,,,,,0xFF01FE,,,"",,,,,,,,,,,,,,0xFF01FC,
976,-1,0,0,0,0,0,0,0x0,0x0,0,0,0,0,0x0,0,0x0,0x0,0,1.0,1.0,5,5,,,"Défenseurs d'Hyjal",,,,,,,,,,,,,,0xFF01FE,,,"",,,,,,,,,,,,,,0xFF01FC,
977,-1,0,0,0,0,0,0,0x0,0x0,0,0,0,0,0x0,0,0x0,0x0,0,1.0,1.0,5,5,,,"Envahisseurs d'Hyjal",,,,,,,,,,,,,,0xFF01FE,,,"",,,,,,,,,,,,,,0xFF01FC,
978,66,1431481421,716002226,0,0,0,0,0x0,0x0,-1200,-42000,0,0,0x10,0,0x0,0x0,980,0.0,0.0,5,5,,,"Kurenaï",,,,,,,,,,,,,,0xFF01FE,,,"Ce mot signifie « rachetés » en draeneï. Après avoir échappé au joug des esclavagistes de l'Outreterre, ces Roués se sont installés en Nagrand. C'est là qu'ils cherchent à redécouvrir leur destinée.",,,,,,,,,,,,,,0xFF01FE,
979,-1,0,0,0,0,0,0,0x0,0x0,0,0,0,0,0x0,0,0x0,0x0,0,1.0,1.0,5,5,,,"Cercle terrestre",,,,,,,,,,,,,,0xFF01FE,,,"",,,,,,,,,,,,,,0xFF01FC,
980,43,0,0,0,0,0,0,0x0,0x0,0,0,0,0,0x18,0,0x0,0x0,0,0.0,0.0,5,5,,,"The Burning Crusade",,,,,,,,,,,,,,0xFF01FE,,,"",,,,,,,,,,,,,,0xFF01FC,
981,-1,0,0,0,0,0,0,0x0,0x0,0,0,0,0,0x0,0,0x0,0x0,0,1.0,1.0,5,5,,,"Arakkoa",,,,,,,,,,,,,,0xFF01FE,,,"",,,,,,,,,,,,,,0xFF01FC,
982,-1,0,0,0,0,0,0,0x0,0x0,0,0,0,0,0x0,0,0x0,0x0,0,1.0,1.0,5,5,,,"Bannière du marécage de Zangar (Alliance)",,,,,,,,,,,,,,0xFF01FE,,,"",,,,,,,,,,,,,,0xFF01FC,
983,-1,0,0,0,0,0,0,0x0,0x0,0,0,0,0,0x0,0,0x0,0x0,0,1.0,1.0,5,5,,,"Bannière du marécage de Zangar (Horde)",,,,,,,,,,,,,,0xFF01FE,,,"",,,,,,,,,,,,,,0xFF01FC,
984,-1,0,0,0,0,0,0,0x0,0x0,0,0,0,0,0x0,0,0x0,0x0,0,1.0,1.0,5,5,,,"Bannière du marécage de Zangar (neutre)",,,,,,,,,,,,,,0xFF01FE,,,"",,,,,,,,,,,,,,0xFF01FC,
985,-1,0,0,0,0,0,0,0x0,0x0,0,0,0,0,0x0,0,0x0,0x0,0,1.0,1.0,5,5,,,"Cavernes du temps - Thrall",,,,,,,,,,,,,,0xFF01FE,,,"",,,,,,,,,,,,,,0xFF01FC,
986,-1,0,0,0,0,0,0,0x0,0x0,0,0,0,0,0x0,0,0x0,0x0,0,1.0,1.0,5,5,,,"Cavernes du temps - Fort-de-Durn",,,,,,,,,,,,,,0xFF01FE,,,"",,,,,,,,,,,,,,0xFF01FC,
987,-1,0,0,0,0,0,0,0x0,0x0,0,0,0,0,0x0,0,0x0,0x0,0,1.0,1.0,5,5,,,"Cavernes du temps - Gardes d’Austrivage",,,,,,,,,,,,,,0xFF01FE,,,"",,,,,,,,,,,,,,0xFF01FC,
988,-1,0,0,0,0,0,0,0x0,0x0,0,0,0,0,0x0,0,0x0,0x0,0,1.0,1.0,5,5,,,"Conseil des ombres, secret",,,,,,,,,,,,,,0xFF01FE,,,"",,,,,,,,,,,,,,0xFF01FC,
989,67,2147483647,0,0,0,0,0,0x0,0x0,0,0,0,0,0x10,0,0x0,0x0,980,0.0,0.0,5,5,,,"Gardiens du Temps",,,,,,,,,,,,,,0xFF01FE,,,"Les Gardiens du Temps sont des dragons de bronze choisis avec soin par Nozdormu pour protéger les Grottes du temps.",,,,,,,,,,,,,,0xFF01FE,
990,57,2147483647,0,0,0,0,0,0x0,0x0,0,0,0,0,0x10,0,0x0,0x0,980,0.0,0.0,5,5,,,"La Balance des sables",,,,,,,,,,,,,,0xFF01FE,,,"Une faction secrète du Vol de bronze menée par Soridormi, première compagne de Nozdormu.",,,,,,,,,,,,,,0xFF01FE,
991,-1,0,0,0,0,0,0,0x0,0x0,0,0,0,0,0x0,0,0x0,0x0,0,1.0,1.0,5,5,,,"Défenseur de la Porte des ténèbres, Alliance",,,,,,,,,,,,,,0xFF01FE,,,"",,,,,,,,,,,,,,0xFF01FC,
992,-1,0,0,0,0,0,0,0x0,0x0,0,0,0,0,0x0,0,0x0,0x0,0,1.0,1.0,5,5,,,"Défenseur de la Porte des ténèbres, Horde",,,,,,,,,,,,,,0xFF01FE,,,"",,,,,,,,,,,,,,0xFF01FC,
993,-1,0,0,0,0,0,0,0x0,0x0,0,0,0,0,0x0,0,0x0,0x0,0,1.0,1.0,5,5,,,"Attaquant de la Porte des ténèbres, Légion",,,,,,,,,,,,,,0xFF01FE,,,"",,,,,,,,,,,,,,0xFF01FC,
994,-1,0,0,0,0,0,0,0x0,0x0,0,0,0,0,0x0,0,0x0,0x0,0,1.0,1.0,5,5,,,"Déclencheur Séditieux",,,,,,,,,,,,,,0xFF01FE,,,"Utilisé pour l'événement de Cœur-noir le Séditieux",,,,,,,,,,,,,,0xFF01FE,
995,-1,0,0,0,0,0,0,0x0,0x0,0,0,0,0,0x0,0,0x0,0x0,0,1.0,1.0,5,5,,,"Déclencheur Séditieux 2",,,,,,,,,,,,,,0xFF01FE,,,"Utilisé pour l'événement de Cœur-noir le Séditieux",,,,,,,,,,,,,,0xFF01FE,
996,-1,0,0,0,0,0,0,0x0,0x0,0,0,0,0,0x0,0,0x0,0x0,0,1.0,1.0,5,5,,,"Déclencheur Séditieux 3",,,,,,,,,,,,,,0xFF01FE,,,"Utilisé pour l'événement de Cœur-noir le Séditieux",,,,,,,,,,,,,,0xFF01FE,
997,-1,0,0,0,0,0,0,0x0,0x0,0,0,0,0,0x0,0,0x0,0x0,0,1.0,1.0,5,5,,,"Déclencheur Séditieux 4",,,,,,,,,,,,,,0xFF01FE,,,"Utilisé pour l'événement de Cœur-noir le Séditieux",,,,,,,,,,,,,,0xFF01FE,
998,-1,0,0,0,0,0,0,0x0,0x0,0,0,0,0,0x0,0,0x0,0x0,0,1.0,1.0,5,5,,,"Déclencheur Séditieux 5",,,,,,,,,,,,,,0xFF01FE,,,"Utilisé pour l'événement de Cœur-noir le Séditieux",,,,,,,,,,,,,,0xFF01FE,
999,-1,0,0,0,0,0,0,0x0,0x0,0,0,0,0,0x0,0,0x0,0x0,0,1.0,1.0,5,5,,,"Créature de mana",,,,,,,,,,,,,,0xFF01FE,,,"",,,,,,,,,,,,,,0xFF01FC,
1000,-1,0,0,0,0,0,0,0x0,0x0,0,0,0,0,0x0,0,0x0,0x0,0,1.0,1.0,5,5,,,"Serviteur de Khadgar",,,,,,,,,,,,,,0xFF01FE,,,"",,,,,,,,,,,,,,0xFF01FC,
1001,-1,0,0,0,0,0,0,0x0,0x0,0,0,0,0,0x0,0,0x0,0x0,0,1.0,1.0,5,5,,,"Clan Flèchelame",,,,,,,,,,,,,,0xFF01FE,,,"",,,,,,,,,,,,,,0xFF01FC,
1002,-1,0,0,0,0,0,0,0x0,0x0,0,0,0,0,0x0,0,0x0,0x0,0,1.0,1.0,5,5,,,"Compagnon d'entraînement de l'Ethereum",,,,,,,,,,,,,,0xFF01FE,,,"",,,,,,,,,,,,,,0xFF01FC,
1003,-1,0,0,0,0,0,0,0x0,0x0,0,0,0,0,0x0,0,0x0,0x0,0,1.0,1.0,5,5,,,"Protectorat",,,,,,,,,,,,,,0xFF01FE,,,"",,,,,,,,,,,,,,0xFF01FC,
1004,-1,0,0,0,0,0,0,0x0,0x0,0,0,0,0,0x0,0,0x0,0x0,0,1.0,1.0,5,5,,,"Annihilateur arcanique (DNR)",,,,,,,,,,,,,,0xFF01FE,,,"",,,,,,,,,,,,,,0xFF01FC,
1005,68,32767,0,0,0,1503,0,0x0,0x0,3000,0,0,0,0x4,0,0x0,0x0,0,1.0,1.0,5,5,,,"Bienveillant, caché",,,,,,,,,,,,,,0xFF01FE,,,"",,,,,,,,,,,,,,0xFF01FC,
1006,-1,0,0,0,0,0,0,0x0,0x0,0,0,0,0,0x0,0,0x0,0x0,0,1.0,1.0,5,5,,,"Kirin'Var - Dathric",,,,,,,,,,,,,,0xFF01FE,,,"",,,,,,,,,,,,,,0xFF01FC,
1007,-1,0,0,0,0,0,0,0x0,0x0,0,0,0,0,0x0,0,0x0,0x0,0,1.0,1.0,5,5,,,"Kirin'Var - Belmara",,,,,,,,,,,,,,0xFF01FE,,,"",,,,,,,,,,,,,,0xFF01FC,
1008,-1,0,0,0,0,0,0,0x0,0x0,0,0,0,0,0x0,0,0x0,0x0,0,1.0,1.0,5,5,,,"Kirin'Var - Luminrath",,,,,,,,,,,,,,0xFF01FE,,,"",,,,,,,,,,,,,,0xFF01FC,
1009,-1,0,0,0,0,0,0,0x0,0x0,0,0,0,0,0x0,0,0x0,0x0,0,1.0,1.0,5,5,,,"Kirin'Var - Cohlien",,,,,,,,,,,,,,0xFF01FE,,,"",,,,,,,,,,,,,,0xFF01FC,
1010,-1,0,0,0,0,0,0,0x0,0x0,0,0,0,0,0x0,0,0x0,0x0,0,1.0,1.0,5,5,,,"Serviteur d'Illidan",,,,,,,,,,,,,,0xFF01FE,,,"",,,,,,,,,,,,,,0xFF01FC,
1011,69,32767,0,0,0,8388611,0,0x0,0x0,0,0,0,0,0x10,0,0x0,0x0,936,0.0,0.0,3,3,,,"Ville basse",,,,,,,,,,,,,,0xFF01FE,,,"Les réfugiés qui habitent Shattrath sont de diverses races et origines. Lorsque l'on vient en aide à un habitant de la Ville basse, la nouvelle se répand vite.",,,,,,,,,,,,,,0xFF01FE,
1012,70,2147483647,0,0,0,0,0,0x0,0x0,0,0,0,0,0x10,0,0x0,0x0,980,0.0,0.0,3,3,,,"Ligemort cendrelangue",,,,,,,,,,,,,,0xFF01FE,,,"L’élite de la tribu des Roués des Cendrelangues, officiellement alliée avec Illidan. Les ligemorts sont les lieutenants favoris d’Akama, et connaissent les mystérieuses motivations de leur chef.",,,,,,,,,,,,,,0xFF01FE,
1013,-1,0,0,0,0,0,0,0x0,0x0,0,0,0,0,0x0,0,0x0,0x0,0,1.0,1.0,5,5,,,"Esprits d'Ombrelune 1",,,,,,,,,,,,,,0xFF01FE,,,"",,,,,,,,,,,,,,0xFF01FC,
1014,-1,0,0,0,0,0,0,0x0,0x0,0,0,0,0,0x0,0,0x0,0x0,0,1.0,1.0,5,5,,,"Esprits d'Ombrelune 2",,,,,,,,,,,,,,0xFF01FE,,,"",,,,,,,,,,,,,,0xFF01FC,
1015,71,2147483647,0,0,0,8388611,0,0x0,0x0,-42000,0,0,0,0x2,0,0x0,0x0,980,0.0,0.0,5,5,,,"Aile-du-Néant",,,,,,,,,,,,,,0xFF01FE,,,"Cette portée de dragons peu commune est issue des œufs du Vol noir d'Aile de mort, imprégnés des pures énergies du Néant. Ils cherchent maintenant à retrouver leur identité, au-delà des ombres de l'héritage délétère de leur père.",,,,,,,,,,,,,,0xFF01FE,
1016,-1,0,0,0,0,0,0,0x0,0x0,0,0,0,0,0x0,0,0x0,0x0,0,1.0,1.0,5,5,,,"Culte du Ver",,,,,,,,,,,,,,0xFF01FE,,,"",,,,,,,,,,,,,,0xFF01FC,
1017,-1,0,0,0,0,0,0,0x0,0x0,0,0,0,0,0x0,0,0x0,0x0,0,1.0,1.0,5,5,,,"Tréant",,,,,,,,,,,,,,0xFF01FE,,,"",,,,,,,,,,,,,,0xFF01FC,
1018,-1,0,0,0,0,0,0,0x0,0x0,0,0,0,0,0x0,0,0x0,0x0,0,1.0,1.0,5,5,,,"Démon de Leotheras I",,,,,,,,,,,,,,0xFF01FE,,,"",,,,,,,,,,,,,,0xFF01FC,
1019,-1,0,0,0,0,0,0,0x0,0x0,0,0,0,0,0x0,0,0x0,0x0,0,1.0,1.0,5,5,,,"Démon de Leotheras II",,,,,,,,,,,,,,0xFF01FE,,,"",,,,,,,,,,,,,,0xFF01FC,
1020,-1,0,0,0,0,0,0,0x0,0x0,0,0,0,0,0x0,0,0x0,0x0,0,1.0,1.0,5,5,,,"Démon de Leotheras III",,,,,,,,,,,,,,0xFF01FE,,,"",,,,,,,,,,,,,,0xFF01FC,
1021,-1,0,0,0,0,0,0,0x0,0x0,0,0,0,0,0x0,0,0x0,0x0,0,1.0,1.0,5,5,,,"Démon de Leotheras IV",,,,,,,,,,,,,,0xFF01FE,,,"",,,,,,,,,,,,,,0xFF01FC,
1022,-1,0,0,0,0,0,0,0x0,0x0,0,0,0,0,0x0,0,0x0,0x0,0,1.0,1.0,5,5,,,"Démon de Leotheras V",,,,,,,,,,,,,,0xFF01FE,,,"",,,,,,,,,,,,,,0xFF01FC,
1023,-1,0,0,0,0,0,0,0x0,0x0,0,0,0,0,0x0,0,0x0,0x0,0,1.0,1.0,5,5,,,"Azaloth",,,,,,,,,,,,,,0xFF01FE,,,"",,,,,,,,,,,,,,0xFF01FC,
1024,-1,0,0,0,0,0,0,0x0,0x0,0,0,0,0,0x0,0,0x0,0x0,0,1.0,1.0,5,5,,,"Ecorche-roc",,,,,,,,,,,,,,0xFF01FE,,,"",,,,,,,,,,,,,,0xFF01FC,
1025,-1,0,0,0,0,0,0,0x0,0x0,0,0,0,0,0x0,0,0x0,0x0,0,1.0,1.0,5,5,,,"Chasseur écorcheur",,,,,,,,,,,,,,0xFF01FE,,,"",,,,,,,,,,,,,,0xFF01FC,
1026,-1,0,0,0,0,0,0,0x0,0x0,0,0,0,0,0x0,0,0x0,0x0,0,1.0,1.0,5,5,,,"Ombre d'Ombrelune",,,,,,,,,,,,,,0xFF01FE,,,"",,,,,,,,,,,,,,0xFF01FC,
1027,-1,0,0,0,0,0,0,0x0,0x0,0,0,0,0,0x0,0,0x0,0x0,0,1.0,1.0,5,5,,,"Communicateur de la Légion",,,,,,,,,,,,,,0xFF01FE,,,"",,,,,,,,,,,,,,0xFF01FC,
1028,-1,0,0,0,0,0,0,0x0,0x0,0,0,0,0,0x0,0,0x0,0x0,0,1.0,1.0,5,5,,,"Anciens du bois aux corbeaux",,,,,,,,,,,,,,0xFF01FE,,,"",,,,,,,,,,,,,,0xFF01FC,
1029,-1,0,0,0,0,0,0,0x0,0x0,0,0,0,0,0x0,0,0x0,0x0,0,1.0,1.0,5,5,,,"Echecs, amical envers tous les échecs",,,,,,,,,,,,,,0xFF01FE,,,"",,,,,,,,,,,,,,0xFF01FC,
1030,-1,0,0,0,0,0,0,0x0,0x0,0,0,0,0,0x0,0,0x0,0x0,0,1.0,1.0,5,5,,,"Portes du Temple noir - Illidari",,,,,,,,,,,,,,0xFF01FE,,,"",,,,,,,,,,,,,,0xFF01FC,
1031,72,2147483647,0,0,0,8388611,0,0x0,0x0,0,0,0,0,0x10,0,0x0,0x0,936,0.0,0.0,5,5,,,"Garde-ciel sha'tari",,,,,,,,,,,,,,0xFF01FE,,,"Une force militaire aérienne créée par la ville de Shattrath pour s'occuper des menaces qui rôdent dans les zones de haute altitude de l'Outreterre.",,,,,,,,,,,,,,0xFF01FE,
1032,-1,0,0,0,0,0,0,0x0,0x0,0,0,0,0,0x0,0,0x0,0x0,0,1.0,1.0,5,5,,,"Zone 52",,,,,,,,,,,,,,0xFF01FE,,,"",,,,,,,,,,,,,,0xFF01FC,
1033,-1,0,0,0,0,0,0,0x0,0x0,0,0,0,0,0x0,0,0x0,0x0,0,1.0,1.0,5,5,,,"Maiev",,,,,,,,,,,,,,0xFF01FE,,,"",,,,,,,,,,,,,,0xFF01FC,
1034,-1,0,0,0,0,0,0,0x0,0x0,0,0,0,0,0x0,0,0x0,0x0,0,1.0,1.0,5,5,,,"Arakkoa ténébreux de Skettis",,,,,,,,,,,,,,0xFF01FE,,,"",,,,,,,,,,,,,,0xFF01FC,
1035,-1,0,0,0,0,0,0,0x0,0x0,0,0,0,0,0x0,0,0x0,0x0,0,1.0,1.0,5,5,,,"Arakkoa de Skettis",,,,,,,,,,,,,,0xFF01FE,,,"",,,,,,,,,,,,,,0xFF01FC,
1036,-1,0,0,0,0,0,0,0x0,0x0,0,0,0,0,0x0,0,0x0,0x0,0,1.0,1.0,5,5,,,"Ennemi Gueule-de-dragon",,,,,,,,,,,,,,0xFF01FE,,,"",,,,,,,,,,,,,,0xFF01FC,
1037,88,1431481421,716002226,0,0,0,0,0x0,0x0,0,0,0,0,0x88,6,0x0,0x0,1097,0.0,0.0,5,5,,,"Avant-garde de l'Alliance",,,,,,,,,,,,,,0xFF01FE,,,"L'ensemble des troupes de l'Alliance en Norfendre, dirigées par l'expédition de la Bravoure mais incluant également des groupes de civils comme la Ligue des explorateurs.",,,,,,,,,,,,,,0xFF01FE,
1038,73,2147483647,0,0,0,0,0,0x0,0x0,0,0,0,0,0x10,0,0x0,0x0,980,0.0,0.0,5,5,,,"Ogri'la",,,,,,,,,,,,,,0xFF01FE,,,"Les citoyens éclairés d'Ogri'la ont élu domicile dans la partie ouest des Tranchantes, où la proximité des cristaux apogides leur a permis de transcender la brutalité de leur nature d'ogres.",,,,,,,,,,,,,,0xFF01FE,
1039,-1,0,0,0,0,0,0,0x0,0x0,0,0,0,0,0x0,0,0x0,0x0,0,1.0,1.0,5,5,,,"Ravageur",,,,,,,,,,,,,,0xFF01FE,,,"",,,,,,,,,,,,,,0xFF01FC,
1040,-1,0,0,0,0,0,0,0x0,0x0,0,0,0,0,0x0,0,0x0,0x0,0,1.0,1.0,5,5,,,"RÉUTILISER",,,,,,,,,,,,,,0xFF01FE,,,"",,,,,,,,,,,,,,0xFF01FC,
1041,-1,0,0,0,0,0,0,0x0,0x0,0,0,0,0,0x0,0,0x0,0x0,0,1.0,1.0,5,5,,,"Frénésie",,,,,,,,,,,,,,0xFF01FE,,,"",,,,,,,,,,,,,,0xFF01FC,
1042,-1,0,0,0,0,0,0,0x0,0x0,0,0,0,0,0x0,0,0x0,0x0,0,1.0,1.0,5,5,,,"Ennemi de la Garde-ciel",,,,,,,,,,,,,,0xFF01FE,,,"",,,,,,,,,,,,,,0xFF01FC,
1043,-1,0,0,0,0,0,0,0x0,0x0,0,0,0,0,0x0,0,0x0,0x0,0,1.0,1.0,5,5,,,"Putois, Pétunia",,,,,,,,,,,,,,0xFF01FE,,,"",,,,,,,,,,,,,,0xFF01FC,
1044,-1,0,0,0,0,0,0,0x0,0x0,0,0,0,0,0x0,0,0x0,0x0,0,1.0,1.0,5,5,,,"Déserteurs de Theramore",,,,,,,,,,,,,,0xFF01FE,,,"",,,,,,,,,,,,,,0xFF01FC,
1045,-1,0,0,0,0,0,0,0x0,0x0,0,0,0,0,0x0,0,0x0,0x0,0,1.0,1.0,5,5,,,"Vrykul",,,,,,,,,,,,,,0xFF01FE,,,"",,,,,,,,,,,,,,0xFF01FC,
1046,-1,0,0,0,0,0,0,0x0,0x0,0,0,0,0,0x0,0,0x0,0x0,0,1.0,1.0,5,5,,,"Pirates des mers du nord",,,,,,,,,,,,,,0xFF01FE,,,"",,,,,,,,,,,,,,0xFF01FC,
1047,-1,0,0,0,0,0,0,0x0,0x0,0,0,0,0,0x0,0,0x0,0x0,0,1.0,1.0,5,5,,,"Rohart",,,,,,,,,,,,,,0xFF01FE,,,"",,,,,,,,,,,,,,0xFF01FC,
1048,-1,0,0,0,0,0,0,0x0,0x0,0,0,0,0,0x0,0,0x0,0x0,0,1.0,1.0,5,5,,,"INUTILISÉ",,,,,,,,,,,,,,0xFF01FE,,,"",,,,,,,,,,,,,,0xFF01FC,
1049,-1,0,0,0,0,0,0,0x0,0x0,0,0,0,0,0x0,0,0x0,0x0,0,1.0,1.0,5,5,,,"Troll, Amani",,,,,,,,,,,,,,0xFF01FE,,,"",,,,,,,,,,,,,,0xFF01FC,
1050,74,1431481421,716002226,0,0,0,0,0x0,0x0,0,-42000,0,0,0x10,6,0x0,0x0,1037,0.5,0.5,7,7,,,"Expédition de la Bravoure",,,,,,,,,,,,,,0xFF01FE,,,"L'armée principale de l'Alliance dans le Norfendre, qui combat le Fléau et est dirigée par le roi Varian Wrynn.",,,,,,,,,,,,,,0xFF01FE,
1051,-1,0,0,0,0,0,0,0x0,0x0,0,0,0,0,0x0,0,0x0,0x0,0,1.0,1.0,5,5,,,"INUTILISÉ",,,,,,,,,,,,,,0xFF01FE,,,"",,,,,,,,,,,,,,0xFF01FC,
1052,75,716002226,1431481421,0,0,0,0,0x0,0x0,0,-42000,0,0,0x98,0,0x0,0x0,1097,0.0,0.0,5,5,,,"Expédition de la Horde",,,,,,,,,,,,,,0xFF01FE,,,"Les troupes combinées de la Horde en Norfendre, dont l'Offensive chanteguerre est le fer de lance.",,,,,,,,,,,,,,0xFF01FE,
1053,-1,0,0,0,0,0,0,0x0,0x0,0,0,0,0,0x0,0,0x0,0x0,0,1.0,1.0,5,5,,,"Garde de l'ouest",,,,,,,,,,,,,,0xFF01FE,,,"",,,,,,,,,,,,,,0xFF01FC,
1054,-1,0,0,0,0,0,0,0x0,0x0,0,0,0,0,0x0,0,0x0,0x0,0,1.0,1.0,5,5,,,"Griffon tacheté",,,,,,,,,,,,,,0xFF01FE,,,"",,,,,,,,,,,,,,0xFF01FC,
1055,-1,0,0,0,0,0,0,0x0,0x0,0,0,0,0,0x0,0,0x0,0x0,0,1.0,1.0,5,5,,,"Chien pestiféré apprivoisé",,,,,,,,,,,,,,0xFF01FE,,,"",,,,,,,,,,,,,,0xFF01FC,
1056,-1,0,0,0,0,0,0,0x0,0x0,0,0,0,0,0x0,0,0x0,0x0,0,1.0,1.0,5,5,,,"Vrykul (esprit ancien 1)",,,,,,,,,,,,,,0xFF01FE,,,"",,,,,,,,,,,,,,0xFF01FC,
1057,-1,0,0,0,0,0,0,0x0,0x0,0,0,0,0,0x0,0,0x0,0x0,0,1.0,1.0,5,5,,,"Vrykul (esprit ancien 2)",,,,,,,,,,,,,,0xFF01FE,,,"",,,,,,,,,,,,,,0xFF01FC,
1058,-1,0,0,0,0,0,0,0x0,0x0,0,0,0,0,0x0,0,0x0,0x0,0,1.0,1.0,5,5,,,"Vrykul (esprit ancien 3)",,,,,,,,,,,,,,0xFF01FE,,,"",,,,,,,,,,,,,,0xFF01FC,
1059,-1,0,0,0,0,0,0,0x0,0x0,0,0,0,0,0x0,0,0x0,0x0,0,1.0,1.0,5,5,,,"JdD - Drapeau - Alliance",,,,,,,,,,,,,,0xFF01FE,,,"",,,,,,,,,,,,,,0xFF01FC,
1060,-1,0,0,0,0,0,0,0x0,0x0,0,0,0,0,0x0,0,0x0,0x0,0,1.0,1.0,5,5,,,"Test",,,,,,,,,,,,,,0xFF01FE,,,"",,,,,,,,,,,,,,0xFF01FC,
1061,-1,0,0,0,0,0,0,0x0,0x0,0,0,0,0,0x0,0,0x0,0x0,0,1.0,1.0,5,5,,,"vrykul",,,,,,,,,,,,,,0xFF01FE,,,"",,,,,,,,,,,,,,0xFF01FC,
1062,-1,0,0,0,0,0,0,0x0,0x0,0,0,0,0,0x0,0,0x0,0x0,0,1.0,1.0,5,5,,,"Gladiateur vrykul",,,,,,,,,,,,,,0xFF01FE,,,"",,,,,,,,,,,,,,0xFF01FC,
1063,-1,0,0,0,0,0,0,0x0,0x0,0,0,0,0,0x0,0,0x0,0x0,0,1.0,1.0,5,5,,,"Combattant de Valgarde",,,,,,,,,,,,,,0xFF01FE,,,"",,,,,,,,,,,,,,0xFF01FC,
1064,76,716002226,1431481421,0,0,0,0,0x0,0x0,0,-42000,0,0,0x10,6,0x0,0x0,1052,0.5,0.5,7,7,,,"Les Taunkas",,,,,,,,,,,,,,0xFF01FE,,,"Ce peuple robuste est apparenté aux taurens. Il fournit d'inestimables éclaireurs aux armées de la Horde, dans sa marche vers le nord.",,,,,,,,,,,,,,0xFF01FE,
1065,-1,0,0,0,0,0,0,0x0,0x0,0,0,0,0,0x0,0,0x0,0x0,0,1.0,1.0,5,5,,,"Monstre, Zone Force Réaction 1",,,,,,,,,,,,,,0xFF01FE,,,"",,,,,,,,,,,,,,0xFF01FC,
1066,-1,0,0,0,0,0,0,0x0,0x0,0,0,0,0,0x0,0,0x0,0x0,0,1.0,1.0,5,5,,,"Monstre, Zone Force Réaction 2",,,,,,,,,,,,,,0xFF01FE,,,"",,,,,,,,,,,,,,0xFF01FC,
1067,77,716002226,1431481421,0,0,0,0,0x0,0x0,0,-42000,0,0,0x10,0,0x0,0x0,1052,0.5,0.5,7,7,,,"La Main de la vengeance",,,,,,,,,,,,,,0xFF01FE,,,"Sylvanas Coursevent a chargé ces Réprouvés de venger Fossoyeuse en infligeant la dernière mutation de leur peste mortelle à Arthas.",,,,,,,,,,,,,,0xFF01FE,
1068,78,1431481421,716002226,0,0,0,0,0x0,0x0,0,-42000,0,0,0x10,6,0x0,0x0,1037,0.5,0.5,7,7,,,"Ligue des explorateurs",,,,,,,,,,,,,,0xFF01FE,,,"Cette organisation cherche à découvrir les origines de la race des nains en rassemblant les reliques des titans. Leurs recherches les plus récentes les ont conduit à explorer différents sites archéologiques du Norfendre.",,,,,,,,,,,,,,0xFF01FE,
1069,-1,0,0,0,0,0,0,0x0,0x0,0,0,0,0,0x0,0,0x0,0x0,0,1.0,1.0,5,5,,,"Course de béliers - Chauffe DND",,,,,,,,,,,,,,0xFF01FE,,,"",,,,,,,,,,,,,,0xFF01FC,
1070,-1,0,0,0,0,0,0,0x0,0x0,0,0,0,0,0x0,0,0x0,0x0,0,1.0,1.0,5,5,,,"Course de béliers - Piège DND",,,,,,,,,,,,,,0xFF01FE,,,"",,,,,,,,,,,,,,0xFF01FC,
1071,-1,0,0,0,0,0,0,0x0,0x0,0,0,0,0,0x0,0,0x0,0x0,0,1.0,1.0,5,5,,,"Les indomptables Écureuils de la Justice de Craig",,,,,,,,,,,,,,0xFF01FE,,,"Faction de test.",,,,,,,,,,,,,,0xFF01FE,
1072,-1,0,0,0,0,0,0,0x0,0x0,0,0,0,0,0x0,0,0x0,0x0,0,1.0,1.0,5,5,,,"RÉUTILISER",,,,,,,,,,,,,,0xFF01FE,,,"",,,,,,,,,,,,,,0xFF01FC,
1073,79,2147483647,0,0,0,0,0,0x0,0x0,0,0,0,0,0x10,0,0x0,0x0,1097,0.0,0.0,5,5,,,"Les Kalu'aks",,,,,,,,,,,,,,0xFF01FE,,,"Les roharts sont un peuple endurant mais pacifique, qui vit de la pêche et de la chasse à la baleine. Leurs villages ont récemment été violemment attaqués, et ils accueillent volontiers tous les alliés qui leur viennent en aide.",,,,,,,,,,,,,,0xFF01FE,
1074,-1,0,0,0,0,0,0,0x0,0x0,0,0,0,0,0x0,0,0x0,0x0,0,1.0,1.0,5,5,,,"Fête - Tonneau d'eau",,,,,,,,,,,,,,0xFF01FE,,,"",,,,,,,,,,,,,,0xFF01FC,
1075,-1,0,0,0,0,0,0,0x0,0x0,0,0,0,0,0x0,0,0x0,0x0,0,1.0,1.0,5,5,,,"Fête - Générique",,,,,,,,,,,,,,0xFF01FE,,,"",,,,,,,,,,,,,,0xFF01FC,
1076,-1,0,0,0,0,0,0,0x0,0x0,0,0,0,0,0x0,0,0x0,0x0,0,1.0,1.0,5,5,,,"Nains de fer",,,,,,,,,,,,,,0xFF01FE,,,"",,,,,,,,,,,,,,0xFF01FC,
1077,80,32767,0,0,0,0,0,0x0,0x0,0,0,0,0,0x10,0,0x0,0x0,936,0.0,0.0,5,5,,,"Opération Soleil brisé",,,,,,,,,,,,,,0xFF01FE,,,"Dernière phase de la campagne de Shattrath visant à contrer les agissements du prince Kael'thas au Puits de soleil.",,,,,,,,,,,,,,0xFF01FE,
1078,-1,0,0,0,0,0,0,0x0,0x0,0,0,0,0,0x0,0,0x0,0x0,0,1.0,1.0,5,5,,,"Mascotte de combat",,,,,,,,,,,,,,0xFF01FE,,,"",,,,,,,,,,,,,,0xFF01FC,
1079,-1,0,0,0,0,0,0,0x0,0x0,0,0,0,0,0x0,0,0x0,0x0,0,1.0,1.0,5,5,,,"Murloc, Aileron-d'hiver",,,,,,,,,,,,,,0xFF01FE,,,"",,,,,,,,,,,,,,0xFF01FC,
1080,-1,0,0,0,0,0,0,0x0,0x0,0,0,0,0,0x0,0,0x0,0x0,0,1.0,1.0,5,5,,,"Bienveillant, Force de réaction",,,,,,,,,,,,,,0xFF01FE,,,"",,,,,,,,,,,,,,0xFF01FC,
1081,-1,0,0,0,0,0,0,0x0,0x0,0,0,0,0,0x0,0,0x0,0x0,0,1.0,1.0,5,5,,,"Objet, Force de réaction",,,,,,,,,,,,,,0xFF01FE,,,"",,,,,,,,,,,,,,0xFF01FC,
1082,82,1431481421,716002226,0,0,0,0,0x0,0x0,0,-42000,0,0,0x4,2,0x0,0x0,0,1.0,1.0,5,5,,,"RÉUTILISER",,,,,,,,,,,,,,0xFF01FE,,,"",,,,,,,,,,,,,,0xFF01FC,
1083,-1,0,0,0,0,0,0,0x0,0x0,0,0,0,0,0x0,0,0x0,0x0,0,1.0,1.0,5,5,,,"REUTILISER",,,,,,,,,,,,,,0xFF01FE,,,"",,,,,,,,,,,,,,0xFF01FC,
1084,-1,0,0,0,0,0,0,0x0,0x0,0,0,0,0,0x0,0,0x0,0x0,0,1.0,1.0,5,5,,,"Vrykul, marin",,,,,,,,,,,,,,0xFF01FE,,,"",,,,,,,,,,,,,,0xFF01FC,
1085,81,1431481421,716002226,0,0,0,0,0x0,0x0,-42000,0,0,0,0x6,16,0x0,0x0,1052,0.5,0.5,7,7,,,"Offensive chanteguerre",,,,,,,,,,,,,,0xFF01FE,,,"Garrosh Hurlenfer commande les forces expéditionnaires de la Horde, alors qu'elles avancent en Norfendre pour affronter Arthas et les armées du Fléau.",,,,,,,,,,,,,,0xFF01FE,
1086,-1,0,0,0,0,0,0,0x0,0x0,0,0,0,0,0x0,0,0x0,0x0,0,1.0,1.0,5,5,,,"Braconnier",,,,,,,,,,,,,,0xFF01FE,,,"",,,,,,,,,,,,,,0xFF01FC,
1087,-1,0,0,0,0,0,0,0x0,0x0,0,0,0,0,0x0,0,0x0,0x0,0,1.0,1.0,5,5,,,"Monstre des fêtes",,,,,,,,,,,,,,0xFF01FE,,,"",,,,,,,,,,,,,,0xFF01FC,
1088,-1,0,0,0,0,0,0,0x0,0x0,0,0,0,0,0x0,0,0x0,0x0,0,1.0,1.0,5,5,,,"Furbolg, Rougecroc",,,,,,,,,,,,,,0xFF01FE,,,"",,,,,,,,,,,,,,0xFF01FC,
1089,-1,0,0,0,0,0,0,0x0,0x0,0,0,0,0,0x0,0,0x0,0x0,0,1.0,1.0,5,5,,,"Furbolg, Givrepatte",,,,,,,,,,,,,,0xFF01FE,,,"",,,,,,,,,,,,,,0xFF01FC,
1090,84,1229,716002226,1431481421,716002226,8388483,8388483,0x80,0x80,0,0,3000,3000,0x10,16,0x10,0x10,1097,0.0,0.0,5,5,,,"Kirin Tor",,,,,,,,,,,,,,0xFF01FE,,,"Les mages et les archimages qui gouvernent la cité de Dalaran. Devant les menaces croissantes du vol draconique bleu et du Fléau, ils ont transporté leur cité au cœur du Norfendre.",,,,,,,,,,,,,,0xFF01FE,
1091,83,2147483647,0,0,0,0,0,0x0,0x0,0,0,0,0,0x10,0,0x0,0x0,1097,0.0,0.0,5,5,,,"L'Accord du Repos du ver",,,,,,,,,,,,,,0xFF01FE,,,"Avec le soulèvement violent du vol draconique bleu contre tous les utilisateurs mortels de la magie, les vols draconiques restants se sont regroupés sous la bannière du vol draconique rouge, pour combattre leurs frères égarés.",,,,,,,,,,,,,,0xFF01FE,
1092,-1,0,0,0,0,0,0,0x0,0x0,0,0,0,0,0x0,0,0x0,0x0,0,1.0,1.0,5,5,,,"Azjol-Nérub",,,,,,,,,,,,,,0xFF01FE,,,"",,,,,,,,,,,,,,0xFF01FC,
1093,-1,0,0,0,0,0,0,0x0,0x0,0,0,0,0,0x0,0,0x0,0x0,0,1.0,1.0,5,5,,,"RÉUTILISER",,,,,,,,,,,,,,0xFF01FE,,,"",,,,,,,,,,,,,,0xFF01FC,
1094,90,1431481421,716002226,0,0,0,0,0x0,0x0,0,-42000,0,0,0x10,6,0x0,0x0,1037,0.5,0.5,7,7,,,"Le Concordat argenté",,,,,,,,,,,,,,0xFF01FE,,,"Un groupe militant de hauts-elfes qui refuse l'admission d'elfes de sang au Kirin Tor. Ils se sont unis sous la bannière de Vereesa Coursevent et ont rejoint les forces de l'Alliance dans le Norfendre.",,,,,,,,,,,,,,0xFF01FE,
1095,-1,0,0,0,0,0,0,0x0,0x0,0,0,0,0,0x0,0,0x0,0x0,0,1.0,1.0,5,5,,,"Trappeurs des Grisonnes",,,,,,,,,,,,,,0xFF01FE,,,"",,,,,,,,,,,,,,0xFF01FC,
1096,-1,0,0,0,0,0,0,0x0,0x0,0,0,0,0,0x0,0,0x0,0x0,0,1.0,1.0,5,5,,,"RÉUTILISER",,,,,,,,,,,,,,0xFF01FE,,,"",,,,,,,,,,,,,,0xFF01FC,
1097,89,0,0,0,0,0,0,0x0,0x0,0,0,0,0,0xC,0,0x0,0x0,0,0.0,0.0,5,5,,,"Wrath of the Lich King",,,,,,,,,,,,,,0xFF01FE,,,"",,,,,,,,,,,,,,0xFF01FC,
1098,91,0,0,0,0,32,8388579,0x0,0x0,3200,0,0,0,0x10,16,0x0,0x0,1097,1.0,1.0,5,5,,,"Chevaliers de la Lame d'ébène",,,,,,,,,,,,,,0xFF01FE,,,"Libérés de l'emprise du roi-liche, ses anciens chevaliers de la mort se sont regroupés pour l'affronter sous la bannière du généralissime Darion Mograine.",,,,,,,,,,,,,,0xFF01FE,
1099,-1,0,0,0,0,0,0,0x0,0x0,0,0,0,0,0x0,0,0x0,0x0,0,1.0,1.0,5,5,,,"Portail du Courroux du Fléau",,,,,,,,,,,,,,0xFF01FE,,,"",,,,,,,,,,,,,,0xFF01FC,
1100,-1,0,0,0,0,0,0,0x0,0x0,0,0,0,0,0x0,0,0x0,0x0,0,1.0,1.0,5,5,,,"Portail du Courroux de l'Alliance",,,,,,,,,,,,,,0xFF01FE,,,"",,,,,,,,,,,,,,0xFF01FC,
1101,-1,0,0,0,0,0,0,0x0,0x0,0,0,0,0,0x0,0,0x0,0x0,0,1.0,1.0,5,5,,,"Portail du Courroux de la Horde",,,,,,,,,,,,,,0xFF01FE,,,"",,,,,,,,,,,,,,0xFF01FC,
1102,-1,0,0,0,0,0,0,0x0,0x0,0,0,0,0,0x0,0,0x0,0x0,0,1.0,1.0,5,5,,,"JdD - Drapeau - Horde",,,,,,,,,,,,,,0xFF01FE,,,"",,,,,,,,,,,,,,0xFF01FC,
1103,-1,0,0,0,0,0,0,0x0,0x0,0,0,0,0,0x0,0,0x0,0x0,0,1.0,1.0,5,5,,,"JdD - Drapeau - Neutre",,,,,,,,,,,,,,0xFF01FE,,,"",,,,,,,,,,,,,,0xFF01FC,
1104,92,2147483647,0,0,0,0,0,0x0,0x0,0,0,0,0,0x10,0,0x0,0x0,1117,-2.20000004768,1.0,7,7,,,"Tribu Frénécœur",,,,,,,,,,,,,,0xFF01FE,,,"Chassée de ses terres par le Fléau, cette redoutable tribu de varleus compte faire du bassin de Sholazar son nouveau foyer. Le tempérament agressif de ses membres leur vaut des démêlés avec les diverses tribus de gorlocs regroupées sous le nom d'Oracles.",,,,,,,,,,,,,,0xFF01FE,
1105,93,2147483647,0,0,0,0,0,0x0,0x0,0,0,0,0,0x10,0,0x0,0x0,1117,-2.20000004768,1.0,7,7,,,"Les Oracles",,,,,,,,,,,,,,0xFF01FE,,,"Les gorlocs du bassin de Sholazar sont des créatures reptiliennes qui se considèrent comme les gardiens des vestiges de la technologie des titans dans la région (même s’ils la comprennent mal). Ils sont en conflit territorial avec les varleus.",,,,,,,,,,,,,,0xFF01FE,
1106,94,32767,0,0,0,0,0,0x0,0x0,0,0,0,0,0x10,0,0x0,0x0,1097,0.0,0.0,5,5,,,"La Croisade d'argent",,,,,,,,,,,,,,0xFF01FE,,,"Menée par Tirion Fordring, la Croisade d'argent regroupe les membres d'une Main d'argent reformée et ceux de l'Aube d'argent, dans le but de vaincre une bonne fois pour toutes les troupes du roi-liche.",,,,,,,,,,,,,,0xFF01FE,
1107,-1,0,0,0,0,0,0,0x0,0x0,0,0,0,0,0x0,0,0x0,0x0,0,1.0,1.0,5,5,,,"Troll, Drakkari",,,,,,,,,,,,,,0xFF01FE,,,"",,,,,,,,,,,,,,0xFF01FC,
1108,-1,0,0,0,0,0,0,0x0,0x0,0,0,0,0,0x0,0,0x0,0x0,0,1.0,1.0,5,5,,,"Arthas GdT",,,,,,,,,,,,,,0xFF01FE,,,"",,,,,,,,,,,,,,0xFF01FC,
1109,-1,0,0,0,0,0,0,0x0,0x0,0,0,0,0,0x0,0,0x0,0x0,0,1.0,1.0,5,5,,,"Citoyen de Stratholme GdT",,,,,,,,,,,,,,0xFF01FE,,,"",,,,,,,,,,,,,,0xFF01FC,
1110,-1,0,0,0,0,0,0,0x0,0x0,0,0,0,0,0x0,0,0x0,0x0,0,1.0,1.0,5,5,,,"Fléau GdT",,,,,,,,,,,,,,0xFF01FE,,,"",,,,,,,,,,,,,,0xFF01FC,
1111,-1,0,0,0,0,0,0,0x0,0x0,0,0,0,0,0x0,0,0x0,0x0,0,1.0,1.0,5,5,,,"Freya",,,,,,,,,,,,,,0xFF01FE,,,"",,,,,,,,,,,,,,0xFF01FC,
1112,-1,0,0,0,0,0,0,0x0,0x0,0,0,0,0,0x0,0,0x0,0x0,0,1.0,1.0,5,5,,,"Monture - Taxi - Alliance",,,,,,,,,,,,,,0xFF01FE,,,"",,,,,,,,,,,,,,0xFF01FC,
1113,-1,0,0,0,0,0,0,0x0,0x0,0,0,0,0,0x0,0,0x0,0x0,0,1.0,1.0,5,5,,,"Monture - Taxi - Horde",,,,,,,,,,,,,,0xFF01FE,,,"",,,,,,,,,,,,,,0xFF01FC,
1114,-1,0,0,0,0,0,0,0x0,0x0,0,0,0,0,0x0,0,0x0,0x0,0,1.0,1.0,5,5,,,"Monture - Taxi - Neutre",,,,,,,,,,,,,,0xFF01FE,,,"",,,,,,,,,,,,,,0xFF01FC,
1115,-1,0,0,0,0,0,0,0x0,0x0,0,0,0,0,0x0,0,0x0,0x0,0,1.0,1.0,5,5,,,"Élémentaire, eau",,,,,,,,,,,,,,0xFF01FE,,,"",,,,,,,,,,,,,,0xFF01FC,
1116,-1,0,0,0,0,0,0,0x0,0x0,0,0,0,0,0x0,0,0x0,0x0,0,1.0,1.0,5,5,,,"Élémentaire, air",,,,,,,,,,,,,,0xFF01FE,,,"",,,,,,,,,,,,,,0xFF01FC,
1117,95,2147483647,0,0,0,0,0,0x0,0x0,0,0,0,0,0xC,0,0x0,0x0,1097,0.0,0.0,5,5,,,"Bassin de Sholazar",,,,,,,,,,,,,,0xFF01FE,,,"",,,,,,,,,,,,,,0xFF01FC,
1118,96,2147483647,0,0,0,0,0,0x0,0x0,0,0,0,0,0xC,0,0x0,0x0,0,0.0,0.0,5,5,,,"Classique",,,,,,,,,,,,,,0xFF01FE,,,"",,,,,,,,,,,,,,0xFF01FC,
1119,97,2147483647,0,0,0,0,0,0x0,0x0,-42000,0,0,0,0x0,0,0x0,0x0,1097,0.0,0.0,5,5,,,"Les Fils de Hodir",,,,,,,,,,,,,,0xFF01FE,,,"Les géants du givre des pics Foudroyés sont un peuple guerrier qui s'est établi à Dun Niffelem.",,,,,,,,,,,,,,0xFF01FE,
1120,-1,0,0,0,0,0,0,0x0,0x0,0,0,0,0,0x0,0,0x0,0x0,0,1.0,1.0,5,5,,,"Géants de fer",,,,,,,,,,,,,,0xFF01FE,,,"",,,,,,,,,,,,,,0xFF01FC,
1121,-1,0,0,0,0,0,0,0x0,0x0,0,0,0,0,0x0,0,0x0,0x0,0,1.0,1.0,5,5,,,"Vrykuls de givre",,,,,,,,,,,,,,0xFF01FE,,,"",,,,,,,,,,,,,,0xFF01FC,
1122,-1,0,0,0,0,0,0,0x0,0x0,0,0,0,0,0x0,0,0x0,0x0,0,1.0,1.0,5,5,,,"Terrestre",,,,,,,,,,,,,,0xFF01FE,,,"",,,,,,,,,,,,,,0xFF01FC,
1123,-1,0,0,0,0,0,0,0x0,0x0,0,0,0,0,0x0,0,0x0,0x0,0,1.0,1.0,5,5,,,"Monstre arbitre",,,,,,,,,,,,,,0xFF01FE,,,"",,,,,,,,,,,,,,0xFF01FC,
1124,98,716002226,1431481421,0,0,0,0,0x0,0x0,0,-42000,0,0,0x10,6,0x0,0x0,1052,0.5,0.5,7,7,,,"Les Saccage-soleil",,,,,,,,,,,,,,0xFF01FE,,,"Traditionnellement exclue de Dalaran, la Horde a fini par y être admise grâce aux efforts de l'archimage Aethas Saccage-soleil. Ses adeptes ont repris son nom et veillent sur le quartier appelé Sanctuaire de Saccage-soleil.",,,,,,,,,,,,,,0xFF01FE,
1125,-1,0,0,0,0,0,0,0x0,0x0,0,0,0,0,0x0,0,0x0,0x0,0,1.0,1.0,5,5,,,"Hyldsmeet",,,,,,,,,,,,,,0xFF01FE,,,"",,,,,,,,,,,,,,0xFF01FC,
1126,99,1431481421,716002226,0,0,0,0,0x0,0x0,0,-42000,0,0,0x10,0,0x0,0x0,1037,0.5,0.5,7,7,,,"Les Givre-nés",,,,,,,,,,,,,,0xFF01FE,,,"Cette mystérieuse race de nains de givre a élu domicile dans les pics Foudroyés. Ils se sont récemment alliés à la Ligue des explorateurs et accueillent les membres de l'Alliance dans leurs habitations.",,,,,,,,,,,,,,0xFF01FE,
1127,-1,0,0,0,0,0,0,0x0,0x0,0,0,0,0,0x0,0,0x0,0x0,0,1.0,1.0,5,5,,,"Orgrimmar (Test d'Alex)",,,,,,,,,,,,,,0xFF01FE,,,"",,,,,,,,,,,,,,0xFF01FC,
1136,100,2097151,0,0,0,0,0,0x0,0x0,0,0,0,0,0x4,0,0x0,0x0,0,0.0,0.0,0,0,,,"Conversion de Tranquillien",,,,,,,,,,,,,,0xFF01FE,,,"",,,,,,,,,,,,,,0xFF01FC,
1137,101,32767,0,0,0,8388611,0,0x0,0x0,0,0,0,0,0x4,0,0x0,0x0,0,0.0,0.0,0,0,,,"Conversion des sabres-d'hiver",,,,,,,,,,,,,,0xFF01FE,,,"",,,,,,,,,,,,,,0xFF01FC,
1145,-1,0,0,0,0,0,0,0x0,0x0,0,0,0,0,0x0,0,0x0,0x0,0,0.0,0.0,0,0,,,"Hait tout et tout le monde",,,,,,,,,,,,,,0xFF01FE,,,"",,,,,,,,,,,,,,0xFF01FC,
1154,102,2097151,0,0,0,0,0,0x0,0x0,0,0,0,0,0x4,0,0x0,0x0,0,0.0,0.0,0,0,,,"Conversion au Concordat argenté",,,,,,,,,,,,,,0xFF01FE,,,"",,,,,,,,,,,,,,0xFF01FC,
1155,103,2097151,0,0,0,0,0,0x0,0x0,0,0,0,0,0x4,0,0x0,0x0,0,0.0,0.0,0,0,,,"Conversion aux Saccage-soleil",,,,,,,,,,,,,,0xFF01FE,,,"",,,,,,,,,,,,,,0xFF01FC,
1156,104,2097151,0,0,0,0,0,0x0,0x0,0,0,0,0,0x10,0,0x0,0x0,1097,0.0,0.0,0,0,,,"Le Verdict des cendres",,,,,,,,,,,,,,0xFF01FE,,,"Tirion Fordring et Darion Mograine ont passé un accord. La Croisade d’argent et les chevaliers de la Lame d’ébène ont mis de côté leurs différends pour attaquer la citadelle de la Couronne de glace… et anéantir le roi-liche.",,,,,,,,,,,,,,0xFF01FE,
1159,-1,0,0,0,0,0,0,0x0,0x0,0,0,0,0,0x0,0,0x0,0x0,0,1.0,1.0,5,5,,,"JdD - Drapeau - Alliance 2",,,,,,,,,,,,,,0xFF01FE,,,"",,,,,,,,,,,,,,0xFF01FC,
1160,-1,0,0,0,0,0,0,0x0,0x0,0,0,0,0,0x0,0,0x0,0x0,0,1.0,1.0,5,5,,,"JdD - Drapeau - Horde 2",,,,,,,,,,,,,,0xFF01FE,,,"",,,,,,,,,,,,,,0xFF01FC,
1128,-1,0,0,0,0,0,0,0x0,0x0,0,0,0,0,0x0,0,0x0,0x0,0,1.0,1.0,5,5,,,"Marteau du crépuscule",,,,,,,,,,,,,,0xFF01FE,,,"",,,,,,,,,,,,,,0xFF01FC,
1129,-1,0,0,0,0,0,0,0x0,0x0,0,0,0,0,0x0,0,0x0,0x0,0,1.0,1.0,5,5,,,"Furbolg, Noirbois",,,,,,,,,,,,,,0xFF01FE,,,"",,,,,,,,,,,,,,0xFF01FC,
1130,-1,0,0,0,0,0,0,0x0,0x0,0,0,0,0,0x0,0,0x0,0x0,0,1.0,1.0,5,5,,,"Cerf, Sombrivage",,,,,,,,,,,,,,0xFF01FE,,,"",,,,,,,,,,,,,,0xFF01FC,
1131,-1,0,0,0,0,0,0,0x0,0x0,0,0,0,0,0x0,0,0x0,0x0,0,1.0,1.0,5,5,,,"Ours, Sombrivage",,,,,,,,,,,,,,0xFF01FE,,,"",,,,,,,,,,,,,,0xFF01FC,
1132,-1,0,0,0,0,0,0,0x0,0x0,0,0,0,0,0x0,0,0x0,0x0,0,1.0,1.0,5,5,,,"Traquelune, Sombrivage",,,,,,,,,,,,,,0xFF01FE,,,"",,,,,,,,,,,,,,0xFF01FC,
1133,105,716002226,1431481421,0,0,0,0,0x0,0x0,3100,-42000,0,0,0x111,6,0x0,0x0,67,1.0,0.25,4,7,,,"Cartel Baille-Fonds",,,,,,,,,,,,,,0xFF01FE,,,"Dirigé par l'impitoyable prince marchand Gallywix, le cartel Baille-Fonds est la compagnie commerciale la plus puissante de l'île de Kezan. Depuis son quartier-général au port Baille-Fonds, le cartel domine tout le commerce des mers du Sud.",,,,,,,,,,,,,,0xFF01FE,
1134,106,1431481421,716002226,2048,0,0,0,0x0,0x0,0,-42000,3000,0,0x111,6,0x11,0x0,469,1.0,0.25,4,7,,,"Gilnéas",,,,,,,,,,,,,,0xFF01FE,,,"Le peuple de Gilnéas est une nation de survivants. Ils ont construit un mur entre eux et le reste du monde, mais ils doivent maintenant faire face aux menaces intérieures.",,,,,,,,,,,,,,0xFF01FE,
1135,110,4194303,0,0,0,0,0,0x0,0x0,0,0,0,0,0x10,0,0x0,0x0,1162,0.0,0.0,5,5,,,"Le Cercle terrestre",,,,,,,,,,,,,,0xFF01FE,,,"Ce rassemblement des plus puissants chamans d'Azeroth cherche à maintenir l'équilibre entre les forces élémentaires du monde. Son principal objectif durant le Cataclysme a été de circonscrire et réparer les dégâts provoqués par l'arrivée d'Aile de mort.",,,,,,,,,,,,,,0xFF01FE,
1138,109,0,0,0,0,0,0,0x0,0x0,0,0,0,0,0x4,0,0x0,0x0,0,0.0,0.0,0,0,,,"Catacylsm - Nouvelle réputation neutre",,,,,,,,,,,,,,0xFF01FE,,,"",,,,,,,,,,,,,,0xFF01FC,
1142,-1,0,0,0,0,0,0,0x0,0x0,0,0,0,0,0x0,0,0x0,0x0,0,0.0,0.0,0,0,,,"Vestige des Magram",,,,,,,,,,,,,,0xFF01FE,,,"",,,,,,,,,,,,,,0xFF01FC,
1143,-1,0,0,0,0,0,0,0x0,0x0,0,0,0,0,0x0,0,0x0,0x0,0,0.0,0.0,0,0,,,"Fils des Gelkis",,,,,,,,,,,,,,0xFF01FE,,,"",,,,,,,,,,,,,,0xFF01FC,
1144,-1,0,0,0,0,0,0,0x0,0x0,0,0,0,0,0x0,0,0x0,0x0,0,0.0,0.0,0,0,,,"RÉUTILISER",,,,,,,,,,,,,,0xFF01FE,,,"",,,,,,,,,,,,,,0xFF01FC,
1152,-1,0,0,0,0,0,0,0x0,0x0,0,0,0,0,0x0,0,0x0,0x0,0,1.0,1.0,5,5,,,"JOUEUR, Gobelin",,,,,,,,,,,,,,0xFF01FE,,,"",,,,,,,,,,,,,,0xFF01FC,
1153,-1,0,0,0,0,0,0,0x0,0x0,0,0,0,0,0x0,0,0x0,0x0,0,1.0,1.0,5,5,,,"JOUEUR, Worgen",,,,,,,,,,,,,,0xFF01FE,,,"",,,,,,,,,,,,,,0xFF01FC,
1157,-1,0,0,0,0,0,0,0x0,0x0,0,0,0,0,0x0,0,0x0,0x0,0,0.0,0.0,0,0,,,"Pygmée",,,,,,,,,,,,,,0xFF01FE,,,"",,,,,,,,,,,,,,0xFF01FC,
1158,113,2147483647,0,0,0,0,0,0x0,0x0,0,0,0,0,0x10,0,0x0,0x0,1162,0.0,0.0,0,0,,,"Gardiens d'Hyjal",,,,,,,,,,,,,,0xFF01FE,,,"Confrontés à la dévastation imminente du mont Hyjal, les plus puissants membres du Cercle cénarien ont uni leurs forces à celles du Vol draconique émeraude pour repousser les hordes de serviteurs de Ragnaros et du Marteau du crépuscule.",,,,,,,,,,,,,,0xFF01FE,
1161,-1,0,0,0,0,0,0,0x0,0x0,0,0,0,0,0x0,0,0x0,0x0,0,0.0,0.0,0,0,,,"Totem-sinistre",,,,,,,,,,,,,,0xFF01FE,,,"",,,,,,,,,,,,,,0xFF01FC,
1162,111,2147483647,0,0,0,0,0,0x0,0x0,0,0,0,0,0x8,0,0x0,0x0,0,0.0,0.0,0,0,,,"Cataclysm",,,,,,,,,,,,,,0xFF01FE,,,"",,,,,,,,,,,,,,0xFF01FC,
1163,112,1,0,0,0,0,0,0x0,0x0,0,0,0,0,0x0,0,0x0,0x0,0,0.0,0.0,0,0,,,"Réput de test pour Alex",,,,,,,,,,,,,,0xFF01FE,,,"",,,,,,,,,,,,,,0xFF01FC,
1166,108,0,0,0,0,0,0,0x0,0x0,0,0,0,0,0x0,0,0x0,0x0,0,1.0,1.0,5,5,,,"Test Faction 5",,,,,,,,,,,,,,0xFF01FE,,,"",,,,,,,,,,,,,,0xFF01FC,
1167,109,0,0,0,0,0,0,0x0,0x0,0,0,0,0,0x0,0,0x0,0x0,0,1.0,1.0,5,5,,,"Test Faction 5",,,,,,,,,,,,,,0xFF01FE,,,"",,,,,,,,,,,,,,0xFF01FC,
1168,114,2147483647,0,0,0,0,0,0x0,0x0,0,0,0,0,0x210,0,0x0,0x0,1169,0.0,0.0,0,0,,,"Guilde",,,,,,,,,,,,,,0xFF01FE,,,"Cette réputation représente la manière dont vous êtes perçu(e) par votre guilde actuelle. Elle est nécessaire pour acheter les récompenses de guilde. Vous gagnez de la réputation de guilde automatiquement quand vous obtenez de l'expérience de guilde.",,,,,,,,,,,,,,0xFF01FE,
1169,115,2147483647,0,0,0,0,0,0x0,0x0,0,0,0,0,0x1C,0,0x0,0x0,0,0.0,0.0,0,0,,,"Guilde",,,,,,,,,,,,,,0xFF01FE,,,"",,,,,,,,,,,,,,0xFF01FC,
1171,116,2147483647,0,0,0,0,0,0x0,0x0,-42000,0,0,0,0x40,0,0x0,0x0,1162,0.0,0.0,0,0,,,"Therazane",,,,,,,,,,,,,,0xFF01FE,,,"Le Tréfonds, plan élémentaire de la terre, est dirigé par Therazane et ses enfants, les seigneurs de pierre. Après avoir été témoin de la dévastation provoquée par Aile de mort et ses serviteurs, Therazane traite tous les étrangers avec hostilité.",,,,,,,,,,,,,,0xFF01FE,
1172,117,716002226,1431481421,0,0,0,0,0x0,0x0,0,-42000,0,0,0x10,0,0x0,0x0,1162,0.0,0.0,0,0,,,"Clan Gueule-de-dragon",,,,,,,,,,,,,,0xFF01FE,,,"Ce clan d'orcs rebelles fut autrefois habilité par Aile de mort lui-même à asservir les dragons rouges, y compris Alexstrasza. Aujourd'hui moins nombreux et puissants, les Gueules-de-dragon se sont établis dans les hautes-terres du Crépuscule.",,,,,,,,,,,,,,0xFF01FE,
1173,118,2147483647,0,0,0,0,0,0x0,0x0,0,0,0,0,0x10,0,0x0,0x0,1162,0.0,0.0,0,0,,,"Ramkahen",,,,,,,,,,,,,,0xFF01FE,,,"Les hommes-chats de Ramkahen sont les descendants des Tol'vir, les gardiens d'Uldum. Même s'ils ont perdu leur corps de pierre, protéger les secrets des titans fait toujours partie de leur stricte tradition.",,,,,,,,,,,,,,0xFF01FE,
1174,119,1431481421,716002226,0,0,0,0,0x0,0x0,0,-42000,0,0,0x10,4,0x0,0x0,1162,0.0,0.0,0,0,,,"Clan Marteau-hardi",,,,,,,,,,,,,,0xFF01FE,,,"Les nains marteaux-hardis sont connus pour leur courage, leur témérité et leur compétence inégalée de chevaucheurs de griffon. Chassés de Grim Batol par une malédiction sombrefer, ils se sont depuis éparpillés dans les hautes-terres du Crépuscule.",,,,,,,,,,,,,,0xFF01FE,
1177,122,1431481421,716002226,0,0,0,0,0x0,0x0,0,-42000,0,0,0x0,6,0x0,0x0,1162,0.0,0.0,0,0,,,"Gardiens de Baradin",,,,,,,,,,,,,,0xFF01FE,,,"Autrefois dirigée par le duc Reginald Baradin II, cette féroce armée a des liens historiques avec l'île fortifiée de Tol Barad. Elle a rejoint l'Alliance pour repousser les envahisseurs de la Horde et prendre le contrôle de cette île stratégique.",,,,,,,,,,,,,,0xFF01FE,
1178,123,1431481421,716002226,0,0,0,0,0x0,0x0,-42000,0,0,0,0x6,16,0x0,0x0,1162,0.0,0.0,0,0,,,"Poing de Hurlenfer",,,,,,,,,,,,,,0xFF01FE,,,"Le Poing de Hurlenfer est un régiment d'élite de la Horde composé uniquement de vétérans ayant souvent combattu. Sélectionnés par Garrosh lui-même, ils ont reçu pour ordre de prendre le contrôle total de Tol Barad. L'échec n'est pas une option.",,,,,,,,,,,,,,0xFF01FE,
1179,-1,0,0,0,0,0,0,0x0,0x0,0,0,0,0,0x0,0,0x0,0x0,0,1.0,1.0,5,5,,,"Gelée",,,,,,,,,,,,,,0xFF01FE,,,"",,,,,,,,,,,,,,0xFF01FC,
1181,124,2147483647,0,0,0,8388611,0,0x0,0x0,3000,0,0,0,0x14,0,0x0,0x0,0,0.0,0.0,0,0,,,"Bienveillant, nouveau",,,,,,,,,,,,,,0xFF01FE,,,"",,,,,,,,,,,,,,0xFF01FC,
1189,-1,0,0,0,0,0,0,0x0,0x0,0,0,0,0,0x0,0,0x0,0x0,0,1.0,1.0,5,5,,,"K3",,,,,,,,,,,,,,0xFF01FE,,,"",,,,,,,,,,,,,,0xFF01FC,
1204,127,2147483647,0,0,0,0,0,0x0,0x0,0,0,0,0,0x10,0,0x0,0x0,1162,0.0,0.0,0,0,,,"Vengeurs d’Hyjal",,,,,,,,,,,,,,0xFF01FE,,,"Rendus furieux par la destruction perpétrée par le seigneur des Flammes, le Cercle cénarien reprend l’initiative, rispostant aux attaques de Ragnaros et s’enfonçant au cœur même des terres de Feu.",,,,,,,,,,,,,,0xFF01FE,
1233,-1,0,0,0,0,0,0,0x0,0x0,0,0,0,0,0x0,0,0x0,0x0,0,1.0,1.0,0,0,,,"GdT Puits d’éternité - Illidan",,,,,,,,,,,,,,0xFF01FE,,,"",,,,,,,,,,,,,,0xFF01FC,
1234,-1,0,0,0,0,0,0,0x0,0x0,0,0,0,0,0x0,0,0x0,0x0,0,1.0,1.0,0,0,,,"GdT Puits d’éternité - Hauts elfes",,,,,,,,,,,,,,0xFF01FE,,,"",,,,,,,,,,,,,,0xFF01FC,
1235,-1,0,0,0,0,0,0,0x0,0x0,0,0,0,0,0x0,0,0x0,0x0,0,1.0,1.0,0,0,,,"GdT Puits d’éternité - Illidan (camouflage)",,,,,,,,,,,,,,0xFF01FE,,,"",,,,,,,,,,,,,,0xFF01FC,
1237,-1,0,0,0,0,0,0,0x0,0x0,0,0,0,0,0x0,0,0x0,0x0,0,1.0,1.0,0,0,,,"GdT Puits d’éternité - Démons",,,,,,,,,,,,,,0xFF01FE,,,"",,,,,,,,,,,,,,0xFF01FC,
1240,-1,0,0,0,0,0,0,0x0,0x0,0,0,0,0,0x0,0,0x0,0x0,0,0.0,0.0,0,0,,,"GdT Puits d’éternité - Balles démoniaques",,,,,,,,,,,,,,0xFF01FE,,,"",,,,,,,,,,,,,,0xFF01FC,
1241,-1,0,0,0,0,0,0,0x0,0x0,0,0,0,0,0x0,0,0x0,0x0,0,1.0,1.0,0,0,,,"GdT Puits d’éternité - Traqueurs",,,,,,,,,,,,,,0xFF01FE,,,"",,,,,,,,,,,,,,0xFF01FC,
1265,-1,0,0,0,0,0,0,0x0,0x0,0,0,0,0,0x0,0,0x0,0x0,1118,1.0,1.0,5,5,,,"Shen’dralar",,,,,,,,,,,,,,0xFF01FE,,,"Ce qui reste des puissants elfes qui vivaient à Hache-Tripes. Ils ont conservé leur sagesse, et connaissent maints secrets.",,,,,,,,,,,,,,0xFF01FE,
1249,-1,0,0,0,0,0,0,0x0,0x0,0,0,0,0,0x0,0,0x0,0x0,0,0.0,0.0,0,0,,,"JOUEUR, neutre extension 4",,,,,,,,,,,,,,0xFF01FE,,,"",,,,,,,,,,,,,,0xFF01FE,
1216,-1,58720256,0,0,0,0,0,0x0,0x0,3000,0,0,0,0x51,0,0x0,0x0,1245,0.0,0.0,0,0,,,"Académie de Shang Xi",,,,,,,,,,,,,,0xFF01FE,,,"Depuis près de trois générations, le très estimé Shang Xi prépare des héros pandarens pour une vie d’aventures.",,,,,,,,,,,,,,0xFF01FE,
1245,-1,67108863,0,0,0,0,0,0x0,0x0,0,0,0,0,0x8,0,0x0,0x0,0,0.0,0.0,0,0,,,"Mists of Pandaria",,,,,,,,,,,,,,0xFF01FE,,,"",,,,,,,,,,,,,,0xFF01FE,
