long,None,None,str,None,None,None,None,None,None,None,None,None,None,None,None,None,flags,long,long,long,long,long,long,long,long,flags,long,str,flags,None,long,None,None,str,None,None,None,None,None,None,None,None,None,None,None,None,None,flags,
1,,,"Cavernes des lamentations",,,,,,,,,,,,,,0xFF01FE,15,25,19,17,20,43,0,3,0x1,-1,"WAILINGCAVERNS",0x0,,1,,,"",,,,,,,,,,,,,,0xFF01FC,
2,,,"Scholomance",,,,,,,,,,,,,,0xFF01FE,55,65,60,0,0,289,0,3,0x1,-1,"SCHOLOMANCE",0x0,,1,,,"",,,,,,,,,,,,,,0xFF01FC,
4,,,"Gouffre de Ragefeu",,,,,,,,,,,,,,0xFF01FE,15,21,16,15,16,389,0,3,0x1,0,"RAGEFIRECHASM",0x0,,1,,,"",,,,,,,,,,,,,,0xFF01FC,
6,,,"Mortemines",,,,,,,,,,,,,,0xFF01FE,15,25,19,17,20,36,0,3,0x1,-1,"DEADMINES",0x0,,1,,,"",,,,,,,,,,,,,,0xFF01FC,
8,,,"Donjon d'Ombrecroc",,,,,,,,,,,,,,0xFF01FE,16,26,20,18,21,33,0,3,0x1,-1,"SHADOWFANGKEEP",0x0,,1,,,"",,,,,,,,,,,,,,0xFF01FC,
10,,,"Profondeurs de Brassenoire",,,,,,,,,,,,,,0xFF01FE,19,29,23,21,24,48,0,3,0x1,-1,"BLACKFATHOMDEEPS",0x0,,1,,,"",,,,,,,,,,,,,,0xFF01FC,
12,,,"Prison de Hurlevent",,,,,,,,,,,,,,0xFF01FE,20,30,24,22,25,34,0,3,0x1,1,"STORMWINDSTOCKADES",0x0,,1,,,"",,,,,,,,,,,,,,0xFF01FC,
14,,,"Gnomeregan",,,,,,,,,,,,,,0xFF01FE,23,33,27,25,28,90,0,3,0x1,-1,"GNOMEREGAN",0x0,,1,,,"",,,,,,,,,,,,,,0xFF01FC,
16,,,"Kraal de Tranchebauge",,,,,,,,,,,,,,0xFF01FE,22,32,26,24,27,47,0,3,0x1,-1,"RAZORFENKRAUL",0x0,,1,,,"",,,,,,,,,,,,,,0xFF01FC,
18,,,"Monastère écarlate - Cimetière",,,,,,,,,,,,,,0xFF01FE,27,37,31,29,32,189,0,3,0x1,-1,"SCARLETMONASTERY",0x0,,1,,,"",,,,,,,,,,,,,,0xFF01FC,
20,,,"Souilles de Tranchebauge",,,,,,,,,,,,,,0xFF01FE,32,42,36,34,37,129,0,3,0x1,-1,"RAZORFENDOWNS",0x0,,1,,,"",,,,,,,,,,,,,,0xFF01FC,
22,,,"Uldaman",,,,,,,,,,,,,,0xFF01FE,35,45,39,37,40,70,0,3,0x1,-1,"ULDAMAN",0x0,,1,,,"",,,,,,,,,,,,,,0xFF01FC,
24,,,"Zul'Farrak",,,,,,,,,,,,,,0xFF01FE,41,51,45,43,46,209,0,3,0x1,-1,"ZULFARAK",0x0,,1,,,"",,,,,,,,,,,,,,0xFF01FC,
26,,,"Maraudon - Cristaux oranges",,,,,,,,,,,,,,0xFF01FE,41,51,45,43,46,349,0,3,0x1,-1,"MARAUDON",0x0,,1,,,"",,,,,,,,,,,,,,0xFF01FC,
28,,,"Temple englouti",,,,,,,,,,,,,,0xFF01FE,45,55,49,47,50,109,0,3,0x1,-1,"SUNKENTEMPLE",0x0,,1,,,"",,,,,,,,,,,,,,0xFF01FC,
30,,,"Profondeurs de Rochenoire - Prison",,,,,,,,,,,,,,0xFF01FE,47,57,51,49,52,230,0,3,0x1,-1,"BLACKROCKDEPTHS",0x0,,1,,,"",,,,,,,,,,,,,,0xFF01FC,
32,,,"Bas du pic Rochenoire",,,,,,,,,,,,,,0xFF01FE,55,65,58,57,58,229,0,3,0x1,-1,"BLACKROCKSPIRE",0x0,,1,,,"",,,,,,,,,,,,,,0xFF01FC,
34,,,"Hache-tripes - est",,,,,,,,,,,,,,0xFF01FE,53,63,57,55,58,429,0,3,0x1,-1,"DIREMAUL",0x0,,1,,,"",,,,,,,,,,,,,,0xFF01FC,
36,,,"Hache-tripes - ouest",,,,,,,,,,,,,,0xFF01FE,55,65,58,58,58,429,0,3,0x1,-1,"DIREMAUL",0x0,,1,,,"",,,,,,,,,,,,,,0xFF01FC,
38,,,"Hache-tripes - nord",,,,,,,,,,,,,,0xFF01FE,55,65,60,0,0,429,0,3,0x1,-1,"DIREMAUL",0x0,,1,,,"",,,,,,,,,,,,,,0xFF01FC,
40,,,"Stratholme - Grande porte",,,,,,,,,,,,,,0xFF01FE,55,65,60,0,0,329,0,3,0x1,-1,"STRATHOLME",0x0,,1,,,"",,,,,,,,,,,,,,0xFF01FC,
136,,,"Remparts des Flammes infernales",,,,,,,,,,,,,,0xFF01FE,57,67,63,59,62,543,0,3,0x1,-1,"HELLFIRECITADEL",0x1,,2,,,"",,,,,,,,,,,,,,0xFF01FC,
137,,,"Fournaise du sang",,,,,,,,,,,,,,0xFF01FE,59,68,64,61,63,542,0,3,0x1,-1,"HELLFIRECITADEL",0x1,,2,,,"",,,,,,,,,,,,,,0xFF01FC,
138,,,"Salles brisées",,,,,,,,,,,,,,0xFF01FE,67,75,70,0,0,540,0,3,0x1,-1,"HELLFIRECITADEL",0x1,,2,,,"",,,,,,,,,,,,,,0xFF01FC,
140,,,"Enclos aux esclaves",,,,,,,,,,,,,,0xFF01FE,60,69,65,62,64,547,0,3,0x1,-1,"COILFANG",0x1,,2,,,"",,,,,,,,,,,,,,0xFF01FC,
146,,,"Basse-tourbière",,,,,,,,,,,,,,0xFF01FE,61,70,66,63,65,546,0,3,0x1,-1,"COILFANG",0x1,,2,,,"",,,,,,,,,,,,,,0xFF01FC,
147,,,"Caveau de la vapeur",,,,,,,,,,,,,,0xFF01FE,67,75,70,0,0,545,0,3,0x1,-1,"COILFANG",0x1,,2,,,"",,,,,,,,,,,,,,0xFF01FC,
148,,,"Tombes-mana",,,,,,,,,,,,,,0xFF01FE,62,71,67,64,66,557,0,3,0x1,-1,"AUCHINDOUN",0x1,,2,,,"",,,,,,,,,,,,,,0xFF01FC,
149,,,"Cryptes Auchenaï",,,,,,,,,,,,,,0xFF01FE,63,72,68,65,67,558,0,3,0x1,-1,"AUCHINDOUN",0x1,,2,,,"",,,,,,,,,,,,,,0xFF01FC,
150,,,"Salles des Sethekk",,,,,,,,,,,,,,0xFF01FE,65,73,69,67,68,556,0,3,0x1,-1,"AUCHINDOUN",0x1,,2,,,"",,,,,,,,,,,,,,0xFF01FC,
151,,,"Labyrinthe des ombres",,,,,,,,,,,,,,0xFF01FE,67,75,70,0,0,555,0,3,0x1,-1,"AUCHINDOUN",0x1,,2,,,"",,,,,,,,,,,,,,0xFF01FC,
163,,,"Monastère écarlate - Armurerie",,,,,,,,,,,,,,0xFF01FE,32,42,36,34,37,189,0,3,0x1,-1,"SCARLETMONASTERY",0x0,,1,,,"",,,,,,,,,,,,,,0xFF01FC,
164,,,"Monastère écarlate - Cathédrale",,,,,,,,,,,,,,0xFF01FE,35,45,39,37,40,189,0,3,0x1,-1,"SCARLETMONASTERY",0x0,,1,,,"",,,,,,,,,,,,,,0xFF01FC,
165,,,"Monastère écarlate - Bibliothèque",,,,,,,,,,,,,,0xFF01FE,30,40,34,32,35,189,0,3,0x1,-1,"SCARLETMONASTERY",0x0,,1,,,"",,,,,,,,,,,,,,0xFF01FC,
170,,,"L'évasion de Fort-de-Durn",,,,,,,,,,,,,,0xFF01FE,64,73,69,66,68,560,0,3,0x1,-1,"CAVERNSOFTIME",0x1,,2,,,"",,,,,,,,,,,,,,0xFF01FC,
171,,,"Le Noir Marécage",,,,,,,,,,,,,,0xFF01FE,68,75,70,0,0,269,0,3,0x1,-1,"CAVERNSOFTIME",0x1,,2,,,"",,,,,,,,,,,,,,0xFF01FC,
172,,,"Le Méchanar",,,,,,,,,,,,,,0xFF01FE,67,75,70,0,0,554,0,3,0x1,-1,"TEMPESTKEEP",0x1,,2,,,"",,,,,,,,,,,,,,0xFF01FC,
173,,,"La Botanica",,,,,,,,,,,,,,0xFF01FE,67,75,70,0,0,553,0,3,0x1,-1,"TEMPESTKEEP",0x1,,2,,,"",,,,,,,,,,,,,,0xFF01FC,
174,,,"L’Arcatraz",,,,,,,,,,,,,,0xFF01FE,68,75,70,0,0,552,0,3,0x1,-1,"TEMPESTKEEP",0x1,,2,,,"",,,,,,,,,,,,,,0xFF01FC,
198,,,"Terrasse des Magistères",,,,,,,,,,,,,,0xFF01FE,68,75,70,0,0,585,0,3,0x1,-1,"MAGISTERSTERRACE",0x1,,2,,,"",,,,,,,,,,,,,,0xFF01FC,
202,,,"Donjon d'Utgarde",,,,,,,,,,,,,,0xFF01FE,68,80,72,69,72,574,0,3,0x1,-1,"UTGARDE",0x2,,4,,,"",,,,,,,,,,,,,,0xFF01FC,
203,,,"Cime d'Utgarde",,,,,,,,,,,,,,0xFF01FE,77,80,80,79,80,575,0,3,0x1,-1,"UTGARDEPINNACLE",0x2,,4,,,"",,,,,,,,,,,,,,0xFF01FC,
204,,,"Azjol-Nérub",,,,,,,,,,,,,,0xFF01FE,70,80,74,72,74,601,0,3,0x1,-1,"AZJOLNERUB",0x2,,4,,,"",,,,,,,,,,,,,,0xFF01FC,
206,,,"L'Oculus",,,,,,,,,,,,,,0xFF01FE,77,80,80,79,80,578,0,3,0x1,-1,"THEOCULUS",0x2,,4,,,"",,,,,,,,,,,,,,0xFF01FC,
207,,,"Les salles de Foudre",,,,,,,,,,,,,,0xFF01FE,77,80,80,79,80,602,0,3,0x1,-1,"HALLSOFLIGHTNING",0x2,,4,,,"",,,,,,,,,,,,,,0xFF01FC,
208,,,"Les salles de Pierre",,,,,,,,,,,,,,0xFF01FE,75,80,78,77,79,599,0,3,0x1,-1,"HALLSOFSTONE",0x2,,4,,,"",,,,,,,,,,,,,,0xFF01FC,
209,,,"L'épuration de Stratholme",,,,,,,,,,,,,,0xFF01FE,77,80,80,79,80,595,0,3,0x1,-1,"CAVERNSOFTIME",0x2,,4,,,"",,,,,,,,,,,,,,0xFF01FC,
214,,,"Donjon de Drak'Tharon",,,,,,,,,,,,,,0xFF01FE,72,80,75,74,76,600,0,3,0x1,-1,"DRAKTHARON",0x2,,4,,,"",,,,,,,,,,,,,,0xFF01FC,
216,,,"Gundrak",,,,,,,,,,,,,,0xFF01FE,74,80,78,76,78,604,0,3,0x1,-1,"GUNDRAK",0x2,,4,,,"",,,,,,,,,,,,,,0xFF01FC,
218,,,"Ahn'kahet : l'Ancien royaume",,,,,,,,,,,,,,0xFF01FE,71,80,75,73,75,619,0,3,0x1,-1,"AHNKALET",0x2,,4,,,"",,,,,,,,,,,,,,0xFF01FC,
220,,,"Fort pourpre",,,,,,,,,,,,,,0xFF01FE,73,80,76,75,77,608,0,3,0x1,-1,"THEVIOLETHOLD",0x2,,4,,,"",,,,,,,,,,,,,,0xFF01FC,
225,,,"Le Nexus",,,,,,,,,,,,,,0xFF01FE,69,80,73,71,73,576,0,3,0x1,-1,"THENEXUS",0x2,,4,,,"",,,,,,,,,,,,,,0xFF01FC,
245,,,"L'épreuve du champion",,,,,,,,,,,,,,0xFF01FE,80,80,80,79,80,650,0,3,0x1,-1,"ARGENTDUNGEON",0x2,,4,,,"",,,,,,,,,,,,,,0xFF01FC,
251,,,"La Forge des âmes",,,,,,,,,,,,,,0xFF01FE,80,80,80,79,80,632,0,3,0x1,-1,"THEFORGEOFSOULS",0x2,,4,,,"",,,,,,,,,,,,,,0xFF01FC,
253,,,"La fosse de Saron",,,,,,,,,,,,,,0xFF01FE,80,80,80,79,80,658,0,3,0x1,-1,"PITOFSARON",0x2,,4,,,"",,,,,,,,,,,,,,0xFF01FC,
255,,,"Les salles des Reflets",,,,,,,,,,,,,,0xFF01FE,80,80,80,79,80,668,0,3,0x1,-1,"HALLSOFREFLECTION",0x2,,4,,,"",,,,,,,,,,,,,,0xFF01FC,
272,,,"Maraudon - Cristaux violets",,,,,,,,,,,,,,0xFF01FE,39,49,43,41,44,349,0,3,0x1,-1,"MARAUDON",0x0,,1,,,"",,,,,,,,,,,,,,0xFF01FC,
273,,,"Maraudon - Les eaux pures",,,,,,,,,,,,,,0xFF01FE,43,53,47,45,48,349,0,3,0x1,-1,"MARAUDON",0x0,,1,,,"",,,,,,,,,,,,,,0xFF01FC,
274,,,"Stratholme - Entrée de service",,,,,,,,,,,,,,0xFF01FE,55,65,60,0,0,329,0,3,0x1,-1,"STRATHOLME",0x0,,1,,,"",,,,,,,,,,,,,,0xFF01FC,
276,,,"Profondeurs de Rochenoire - Ville haute",,,,,,,,,,,,,,0xFF01FE,51,61,55,53,56,230,0,3,0x1,-1,"BLACKROCKDEPTHS",0x0,,1,,,"",,,,,,,,,,,,,,0xFF01FC,
285,,,"Le Cavalier sans tête",,,,,,,,,,,,,,0xFF01FE,78,82,80,78,82,189,0,15,0x1,-1,"HALLOWEEN",0x0,,11,,,"Vaincre le Cavalier sans tête avant qu'il brûle jusqu'au dernier village en Azeroth.",,,,,,,,,,,,,,0xFF01FE,
286,,,"Le seigneur du Givre Ahune",,,,,,,,,,,,,,0xFF01FE,78,82,80,78,82,547,0,15,0x1,-1,"SUMMER",0x1,,11,,,"Vaincre Ahune, le seigneur du Givre, avant qu'il se manifeste entièrement en Azeroth et qu'il mette fin à l'été à tout jamais.",,,,,,,,,,,,,,0xFF01FE,
287,,,"Coren Navrebière",,,,,,,,,,,,,,0xFF01FE,78,82,80,78,82,230,0,15,0x1,-1,"BREW",0x0,,11,,,"Vaincre le jaloux Coren Navrebière pour mettre un terme à ses incessantes attaques pendant la fête des Brasseurs.",,,,,,,,,,,,,,0xFF01FE,
288,,,"Cie de Chimie La Royale",,,,,,,,,,,,,,0xFF01FE,78,82,80,78,82,33,0,15,0x1,-1,"LOVE",0x0,,11,,,"Vaincre les sournois apothicaires de La Royale avant qu'ils ne libèrent leur nouvelle et épouvantable peste.",,,,,,,,,,,,,,0xFF01FE,
42,,,"Zul'Gurub",,,,,,,,,,,,,,0xFF01FE,56,83,60,57,63,309,0,0,0x2,-1,"ZulGurub",0x0,,6,,,"",,,,,,,,,,,,,,0xFF01FC,
44,,,"Sommet du pic Rochenoire",,,,,,,,,,,,,,0xFF01FE,56,83,60,57,63,229,0,0,0x2,-1,"BlackrockSpire",0x0,,6,,,"",,,,,,,,,,,,,,0xFF01FC,
46,,,"Repaire d'Onyxia",,,,,,,,,,,,,,0xFF01FE,80,83,80,80,83,249,0,0,0x2,-1,"",0x2,,8,,,"",,,,,,,,,,,,,,0xFF01FC,
48,,,"Cœur du magma",,,,,,,,,,,,,,0xFF01FE,60,83,60,60,63,409,0,0,0x2,-1,"MoltenCore",0x0,,6,,,"",,,,,,,,,,,,,,0xFF01FC,
50,,,"Repaire de l'Aile noire",,,,,,,,,,,,,,0xFF01FE,60,83,60,60,63,469,0,0,0x2,-1,"BlackwingLair",0x0,,6,,,"",,,,,,,,,,,,,,0xFF01FC,
159,,,"Naxxramas",,,,,,,,,,,,,,0xFF01FE,80,83,80,80,83,533,0,0,0x2,-1,"NAXXRAMAS",0x2,,8,,,"",,,,,,,,,,,,,,0xFF01FC,
160,,,"Ruines d'Ahn'Qiraj",,,,,,,,,,,,,,0xFF01FE,60,83,60,60,63,509,0,0,0x2,-1,"AQRuins",0x0,,6,,,"",,,,,,,,,,,,,,0xFF01FC,
161,,,"Temple d'Ahn'Qiraj",,,,,,,,,,,,,,0xFF01FE,60,83,60,60,63,531,0,0,0x2,-1,"AQTemple",0x0,,6,,,"",,,,,,,,,,,,,,0xFF01FC,
175,,,"Karazhan",,,,,,,,,,,,,,0xFF01FE,70,83,70,70,73,532,0,0,0x2,-1,"Karazhan",0x1,,7,,,"",,,,,,,,,,,,,,0xFF01FC,
176,,,"Le repaire de Magtheridon",,,,,,,,,,,,,,0xFF01FE,70,83,70,70,73,544,0,0,0x2,-1,"HellfireCitadelRaid",0x1,,7,,,"",,,,,,,,,,,,,,0xFF01FC,
177,,,"Le repaire de Gruul",,,,,,,,,,,,,,0xFF01FE,70,83,70,70,73,565,0,0,0x2,-1,"GruulsLair",0x1,,7,,,"",,,,,,,,,,,,,,0xFF01FC,
193,,,"Donjon de la Tempête",,,,,,,,,,,,,,0xFF01FE,70,83,70,70,73,550,0,0,0x2,-1,"TempestKeep",0x1,,7,,,"",,,,,,,,,,,,,,0xFF01FC,
194,,,"Caverne du sanctuaire du Serpent",,,,,,,,,,,,,,0xFF01FE,70,83,70,70,73,548,0,0,0x2,-1,"SerpentshrineCavern",0x1,,7,,,"",,,,,,,,,,,,,,0xFF01FC,
195,,,"Passé d'Hyjal",,,,,,,,,,,,,,0xFF01FE,70,83,70,70,73,534,0,0,0x2,-1,"HyjalPast",0x1,,7,,,"",,,,,,,,,,,,,,0xFF01FC,
196,,,"Temple noir",,,,,,,,,,,,,,0xFF01FE,70,83,70,70,73,564,0,0,0x2,-1,"BlackTemple",0x1,,7,,,"",,,,,,,,,,,,,,0xFF01FC,
197,,,"Zul'Aman",,,,,,,,,,,,,,0xFF01FE,70,83,70,70,73,568,0,0,0x2,-1,"ZulAman",0x1,,7,,,"",,,,,,,,,,,,,,0xFF01FC,
199,,,"Le Puits de soleil",,,,,,,,,,,,,,0xFF01FE,70,83,70,70,73,580,0,0,0x2,-1,"Sunwell",0x1,,7,,,"",,,,,,,,,,,,,,0xFF01FC,
223,,,"L'Œil de l'éternité",,,,,,,,,,,,,,0xFF01FE,80,83,80,80,83,616,0,0,0x2,-1,"MALYGOS",0x2,,8,,,"",,,,,,,,,,,,,,0xFF01FC,
224,,,"Le sanctum Obsidien",,,,,,,,,,,,,,0xFF01FE,80,83,80,80,83,615,0,0,0x2,-1,"CHAMBEROFASPECTS",0x2,,8,,,"",,,,,,,,,,,,,,0xFF01FC,
227,,,"Naxxramas",,,,,,,,,,,,,,0xFF01FE,80,83,80,80,83,533,1,0,0x2,-1,"NAXXRAMAS",0x2,,9,,,"",,,,,,,,,,,,,,0xFF01FC,
237,,,"L'Œil de l'éternité",,,,,,,,,,,,,,0xFF01FE,80,83,80,80,83,616,1,0,0x2,-1,"MALYGOS",0x2,,9,,,"",,,,,,,,,,,,,,0xFF01FC,
238,,,"Le sanctum Obsidien",,,,,,,,,,,,,,0xFF01FE,80,83,80,80,83,615,1,0,0x2,-1,"CHAMBEROFASPECTS",0x2,,9,,,"",,,,,,,,,,,,,,0xFF01FC,
239,,,"Caveau d'Archavon",,,,,,,,,,,,,,0xFF01FE,80,83,80,80,83,624,0,0,0x2,-1,"VAULTOFARCHAVON",0x2,,8,,,"",,,,,,,,,,,,,,0xFF01FC,
240,,,"Caveau d'Archavon",,,,,,,,,,,,,,0xFF01FE,80,83,80,80,83,624,1,0,0x2,-1,"VAULTOFARCHAVON",0x2,,9,,,"",,,,,,,,,,,,,,0xFF01FC,
243,,,"Ulduar",,,,,,,,,,,,,,0xFF01FE,80,83,80,80,83,603,0,0,0x2,-1,"ULDUAR",0x2,,8,,,"",,,,,,,,,,,,,,0xFF01FC,
244,,,"Ulduar",,,,,,,,,,,,,,0xFF01FE,80,83,80,80,83,603,1,0,0x2,-1,"ULDUAR",0x2,,9,,,"",,,,,,,,,,,,,,0xFF01FC,
246,,,"L'épreuve du croisé",,,,,,,,,,,,,,0xFF01FE,80,83,80,80,83,649,0,0,0x2,-1,"ARGENTRAID",0x2,,8,,,"",,,,,,,,,,,,,,0xFF01FC,
247,,,"L'épreuve du grand croisé",,,,,,,,,,,,,,0xFF01FE,80,83,80,80,83,649,2,0,0x2,-1,"ARGENTRAID",0x2,,8,,,"",,,,,,,,,,,,,,0xFF01FC,
248,,,"L'épreuve du croisé",,,,,,,,,,,,,,0xFF01FE,80,83,80,80,83,649,1,0,0x2,-1,"ARGENTRAID",0x2,,9,,,"",,,,,,,,,,,,,,0xFF01FC,
250,,,"L'épreuve du grand croisé",,,,,,,,,,,,,,0xFF01FE,80,83,80,80,83,649,3,0,0x2,-1,"ARGENTRAID",0x2,,9,,,"",,,,,,,,,,,,,,0xFF01FC,
257,,,"Repaire d'Onyxia",,,,,,,,,,,,,,0xFF01FE,80,83,80,80,83,249,1,0,0x2,-1,"",0x2,,9,,,"",,,,,,,,,,,,,,0xFF01FC,
279,,,"Citadelle de la Couronne de glace",,,,,,,,,,,,,,0xFF01FE,80,83,80,80,83,631,0,0,0x2,-1,"ICECROWNCITADEL",0x2,,8,,,"",,,,,,,,,,,,,,0xFF01FC,
280,,,"Citadelle de la Couronne de glace",,,,,,,,,,,,,,0xFF01FE,80,83,80,80,83,631,1,0,0x2,-1,"ICECROWNCITADEL",0x2,,9,,,"",,,,,,,,,,,,,,0xFF01FC,
293,,,"Le sanctum Rubis",,,,,,,,,,,,,,0xFF01FE,80,83,80,80,83,724,0,0,0x2,-1,"RUBYSANCTUM",0x2,,8,,,"",,,,,,,,,,,,,,0xFF01FC,
294,,,"Le sanctum Rubis",,,,,,,,,,,,,,0xFF01FE,80,83,80,80,83,724,1,0,0x2,-1,"RUBYSANCTUM",0x2,,9,,,"",,,,,,,,,,,,,,0xFF01FC,
295,,,"Forêt Mystérieuse",,,,,,,,,,,,,,0xFF01FE,80,83,80,80,83,825,0,3,0x1,-1,"MYSTICFOREST",0x2,,1,,,"",,,,,,,,,,,,,,0xFF01FC,
296,,,"Temple de la Terre",,,,,,,,,,,,,,0xFF01FE,80,83,80,80,83,823,0,3,0x1,-1,"EARTHTEMPLE",0x2,,1,,,"",,,,,,,,,,,,,,0xFF01FC,
297,,,"Temple du Temps",,,,,,,,,,,,,,0xFF01FE,80,83,80,80,83,850,0,3,0x1,-1,"TIMETEMPLE",0x2,,1,,,"",,,,,,,,,,,,,,0xFF01FC,
58,,,"Forêt d'Elwynn",,,,,,,,,,,,,,0xFF01FE,1,14,0,0,0,-1,0,0,0x4,1,"",0x0,,0,,,"",,,,,,,,,,,,,,0xFF01FC,
60,,,"Marche de l'Ouest",,,,,,,,,,,,,,0xFF01FE,8,24,0,0,0,-1,0,0,0x4,1,"",0x0,,0,,,"",,,,,,,,,,,,,,0xFF01FC,
62,,,"Bois de la pénombre",,,,,,,,,,,,,,0xFF01FE,18,34,0,0,0,-1,0,0,0x4,-1,"",0x0,,0,,,"",,,,,,,,,,,,,,0xFF01FC,
64,,,"Dun Morogh",,,,,,,,,,,,,,0xFF01FE,1,14,0,0,0,-1,0,0,0x4,1,"",0x0,,0,,,"",,,,,,,,,,,,,,0xFF01FC,
66,,,"Loch Modan",,,,,,,,,,,,,,0xFF01FE,8,24,0,0,0,-1,0,0,0x4,1,"",0x0,,0,,,"",,,,,,,,,,,,,,0xFF01FC,
68,,,"Les Paluns",,,,,,,,,,,,,,0xFF01FE,18,34,0,0,0,-1,0,0,0x4,-1,"",0x0,,0,,,"",,,,,,,,,,,,,,0xFF01FC,
70,,,"Vallée de Strangleronce",,,,,,,,,,,,,,0xFF01FE,28,50,0,0,0,-1,0,0,0x4,-1,"",0x0,,0,,,"",,,,,,,,,,,,,,0xFF01FC,
72,,,"Terres foudroyées",,,,,,,,,,,,,,0xFF01FE,43,60,0,0,0,-1,0,0,0x4,-1,"",0x0,,0,,,"",,,,,,,,,,,,,,0xFF01FC,
74,,,"Marais des Chagrins",,,,,,,,,,,,,,0xFF01FE,33,50,0,0,0,-1,0,0,0x4,-1,"",0x0,,0,,,"",,,,,,,,,,,,,,0xFF01FC,
76,,,"Les Carmines",,,,,,,,,,,,,,0xFF01FE,13,30,0,0,0,-1,0,0,0x4,-1,"",0x0,,0,,,"",,,,,,,,,,,,,,0xFF01FC,
78,,,"Steppes ardentes",,,,,,,,,,,,,,0xFF01FE,48,60,0,0,0,-1,0,0,0x4,-1,"",0x0,,0,,,"",,,,,,,,,,,,,,0xFF01FC,
80,,,"Gorge des Vents brûlants",,,,,,,,,,,,,,0xFF01FE,43,60,0,0,0,-1,0,0,0x4,-1,"",0x0,,0,,,"",,,,,,,,,,,,,,0xFF01FC,
82,,,"Terres ingrates",,,,,,,,,,,,,,0xFF01FE,33,50,0,0,0,-1,0,0,0x4,-1,"",0x0,,0,,,"",,,,,,,,,,,,,,0xFF01FC,
84,,,"Hautes-terres d'Arathi",,,,,,,,,,,,,,0xFF01FE,28,44,0,0,0,-1,0,0,0x4,-1,"",0x0,,0,,,"",,,,,,,,,,,,,,0xFF01FC,
86,,,"Contreforts de Hautebrande",,,,,,,,,,,,,,0xFF01FE,18,34,0,0,0,-1,0,0,0x4,-1,"",0x0,,0,,,"",,,,,,,,,,,,,,0xFF01FC,
88,,,"Hinterlands",,,,,,,,,,,,,,0xFF01FE,38,54,0,0,0,-1,0,0,0x4,-1,"",0x0,,0,,,"",,,,,,,,,,,,,,0xFF01FC,
90,,,"Maleterres de l'ouest",,,,,,,,,,,,,,0xFF01FE,48,60,0,0,0,-1,0,0,0x4,-1,"",0x0,,0,,,"",,,,,,,,,,,,,,0xFF01FC,
92,,,"Maleterres de l'est",,,,,,,,,,,,,,0xFF01FE,53,63,0,0,0,-1,0,0,0x4,-1,"",0x0,,0,,,"",,,,,,,,,,,,,,0xFF01FC,
94,,,"Clairières de Tirisfal",,,,,,,,,,,,,,0xFF01FE,1,14,0,0,0,-1,0,0,0x4,0,"",0x0,,0,,,"",,,,,,,,,,,,,,0xFF01FC,
96,,,"Forêt des Pins argentés",,,,,,,,,,,,,,0xFF01FE,8,24,0,0,0,-1,0,0,0x4,0,"",0x0,,0,,,"",,,,,,,,,,,,,,0xFF01FC,
98,,,"Montagnes d'Alterac",,,,,,,,,,,,,,0xFF01FE,28,44,0,0,0,-1,0,0,0x4,-1,"",0x0,,0,,,"",,,,,,,,,,,,,,0xFF01FC,
100,,,"Durotar",,,,,,,,,,,,,,0xFF01FE,1,14,0,0,0,-1,0,0,0x4,0,"",0x0,,0,,,"",,,,,,,,,,,,,,0xFF01FC,
102,,,"Mulgore",,,,,,,,,,,,,,0xFF01FE,1,14,0,0,0,-1,0,0,0x4,0,"",0x0,,0,,,"",,,,,,,,,,,,,,0xFF01FC,
104,,,"Les Tarides",,,,,,,,,,,,,,0xFF01FE,8,30,0,0,0,-1,0,0,0x4,0,"",0x0,,0,,,"",,,,,,,,,,,,,,0xFF01FC,
106,,,"Les Serres-Rocheuses",,,,,,,,,,,,,,0xFF01FE,13,32,0,0,0,-1,0,0,0x4,-1,"",0x0,,0,,,"",,,,,,,,,,,,,,0xFF01FC,
108,,,"Mille Pointes",,,,,,,,,,,,,,0xFF01FE,23,40,0,0,0,-1,0,0,0x4,-1,"",0x0,,0,,,"",,,,,,,,,,,,,,0xFF01FC,
110,,,"Désolace",,,,,,,,,,,,,,0xFF01FE,28,44,0,0,0,-1,0,0,0x4,-1,"",0x0,,0,,,"",,,,,,,,,,,,,,0xFF01FC,
112,,,"Féralas",,,,,,,,,,,,,,0xFF01FE,38,54,0,0,0,-1,0,0,0x4,-1,"",0x0,,0,,,"",,,,,,,,,,,,,,0xFF01FC,
114,,,"Marécage d'Âprefange",,,,,,,,,,,,,,0xFF01FE,33,50,0,0,0,-1,0,0,0x4,-1,"",0x0,,0,,,"",,,,,,,,,,,,,,0xFF01FC,
116,,,"Tanaris",,,,,,,,,,,,,,0xFF01FE,38,54,0,0,0,-1,0,0,0x4,-1,"",0x0,,0,,,"",,,,,,,,,,,,,,0xFF01FC,
118,,,"Cratère d'Un'Goro",,,,,,,,,,,,,,0xFF01FE,45,60,0,0,0,-1,0,0,0x4,-1,"",0x0,,0,,,"",,,,,,,,,,,,,,0xFF01FC,
120,,,"Silithus",,,,,,,,,,,,,,0xFF01FE,53,60,0,0,0,-1,0,0,0x4,-1,"",0x0,,0,,,"",,,,,,,,,,,,,,0xFF01FC,
122,,,"Teldrassil",,,,,,,,,,,,,,0xFF01FE,1,14,0,0,0,-1,0,0,0x4,1,"",0x0,,0,,,"",,,,,,,,,,,,,,0xFF01FC,
124,,,"Sombrivage",,,,,,,,,,,,,,0xFF01FE,8,24,0,0,0,-1,0,0,0x4,1,"",0x0,,0,,,"",,,,,,,,,,,,,,0xFF01FC,
126,,,"Orneval",,,,,,,,,,,,,,0xFF01FE,18,34,0,0,0,-1,0,0,0x4,-1,"",0x0,,0,,,"",,,,,,,,,,,,,,0xFF01FC,
128,,,"Gangrebois",,,,,,,,,,,,,,0xFF01FE,46,60,0,0,0,-1,0,0,0x4,-1,"",0x0,,0,,,"",,,,,,,,,,,,,,0xFF01FC,
130,,,"Azshara",,,,,,,,,,,,,,0xFF01FE,43,60,0,0,0,-1,0,0,0x4,-1,"",0x0,,0,,,"",,,,,,,,,,,,,,0xFF01FC,
132,,,"Berceau-de-l'hiver",,,,,,,,,,,,,,0xFF01FE,53,63,0,0,0,-1,0,0,0x4,-1,"",0x0,,0,,,"",,,,,,,,,,,,,,0xFF01FC,
152,,,"Péninsule des Flammes infernales",,,,,,,,,,,,,,0xFF01FE,57,66,0,0,0,-1,0,0,0x4,-1,"Outland",0x1,,0,,,"",,,,,,,,,,,,,,0xFF01FC,
153,,,"Marécage de Zangar",,,,,,,,,,,,,,0xFF01FE,58,67,0,0,0,-1,0,0,0x4,-1,"Outland",0x1,,0,,,"",,,,,,,,,,,,,,0xFF01FC,
154,,,"Forêt de Terokkar",,,,,,,,,,,,,,0xFF01FE,60,68,0,0,0,-1,0,0,0x4,-1,"Outland",0x1,,0,,,"",,,,,,,,,,,,,,0xFF01FC,
155,,,"Nagrand",,,,,,,,,,,,,,0xFF01FE,62,70,0,0,0,-1,0,0,0x4,-1,"Outland",0x1,,0,,,"",,,,,,,,,,,,,,0xFF01FC,
156,,,"Vallée d'Ombrelune",,,,,,,,,,,,,,0xFF01FE,65,73,0,0,0,-1,0,0,0x4,-1,"Outland",0x1,,0,,,"",,,,,,,,,,,,,,0xFF01FC,
157,,,"Les Tranchantes",,,,,,,,,,,,,,0xFF01FE,63,71,0,0,0,-1,0,0,0x4,-1,"Outland",0x1,,0,,,"",,,,,,,,,,,,,,0xFF01FC,
158,,,"Raz-de-Néant",,,,,,,,,,,,,,0xFF01FE,65,73,0,0,0,-1,0,0,0x4,-1,"Outland",0x1,,0,,,"",,,,,,,,,,,,,,0xFF01FC,
166,,,"Bois des Chants éternels",,,,,,,,,,,,,,0xFF01FE,1,14,0,0,0,-1,0,0,0x4,0,"",0x1,,0,,,"",,,,,,,,,,,,,,0xFF01FC,
167,,,"Île de Brume-azur",,,,,,,,,,,,,,0xFF01FE,1,14,0,0,0,-1,0,0,0x4,1,"",0x1,,0,,,"",,,,,,,,,,,,,,0xFF01FC,
168,,,"Terres fantômes",,,,,,,,,,,,,,0xFF01FE,8,24,0,0,0,-1,0,0,0x4,0,"",0x1,,0,,,"",,,,,,,,,,,,,,0xFF01FC,
169,,,"Île de Brume-sang",,,,,,,,,,,,,,0xFF01FE,8,24,0,0,0,-1,0,0,0x4,1,"",0x1,,0,,,"",,,,,,,,,,,,,,0xFF01FC,
200,,,"Île de Quel'Danas",,,,,,,,,,,,,,0xFF01FE,69,72,0,0,0,530,0,0,0x4,-1,"",0x1,,0,,,"",,,,,,,,,,,,,,0xFF01FC,
228,,,"Toundra Boréenne",,,,,,,,,,,,,,0xFF01FE,68,72,0,0,0,571,0,0,0x4,-1,"",0x2,,0,,,"",,,,,,,,,,,,,,0xFF01FC,
229,,,"Fjord Hurlant",,,,,,,,,,,,,,0xFF01FE,68,72,0,0,0,571,0,0,0x4,-1,"",0x2,,0,,,"",,,,,,,,,,,,,,0xFF01FC,
230,,,"Les Grisonnes",,,,,,,,,,,,,,0xFF01FE,70,74,0,0,0,571,0,0,0x4,-1,"",0x2,,0,,,"",,,,,,,,,,,,,,0xFF01FC,
231,,,"Désolation des dragons",,,,,,,,,,,,,,0xFF01FE,71,75,0,0,0,571,0,0,0x4,-1,"",0x2,,0,,,"",,,,,,,,,,,,,,0xFF01FC,
232,,,"Joug-d'hiver",,,,,,,,,,,,,,0xFF01FE,77,80,0,0,0,571,0,0,0x4,-1,"",0x2,,0,,,"",,,,,,,,,,,,,,0xFF01FC,
233,,,"Zul'Drak",,,,,,,,,,,,,,0xFF01FE,73,77,0,0,0,571,0,0,0x4,-1,"",0x2,,0,,,"",,,,,,,,,,,,,,0xFF01FC,
234,,,"Bassin de Sholazar",,,,,,,,,,,,,,0xFF01FE,75,79,0,0,0,571,0,0,0x4,-1,"",0x2,,0,,,"",,,,,,,,,,,,,,0xFF01FC,
235,,,"Les pics Foudroyés",,,,,,,,,,,,,,0xFF01FE,77,80,0,0,0,571,0,0,0x4,-1,"",0x2,,0,,,"",,,,,,,,,,,,,,0xFF01FC,
236,,,"La Couronne de glace",,,,,,,,,,,,,,0xFF01FE,77,80,0,0,0,571,0,0,0x4,-1,"IcecrownCitadel",0x2,,0,,,"",,,,,,,,,,,,,,0xFF01FC,
178,,,"Cryptes Auchenaï",,,,,,,,,,,,,,0xFF01FE,70,75,70,70,73,558,1,3,0x5,-1,"AUCHINDOUN",0x1,,3,,,"",,,,,,,,,,,,,,0xFF01FC,
179,,,"Tombes-mana",,,,,,,,,,,,,,0xFF01FE,70,75,70,70,73,557,1,3,0x5,-1,"AUCHINDOUN",0x1,,3,,,"",,,,,,,,,,,,,,0xFF01FC,
180,,,"Salles des Sethekk",,,,,,,,,,,,,,0xFF01FE,70,75,70,70,73,556,1,3,0x5,-1,"AUCHINDOUN",0x1,,3,,,"",,,,,,,,,,,,,,0xFF01FC,
181,,,"Labyrinthe des ombres",,,,,,,,,,,,,,0xFF01FE,70,75,70,70,73,555,1,3,0x5,-1,"AUCHINDOUN",0x1,,3,,,"",,,,,,,,,,,,,,0xFF01FC,
182,,,"Le Noir Marécage",,,,,,,,,,,,,,0xFF01FE,70,75,70,70,73,269,1,3,0x5,-1,"CAVERNSOFTIME",0x1,,3,,,"",,,,,,,,,,,,,,0xFF01FC,
183,,,"L'évasion de Fort-de-Durn",,,,,,,,,,,,,,0xFF01FE,70,75,70,70,73,560,1,3,0x5,-1,"CAVERNSOFTIME",0x1,,3,,,"",,,,,,,,,,,,,,0xFF01FC,
184,,,"Enclos aux esclaves",,,,,,,,,,,,,,0xFF01FE,70,75,70,70,73,547,1,3,0x5,-1,"COILFANG",0x1,,3,,,"",,,,,,,,,,,,,,0xFF01FC,
185,,,"Caveau de la vapeur",,,,,,,,,,,,,,0xFF01FE,70,75,70,70,73,545,1,3,0x5,-1,"COILFANG",0x1,,3,,,"",,,,,,,,,,,,,,0xFF01FC,
186,,,"Basse-tourbière",,,,,,,,,,,,,,0xFF01FE,70,75,70,70,73,546,1,3,0x5,-1,"COILFANG",0x1,,3,,,"",,,,,,,,,,,,,,0xFF01FC,
187,,,"Fournaise du sang",,,,,,,,,,,,,,0xFF01FE,70,75,70,70,73,542,1,3,0x5,-1,"HELLFIRECITADEL",0x1,,3,,,"",,,,,,,,,,,,,,0xFF01FC,
188,,,"Remparts des Flammes infernales",,,,,,,,,,,,,,0xFF01FE,70,75,70,70,73,543,1,3,0x5,-1,"HELLFIRECITADEL",0x1,,3,,,"",,,,,,,,,,,,,,0xFF01FC,
189,,,"Les Salles brisées",,,,,,,,,,,,,,0xFF01FE,70,75,70,70,73,540,1,3,0x5,-1,"HELLFIRECITADEL",0x1,,3,,,"",,,,,,,,,,,,,,0xFF01FC,
190,,,"L’Arcatraz",,,,,,,,,,,,,,0xFF01FE,70,75,70,70,73,552,1,3,0x5,-1,"TEMPESTKEEP",0x1,,3,,,"",,,,,,,,,,,,,,0xFF01FC,
191,,,"La Botanica",,,,,,,,,,,,,,0xFF01FE,70,75,70,70,73,553,1,3,0x5,-1,"TEMPESTKEEP",0x1,,3,,,"",,,,,,,,,,,,,,0xFF01FC,
192,,,"Le Méchanar",,,,,,,,,,,,,,0xFF01FE,70,75,70,70,73,554,1,3,0x5,-1,"TEMPESTKEEP",0x1,,3,,,"",,,,,,,,,,,,,,0xFF01FC,
201,,,"Terrasse des Magistères",,,,,,,,,,,,,,0xFF01FE,70,75,70,70,73,585,1,3,0x5,-1,"MAGISTERSTERRACE",0x1,,3,,,"",,,,,,,,,,,,,,0xFF01FC,
205,,,"Cime d'Utgarde",,,,,,,,,,,,,,0xFF01FE,80,83,80,80,83,575,1,3,0x5,-1,"UTGARDEPINNACLE",0x2,,5,,,"",,,,,,,,,,,,,,0xFF01FC,
210,,,"L'épuration de Stratholme",,,,,,,,,,,,,,0xFF01FE,80,83,80,80,83,595,1,3,0x5,-1,"CAVERNSOFTIME",0x2,,5,,,"",,,,,,,,,,,,,,0xFF01FC,
211,,,"L'Oculus",,,,,,,,,,,,,,0xFF01FE,80,83,80,80,83,578,1,3,0x5,-1,"THEOCULUS",0x2,,5,,,"",,,,,,,,,,,,,,0xFF01FC,
212,,,"Salles de Foudre",,,,,,,,,,,,,,0xFF01FE,80,83,80,80,83,602,1,3,0x5,-1,"HALLSOFLIGHTNING",0x2,,5,,,"",,,,,,,,,,,,,,0xFF01FC,
213,,,"Salles de Pierre",,,,,,,,,,,,,,0xFF01FE,80,83,80,80,83,599,1,3,0x5,-1,"HALLSOFSTONE",0x2,,5,,,"",,,,,,,,,,,,,,0xFF01FC,
215,,,"Donjon de Drak'Tharon",,,,,,,,,,,,,,0xFF01FE,80,83,80,80,83,600,1,3,0x5,-1,"DRAKTHARON",0x2,,5,,,"",,,,,,,,,,,,,,0xFF01FC,
217,,,"Gundrak",,,,,,,,,,,,,,0xFF01FE,80,83,80,80,83,604,1,3,0x5,-1,"GUNDRAK",0x2,,5,,,"",,,,,,,,,,,,,,0xFF01FC,
219,,,"Ahn'kahet : l'Ancien royaume",,,,,,,,,,,,,,0xFF01FE,80,83,80,80,83,619,1,3,0x5,-1,"AHNKALET",0x2,,5,,,"",,,,,,,,,,,,,,0xFF01FC,
221,,,"Fort pourpre",,,,,,,,,,,,,,0xFF01FE,80,83,80,80,83,608,1,3,0x5,-1,"THEVIOLETHOLD",0x2,,5,,,"",,,,,,,,,,,,,,0xFF01FC,
226,,,"Le Nexus",,,,,,,,,,,,,,0xFF01FE,80,83,80,80,83,576,1,3,0x5,-1,"THENEXUS",0x2,,5,,,"",,,,,,,,,,,,,,0xFF01FC,
241,,,"Azjol-Nérub",,,,,,,,,,,,,,0xFF01FE,80,83,80,80,83,601,1,3,0x5,-1,"AZJOLNERUB",0x2,,5,,,"",,,,,,,,,,,,,,0xFF01FC,
242,,,"Donjon d'Utgarde",,,,,,,,,,,,,,0xFF01FE,80,83,80,80,83,574,1,3,0x5,-1,"UTGARDE",0x2,,5,,,"",,,,,,,,,,,,,,0xFF01FC,
249,,,"L'épreuve du champion",,,,,,,,,,,,,,0xFF01FE,80,83,80,80,83,650,1,3,0x5,-1,"ARGENTDUNGEON",0x2,,5,,,"",,,,,,,,,,,,,,0xFF01FC,
252,,,"La Forge des âmes",,,,,,,,,,,,,,0xFF01FE,80,83,80,80,83,632,1,3,0x5,-1,"THEFORGEOFSOULS",0x2,,5,,,"",,,,,,,,,,,,,,0xFF01FC,
254,,,"La fosse de Saron",,,,,,,,,,,,,,0xFF01FE,80,83,80,80,83,658,1,3,0x5,-1,"PITOFSARON",0x2,,5,,,"",,,,,,,,,,,,,,0xFF01FC,
256,,,"Les salles des Reflets",,,,,,,,,,,,,,0xFF01FE,80,83,80,80,83,668,1,3,0x5,-1,"HALLSOFREFLECTION",0x2,,5,,,"",,,,,,,,,,,,,,0xFF01FC,
258,,,"Donjon classique aléatoire",,,,,,,,,,,,,,0xFF01FE,15,58,55,15,58,0,0,3,0x6,-1,"",0x0,,1,,,"",,,,,,,,,,,,,,0xFF01FC,
259,,,"Donjon aléatoire de The Burning Crusade",,,,,,,,,,,,,,0xFF01FE,59,68,65,59,68,0,0,3,0x6,-1,"",0x1,,2,,,"",,,,,,,,,,,,,,0xFF01FC,
260,,,"Donjon aléatoire héroïque de The Burning Crusade",,,,,,,,,,,,,,0xFF01FE,70,73,70,70,73,0,1,3,0x6,-1,"",0x1,,3,,,"",,,,,,,,,,,,,,0xFF01FC,
261,,,"Donjon aléatoire de Wrath of the Lich King",,,,,,,,,,,,,,0xFF01FE,69,80,80,69,80,0,0,3,0x6,-1,"",0x2,,4,,,"",,,,,,,,,,,,,,0xFF01FC,
262,,,"Donjon aléatoire héroïque de Wrath of the Lich King",,,,,,,,,,,,,,0xFF01FE,80,83,80,80,83,0,1,3,0x6,-1,"",0x2,,5,,,"",,,,,,,,,,,,,,0xFF01FC,
