long,None,None,str,None,None,None,None,None,None,None,None,None,None,None,None,None,flags,None,None,str,None,None,None,None,None,None,None,None,None,None,None,None,None,flags,
83,,,"",,,,,,,,,,,,,,0xFF01FC,,,"Ceci est un test",,,,,,,,,,,,,,0xFF01FE,
84,,,"",,,,,,,,,,,,,,0xFF01FC,,,"Merci de m’avoir rendu visite, $N. Il est bon de savoir que nous ne sommes pas oubliés.",,,,,,,,,,,,,,0xFF01FE,
85,,,"",,,,,,,,,,,,,,0xFF01FC,,,"Merci de m’avoir rendu visite, $N. Il est bon de savoir que nous ne sommes pas oubliés.",,,,,,,,,,,,,,0xFF01FE,
86,,,"",,,,,,,,,,,,,,0xFF01FC,,,"Cette babiole ne vous apportera aucune réponse, mais elle vous amusera peut-être.",,,,,,,,,,,,,,0xFF01FE,
87,,,"",,,,,,,,,,,,,,0xFF01FC,,,"Bonjour, je suis Gubber Blump.

J'espère que vous allez bien et que vous continuez à pêcher. Dans la famille Blump, on adore pêcher. Voici une petite babiole qui vous permettra de pêcher plus efficacement. Bonne chance et merci encore de m'aider à attraper ces mérous.

Bonne pêche !

Gubber Blump",,,,,,,,,,,,,,0xFF01FE,
88,,,"",,,,,,,,,,,,,,0xFF01FC,,,"Merci de m’avoir rendu visite, $N. Il est bon de savoir que nous ne sommes pas oubliés.",,,,,,,,,,,,,,0xFF01FE,
89,,,"",,,,,,,,,,,,,,0xFF01FC,,,"Merci de m’avoir rendu visite, $N. Il est bon de savoir que nous ne sommes pas oubliés.",,,,,,,,,,,,,,0xFF01FE,
90,,,"",,,,,,,,,,,,,,0xFF01FC,,,"Merci de m’avoir rendu visite, $N. Il est bon de savoir que nous ne sommes pas oubliés.",,,,,,,,,,,,,,0xFF01FE,
91,,,"",,,,,,,,,,,,,,0xFF01FC,,,"Cette babiole ne vous apportera aucune réponse, mais elle vous amusera peut-être.",,,,,,,,,,,,,,0xFF01FE,
92,,,"",,,,,,,,,,,,,,0xFF01FC,,,"Merci de m’avoir rendu visite, $N. Il est bon de savoir que nous ne sommes pas oubliés.",,,,,,,,,,,,,,0xFF01FE,
93,,,"",,,,,,,,,,,,,,0xFF01FC,,,"$gEstimé:Estimée; $N,$B$BJ'ai parcouru la pile de textes que vous m'avez apportés, et j'ai décodé pour vous les articles joints. J'ai soigneusement sélectionné les textes qui, selon moi, vous seront utiles. J'ai éprouvé quelque difficulté à rejoindre une boîte aux lettres sans être repéré, mais les mois passés dans le désert m'ont donné de bonnes bases dans l'art de la discrétion !$B$BJ'espère que vous les apprécierez.$B$B-Ortell",,,,,,,,,,,,,,0xFF01FE,
94,,,"",,,,,,,,,,,,,,0xFF01FC,,,"Salut, $N !$B$BJe deviens assez doué, maintenant, pour m’introduire dans le fort Cénarien et utiliser leur boîte aux lettres. J’ai inclus dans cette missive de nouveaux articles intéressants. J’espère qu’ils vous seront utiles !$B$B-Ortell",,,,,,,,,,,,,,0xFF01FE,
95,,,"",,,,,,,,,,,,,,0xFF01FC,,,"Merci de m’avoir rendu visite, $N. Il est bon de savoir que nous ne sommes pas oubliés.",,,,,,,,,,,,,,0xFF01FE,
96,,,"",,,,,,,,,,,,,,0xFF01FC,,,"Merci de m’avoir rendu visite, $N. Il est bon de savoir que nous ne sommes pas oubliés.",,,,,,,,,,,,,,0xFF01FE,
97,,,"",,,,,,,,,,,,,,0xFF01FC,,,"Merci de m’avoir rendu visite, $N. Il est bon de savoir que nous ne sommes pas oubliés.",,,,,,,,,,,,,,0xFF01FE,
98,,,"",,,,,,,,,,,,,,0xFF01FC,,,"Il m'a fallu beaucoup de temps pour traduire les écrits du grand chef. Ce que j'ai découvert est consternant. Le grand chef Tombe-hiver était en pleine crise de paranoïa durant ses derniers jours ; de plus, il était sous l'emprise d'une substance appelée « eau-de-feu ». Il croyait que toutes les créatures étaient ses ennemies. Mais vous allez pouvoir le lire par vous-même : j'ai joint à cette lettre une traduction de ses écrits. Si vous vous trouvez dans le besoin, revenez donc me voir.",,,,,,,,,,,,,,0xFF01FE,
99,,,"",,,,,,,,,,,,,,0xFF01FC,,,"Merci d'avoir renouvelé votre adhésion à la Guilde des Ingénieurs Gnomes Associés ! Nous sommes ravis de vous compter parmi nos membres actifs. Veuillez accepter ce cadeau en gage de notre gratitude pour les contributions merveilleuses que vous continuez d'apporter au monde de l'ingénierie gnome.",,,,,,,,,,,,,,0xFF01FE,
100,,,"",,,,,,,,,,,,,,0xFF01FC,,,"Merci d'avoir renouvelé votre adhésion à la Guilde des Ingénieurs Gnomes Associés ! Nous sommes ravis de vous compter parmi nos membres actifs. Veuillez accepter ce cadeau en gage de notre gratitude pour les contributions merveilleuses que vous continuez d'apporter au monde de l'ingénierie gnome.",,,,,,,,,,,,,,0xFF01FE,
101,,,"",,,,,,,,,,,,,,0xFF01FC,,,"Mon $gami:amie;, mon bras est las des combats que nous continuons de mener dans les Maleterres, mais il est toujours assez fort pour écrire à $gun héros tel:une héroïne telle; que vous. Je suis heureux de savoir que l’aide que vous nous avez apporté continue de nous servir, et nous essayons tous les jours d’en profiter.

Si vous passez dans les Maleterres de l’ouest, arrêtez-vous à la Barricade. Votre main expérimentée nous sera fort utile dans nos opérations !

Grand exécuteur Derrington",,,,,,,,,,,,,,0xFF01FE,
102,,,"",,,,,,,,,,,,,,0xFF01FC,,,"Ho ho, bien le bonjour, $N ! J'espère que vous passez une excellente fête du Voile d'hiver. La sympathie que vous m'avez inspirée en m'aidant à combler mon petit creux était telle que je n'ai pu résister à l'envie d'ajouter un petit extra à la récompense. Il s'agit d'un échantillon de délicieuses Gourmandises Fumebois. Si vous ne vous en êtes pas déjà procuré, assurez-vous de le faire avant que la saison ne s'achève !$B$BJoyeuses fêtes...$BGrand-père Hiver",,,,,,,,,,,,,,0xFF01FE,
103,,,"",,,,,,,,,,,,,,0xFF01FC,,,"Merci d'avoir renouvelé votre adhésion aux Gobelins Experts en Explosions Kalibrés. Nous sommes ravis de vous compter parmi nos membres actifs. Veuillez accepter ce cadeau en gage de notre gratitude pour les contributions merveilleuses que vous continuez à apporter au monde de l'ingénierie gobeline.",,,,,,,,,,,,,,0xFF01FE,
104,,,"",,,,,,,,,,,,,,0xFF01FC,,,"Merci d'avoir renouvelé votre adhésion aux Gobelins Experts en Explosions Kalibrés. Nous sommes ravis de vous compter parmi nos membres actifs. Veuillez accepter ce cadeau en gage de notre gratitude pour les contributions merveilleuses que vous continuez à apporter au monde de l'ingénierie gobeline.",,,,,,,,,,,,,,0xFF01FE,
105,,,"<INUTILISÉ>",,,,,,,,,,,,,,0xFF01FE,,,"Ce courrier vous a été envoyé car vous vous êtes $ginscrit:inscrite; pour le viagra ! Plus de texte.",,,,,,,,,,,,,,0xFF01FE,
106,,,"",,,,,,,,,,,,,,0xFF01FC,,,"Ces lapins sont revenus ! NON ! Oh, ne vous donnez pas la peine de revenir...",,,,,,,,,,,,,,0xFF01FE,
107,,,"",,,,,,,,,,,,,,0xFF01FC,,,"Je vous salue, mon ami – mon bras est las des combats que nous continuons de mener dans les ruines de Lordaeron, mais il est toujours assez fort pour écrire à un héros tel que vous. Je suis heureux de savoir que l’aide que vous nous avez apportée continue de nous servir, et nous essayons tous les jours d’en profiter.

Si vous passez dans les Maleterres de l’ouest, arrêtez-vous à notre camp. Votre bras expérimenté nous sera fort utile dans nos opérations !
Commandant Ashlam Vaillepoing",,,,,,,,,,,,,,0xFF01FE,
108,,,"",,,,,,,,,,,,,,0xFF01FC,,,"Ho ho et encore bonjour, $N !$B$BJ’ai été très occupé cette saison, comme tous les braves gens de Fumebois, mais je voulais vous envoyer quelque chose de spécial. Vous serez content de savoir que nous avons dégelé Sacks dans les montagnes d’Alterac. Il vous envoie ses meilleurs vœux.$B$BEn libérant Sacks, nous avons réussi à développer un objet qui, je pense, vous amusera. Il vous faudra une boule de neige pour l’alimenter, mais je pense que vous allez apprécier !$B$BGrand-père Hiver",,,,,,,,,,,,,,0xFF01FE,
109,,,"",,,,,,,,,,,,,,0xFF01FC,,,"Je vous salue, $gmon ami:mon amie; !$B$BJ’ai décidé de prendre un moment pour vous remercier d’avoir participé à notre combat contre Hakkar. J’attends avec impatience de vous revoir lorsque nous nous sentirons assez forts pour vaincre le Dieu sanglant. Nous regrettons amèrement votre absence !$B$BEn gage de gratitude, je joins une Marque d’honneur à cette lettre. Ensemble, nous détruirons Hakkar une bonne fois pour toutes !$B$BQue Zanza vous bénisse toujours !$BVinchaxa, serviteur de Zanza.",,,,,,,,,,,,,,0xFF01FE,
110,,,"",,,,,,,,,,,,,,0xFF01FC,,,"$gEstimé:Estimée; $N.$B$BLes informations que vous avez portées à mon attention s’avèrent extrêmement précieuses. J'ai déjà demandé la modification de nos plans de bataille en fonction de la place nouvelle que nous accordons à la présence du Marteau du crépuscule.$B$BVeuillez accepter ce modeste objet en gage de notre gratitude. Nous espérons pouvoir vous compter parmi nos vaillants alliés dans notre combat à Silithus.$B$BSincèrement,$B$BCommandant Mar'alith",,,,,,,,,,,,,,0xFF01FE,
111,,,"",,,,,,,,,,,,,,0xFF01FC,,,"Je vous salue, mon $gami:amie;. J’espère que votre combat pour la Horde s’avère glorieux. J’attends avec impatience le moment où il se dira partout que vous avez laissé un héritage aussi riche et aussi précieux que celui de Grom Hurlenfer.$B$BJe n’ai pas oublié votre acte de générosité à mon égard… et aussi à l’égard de la mémoire de Grom, pendant la Fête des moissons. Je vous envoie un petit quelque chose qui, je l’espère, vous plaira. Utilisez-le à bon escient.$B$BPour la Horde !$BJavnir",,,,,,,,,,,,,,0xFF01FE,
112,,,"",,,,,,,,,,,,,,0xFF01FC,,,"Salutations, jeune druide !

La fierté m'envahit quand je vois tous les efforts que vous avez consentis durant votre entraînement. Vous devriez vous réjouir d'être de ceux qui ne font plus qu'un avec la Griffe. D'autres leçons suivront. La prochaine sera disponible quand vous aurez atteint le niveau 14. Quand vous serez $gprêt:prête;, venez me trouver dans l'Enclave cénarienne de Darnassus.

Mathrengyl Pasdelours",,,,,,,,,,,,,,0xFF01FE,
113,,,"",,,,,,,,,,,,,,0xFF01FC,,,"Je vous salue, mon $gami:amie;. J’espère que votre combat pour l’Alliance se déroule selon vos souhaits. Je pressens qu’un jour il se dira que vous avez laissé un héritage aussi précieux que celui d’Uther le Porteur de Lumière.$B$BJe n’ai pas oublié votre acte de générosité à mon égard et à celui de la mémoire d’Uther pendant la fête des moissons. Je vous envoie un petit quelque chose qui, j’espère, vous plaira. Utilisez-le à bon escient.$B$BPar le Marteau de Barbe-de-Bronze,$BWagner",,,,,,,,,,,,,,0xFF01FE,
114,,,"",,,,,,,,,,,,,,0xFF01FC,,,"Salutations, jeune druide !

Je vous ai fait parvenir cette note pour vous rappeler de me contacter de temps en temps, au fil de votre progression. Un druide au service de Cénarius a beaucoup à apprendre, et j'aurai plaisir à vous aider tout au long de votre chemin. Bientôt, vous serez en mesure d'apprendre comment adopter votre forme aquatique. Venez me voir lorsque vous aurez atteint le niveau 16, et je commencerai à vous guider sur la voie du savoir.

Turak Totem-runique",,,,,,,,,,,,,,0xFF01FE,
115,,,"",,,,,,,,,,,,,,0xFF01FC,,,"Salutations, jeune druide !

Je vous envoie cette note pour vous rappeler de passer me voir de temps en temps, au fur et à mesure de votre progression. Un druide au service de Cénarius peut apprendre bien des choses. Je serais heureux de vous y aider. Vous serez bientôt prêt à découvrir votre forme aquatique. Venez me trouver lorsque vous atteindrez le 16e niveau et je vous ferai faire vos premiers pas sur la route de la connaissance. 

Mathrengyl Pasdelours",,,,,,,,,,,,,,0xFF01FE,
116,,,"",,,,,,,,,,,,,,0xFF01FC,,,"Salutations, jeune druide !

La fierté m'envahit quand je vois tous les efforts que vous avez consentis durant votre entraînement. Vous devriez vous réjouir d'être de ceux qui ne font plus qu'un avec la Griffe. D'autres leçons suivront. La prochaine sera disponible quand vous aurez atteint le niveau 14. Quand vous serez $gprêt:prête;, venez me trouver sur la Cime des Anciens des Pitons du Tonnerre.

Turak Totem-runique",,,,,,,,,,,,,,0xFF01FE,
117,,,"",,,,,,,,,,,,,,0xFF01FC,,,"Ho ho et encore bonjour, $N !$B$B J’ai été très occupé cette saison, comme tous les braves gens de Fumebois, mais je voulais vous envoyer quelque chose de spécial. Vous serez content de savoir que nous avons dégelé Sacks dans les montagnes d’Alterac. Il vous envoie ses meilleurs vœux. $B$BEn libérant Sacks, nous avons réussi à développer un objet qui, je pense, vous amusera. Il vous faudra une boule de neige pour l’alimenter, mais je pense que vous allez apprécier !$B$BGrand-père Hiver",,,,,,,,,,,,,,0xFF01FE,
118,,,"",,,,,,,,,,,,,,0xFF01FC,,,"Ho ho, bien le bonjour, $N !J'espère que vous passez une excellente fête du Voile d'hiver. La sympathie que vous m'avez inspirée en m'aidant à combler mon petit creux était telle, que je n'ai pu résister à l'envie d'ajouter un petit extra à la récompense. Il s'agit d'un échantillon de délicieuses Gourmandises Fumebois. Si vous ne vous en êtes pas déjà procuré, assurez-vous de le faire avant que la saison ne s'achève !$B$BJoyeuses fêtes...$BGrand-père Hiver",,,,,,,,,,,,,,0xFF01FE,
119,,,"",,,,,,,,,,,,,,0xFF01FC,,,"Bien le bonjour – je vous envoie ce petit mot pour vous dire que tout va bien au bastion de Pennelune. J’ai réussi à fabriquer plusieurs nouveaux objets en cuir, en grande partie grâce à l’aide que vous m’avez apportée !$B$BIl me restait un peu de cuir, alors je me suis dit que j’allais vous envoyer un petit cadeau pour vous remercier de votre contribution. Si vous repassez par Pennelune, n’hésitez pas à venir nous voir !$B$BVotre ami,$BPratt",,,,,,,,,,,,,,0xFF01FE,
120,,,"",,,,,,,,,,,,,,0xFF01FC,,,"Bien le bonjour – je vous envoie ce petit mot pour vous dire que tout va bien au Camp Mojache. J’ai réussi à fabriquer plusieurs nouveaux objets en cuir, en grande partie grâce à l’aide que vous m’avez apportée !$B$BIl me restait un peu de cuir, alors je me suis dit que j’allais vous envoyer un petit cadeau pour vous remercier de votre contribution. Si vous repassez par le camp, n’hésitez pas à venir me voir !$B$BQue la paix soit sur vous et sur vos ancêtres,$BJangdor",,,,,,,,,,,,,,0xFF01FE,
121,,,"",,,,,,,,,,,,,,0xFF01FC,,,"Cette babiole ne vous apportera aucune réponse, mais elle vous amusera peut-être.",,,,,,,,,,,,,,0xFF01FE,
122,,,"",,,,,,,,,,,,,,0xFF01FC,,,"$N -$B$BJe voulais vous remercier une nouvelle fois d’avoir secouru Metzen de ses kidnappeurs. Croyez-moi, vous vous êtes fait un ami pour la vie aux Gourmandises Fumebois.$B$BÀ ce propos… Notre maître cuisinier, le grand Graccu, est en train de préparer une nouvelle recette. Je pense que vous apprécierez un petit échantillon de son petit plat ! Joyeux Voile d’hiver !$B$BQue votre caisse enregistreuse soit toujours pleine.$BKarfour Tintinnabourse",,,,,,,,,,,,,,0xFF01FE,
123,,,"",,,,,,,,,,,,,,0xFF01FC,,,"Champion,$B$BLe Vol bleu pense que votre destin vous mènera plus loin que ce que je suis en mesure de prédire.$B$BEt en dépit de ce que pensent certains, notre monde a besoin de héros. À l’heure la plus sombre, quand vous affronterez la Plaie de Kalimdor, souvenez-vous des voyages épiques, des épreuves et des tribulations que vous avez endurées pour un vieux gnome, et que ces souvenirs vous réconfortent.$B$BVotre serviteur,$B$BNarain Divinambolesque$B$BP.S. Désolé pour le coût des réparations.",,,,,,,,,,,,,,0xFF01FE,
124,,,"",,,,,,,,,,,,,,0xFF01FC,,,"Merci de m’avoir rendu visite, $N. Il est bon de savoir que nous ne sommes pas oubliés.",,,,,,,,,,,,,,0xFF01FE,
125,,,"",,,,,,,,,,,,,,0xFF01FC,,,"Merci de m’avoir rendu visite, $N. Il est bon de savoir que nous ne sommes pas oubliés.",,,,,,,,,,,,,,0xFF01FE,
126,,,"",,,,,,,,,,,,,,0xFF01FC,,,"Merci de m’avoir rendu visite, $N. Il est bon de savoir que nous ne sommes pas oubliés.",,,,,,,,,,,,,,0xFF01FE,
127,,,"",,,,,,,,,,,,,,0xFF01FC,,,"Merci de m’avoir rendu visite, $N. Il est bon de savoir que nous ne sommes pas oubliés.",,,,,,,,,,,,,,0xFF01FE,
128,,,"",,,,,,,,,,,,,,0xFF01FC,,,"Merci de m’avoir rendu visite, $N. Il est bon de savoir que nous ne sommes pas oubliés.",,,,,,,,,,,,,,0xFF01FE,
129,,,"",,,,,,,,,,,,,,0xFF01FC,,,"Merci de m’avoir rendu visite, $N. Il est bon de savoir que nous ne sommes pas oubliés.",,,,,,,,,,,,,,0xFF01FE,
130,,,"",,,,,,,,,,,,,,0xFF01FC,,,"Merci de m’avoir rendu visite, $N. Il est bon de savoir que nous ne sommes pas oubliés.",,,,,,,,,,,,,,0xFF01FE,
131,,,"",,,,,,,,,,,,,,0xFF01FC,,,"Votre visite d’aujourd’hui m’a fait plaisir. Voici un cadeau pour votre Fête lunaire.",,,,,,,,,,,,,,0xFF01FE,
132,,,"",,,,,,,,,,,,,,0xFF01FC,,,"Cette babiole ne vous apportera aucune réponse, mais elle vous amusera peut-être.",,,,,,,,,,,,,,0xFF01FE,
133,,,"",,,,,,,,,,,,,,0xFF01FC,,,"Votre visite d’aujourd’hui m’a fait plaisir. Voici un cadeau pour votre Fête lunaire.",,,,,,,,,,,,,,0xFF01FE,
134,,,"",,,,,,,,,,,,,,0xFF01FC,,,"Votre visite d’aujourd’hui m’a fait plaisir. Voici un cadeau pour votre Fête lunaire.",,,,,,,,,,,,,,0xFF01FE,
135,,,"",,,,,,,,,,,,,,0xFF01FC,,,"Votre visite d’aujourd’hui m’a fait plaisir. Voici un cadeau pour votre Fête lunaire.",,,,,,,,,,,,,,0xFF01FE,
136,,,"",,,,,,,,,,,,,,0xFF01FC,,,"Votre visite d’aujourd’hui m’a fait plaisir. Voici un cadeau pour votre Fête lunaire.",,,,,,,,,,,,,,0xFF01FE,
137,,,"",,,,,,,,,,,,,,0xFF01FC,,,"Cette babiole ne vous apportera aucune réponse, mais elle vous amusera peut-être.",,,,,,,,,,,,,,0xFF01FE,
138,,,"",,,,,,,,,,,,,,0xFF01FC,,,"Cette babiole ne vous apportera aucune réponse, mais elle vous amusera peut-être.",,,,,,,,,,,,,,0xFF01FE,
139,,,"",,,,,,,,,,,,,,0xFF01FC,,,"Cette babiole ne vous apportera aucune réponse, mais elle vous amusera peut-être.",,,,,,,,,,,,,,0xFF01FE,
140,,,"",,,,,,,,,,,,,,0xFF01FC,,,"Cette babiole ne vous apportera aucune réponse, mais elle vous amusera peut-être.",,,,,,,,,,,,,,0xFF01FE,
141,,,"",,,,,,,,,,,,,,0xFF01FC,,,"Cette babiole ne vous apportera aucune réponse, mais elle vous amusera peut-être.",,,,,,,,,,,,,,0xFF01FE,
142,,,"",,,,,,,,,,,,,,0xFF01FC,,,"Cette babiole ne vous apportera aucune réponse, mais elle vous amusera peut-être.",,,,,,,,,,,,,,0xFF01FE,
143,,,"",,,,,,,,,,,,,,0xFF01FC,,,"Votre visite d’aujourd’hui m’a fait plaisir. Voici un cadeau pour votre Fête lunaire.",,,,,,,,,,,,,,0xFF01FE,
144,,,"",,,,,,,,,,,,,,0xFF01FC,,,"Votre visite d’aujourd’hui m’a fait plaisir. Voici un cadeau pour votre Fête lunaire.",,,,,,,,,,,,,,0xFF01FE,
145,,,"",,,,,,,,,,,,,,0xFF01FC,,,"Votre visite d’aujourd’hui m’a fait plaisir. Voici un cadeau pour votre Fête lunaire.",,,,,,,,,,,,,,0xFF01FE,
146,,,"",,,,,,,,,,,,,,0xFF01FC,,,"Votre visite d’aujourd’hui m’a fait plaisir. Voici un cadeau pour votre Fête lunaire.",,,,,,,,,,,,,,0xFF01FE,
147,,,"",,,,,,,,,,,,,,0xFF01FC,,,"Votre visite d’aujourd’hui m’a fait plaisir. Voici un cadeau pour votre Fête lunaire.",,,,,,,,,,,,,,0xFF01FE,
148,,,"",,,,,,,,,,,,,,0xFF01FC,,,"Votre visite d’aujourd’hui m’a fait plaisir. Voici un cadeau pour votre Fête lunaire.",,,,,,,,,,,,,,0xFF01FE,
149,,,"",,,,,,,,,,,,,,0xFF01FC,,,"Votre visite d’aujourd’hui m’a fait plaisir. Voici un cadeau pour votre Fête lunaire.",,,,,,,,,,,,,,0xFF01FE,
150,,,"",,,,,,,,,,,,,,0xFF01FC,,,"Votre visite d’aujourd’hui m’a fait plaisir. Voici un cadeau pour votre Fête lunaire.",,,,,,,,,,,,,,0xFF01FE,
151,,,"",,,,,,,,,,,,,,0xFF01FC,,,"Votre visite d’aujourd’hui m’a fait plaisir. Voici un cadeau pour votre Fête lunaire.",,,,,,,,,,,,,,0xFF01FE,
152,,,"",,,,,,,,,,,,,,0xFF01FC,,,"Votre visite d’aujourd’hui m’a fait plaisir. Voici un cadeau pour votre Fête lunaire.",,,,,,,,,,,,,,0xFF01FE,
153,,,"",,,,,,,,,,,,,,0xFF01FC,,,"Cette babiole ne vous apportera aucune réponse, mais elle vous amusera peut-être.",,,,,,,,,,,,,,0xFF01FE,
154,,,"",,,,,,,,,,,,,,0xFF01FC,,,"Cette babiole ne vous apportera aucune réponse, mais elle vous amusera peut-être.",,,,,,,,,,,,,,0xFF01FE,
155,,,"",,,,,,,,,,,,,,0xFF01FC,,,"Cette babiole ne vous apportera aucune réponse, mais elle vous amusera peut-être.",,,,,,,,,,,,,,0xFF01FE,
156,,,"",,,,,,,,,,,,,,0xFF01FC,,,"Cette babiole ne vous apportera aucune réponse, mais elle vous amusera peut-être.",,,,,,,,,,,,,,0xFF01FE,
157,,,"",,,,,,,,,,,,,,0xFF01FC,,,"Cette babiole ne vous apportera aucune réponse, mais elle vous amusera peut-être.",,,,,,,,,,,,,,0xFF01FE,
158,,,"",,,,,,,,,,,,,,0xFF01FC,,,"Votre visite d’aujourd’hui m’a fait plaisir. Voici un cadeau pour votre Fête lunaire.",,,,,,,,,,,,,,0xFF01FE,
159,,,"",,,,,,,,,,,,,,0xFF01FC,,,"Votre visite d’aujourd’hui m’a fait plaisir. Voici un cadeau pour votre Fête lunaire.",,,,,,,,,,,,,,0xFF01FE,
160,,,"",,,,,,,,,,,,,,0xFF01FC,,,"Cette babiole ne vous apportera aucune réponse, mais elle vous amusera peut-être.",,,,,,,,,,,,,,0xFF01FE,
161,,,"",,,,,,,,,,,,,,0xFF01FC,,,"$N -$B$BJe voulais vous remercier une nouvelle fois d’avoir secouru Metzen de ses kidnappeurs. Croyez-moi, vous vous êtes fait un ami pour la vie aux Gourmandises Fumebois.$B$BÀ ce propos… Notre maître cuisinier, le grand Graccu, est en train de préparer une nouvelle recette. Je pense que vous apprécierez un petit échantillon de son petit plat ! Joyeux Voile d’hiver !$B$BQue votre caisse enregistreuse soit toujours pleine.$BKarfour Tintinnabourse",,,,,,,,,,,,,,0xFF01FE,
162,,,"Nouveau courrier",,,,,,,,,,,,,,0xFF01FE,,,"Besoin de corriger ""tab ordergin""",,,,,,,,,,,,,,0xFF01FE,
165,,,"iiiiiiiiiiiiiiiiiiiiiiiiiiiiiiiiiiiiiiiiiiiiiiiiiiiiiiiiiiiiiii",,,,,,,,,,,,,,0xFF01FE,,,"Yoh !",,,,,,,,,,,,,,0xFF01FE,
166,,,"iiiiiiiiiiiiiiiiiiiiiiiiiiiiiiiiiiiiiiiiiiiiiiiiiiiiiiiiiiiiiii",,,,,,,,,,,,,,0xFF01FE,,,"ab",,,,,,,,,,,,,,0xFF01FE,
167,,,"<INUTILISÉ>",,,,,,,,,,,,,,0xFF01FE,,,"Ce courrier vous a été envoyé car vous vous êtes $ginscrit:inscrite; pour le viagra ! Plus de texte.",,,,,,,,,,,,,,0xFF01FE,
168,,,"",,,,,,,,,,,,,,0xFF01FE,,,"Merci de m’avoir rendu visite, $N. Il est bon de savoir que nous ne sommes pas oubliés.",,,,,,,,,,,,,,0xFF01FE,
169,,,"Essai mail de masse",,,,,,,,,,,,,,0xFF01FE,,,"Essai du système de diffusion d'urgence.",,,,,,,,,,,,,,0xFF01FE,
170,,,"asdjaksld dsf as  -",,,,,,,,,,,,,,0xFF01FE,,,"Salut. De quoi parlons nous ? Ça ne plante pas ?",,,,,,,,,,,,,,0xFF01FE,
171,,,"L'Aube d'argent a besoin de vous !",,,,,,,,,,,,,,0xFF01FE,,,"$N$B$BS’il vous plaît, ouvrez la lettre jointe et lisez-la dès que possible. L’Aube d’argent a besoin de votre aide !",,,,,,,,,,,,,,0xFF01FE,
172,,,"Rapport de recherche",,,,,,,,,,,,,,0xFF01FE,,,"$n,$B$BJ’ai reçu ce rapport concernant le document que vous avez pris au Fléau. Bien que ce ne soit pas urgent, vous y trouverez peut-être de l’intérêt.$B$BEncore merci pour vos services.$BLe gardien des registres$BL’Aube d’argent",,,,,,,,,,,,,,0xFF01FE,
173,,,"Rapport de recherche",,,,,,,,,,,,,,0xFF01FE,,,"$n,$B$BJ’ai reçu ce rapport concernant le document que vous avez pris au Fléau. Bien que ce ne soit pas urgent, vous y trouverez peut-être de l’intérêt.$B$BEncore merci pour vos services.$BLe gardien des registres$BL’Aube d’argent",,,,,,,,,,,,,,0xFF01FE,
174,,,"Rapport de recherche",,,,,,,,,,,,,,0xFF01FE,,,"$n,$B$BJ’ai reçu ce rapport concernant le document que vous avez pris au Fléau. Bien que ce ne soit pas urgent, vous y trouverez peut-être de l’intérêt.$B$BEncore merci pour vos services.$BLe gardien des registres$BL’Aube d’argent",,,,,,,,,,,,,,0xFF01FE,
175,,,"Rapport de recherche",,,,,,,,,,,,,,0xFF01FE,,,"$n,$B$BJ’ai reçu ce rapport concernant le document que vous avez pris au Fléau. Bien que ce ne soit pas urgent, vous y trouverez peut-être de l’intérêt.$B$BEncore merci pour vos services.$BLe gardien des registres$BL’Aube d’argent",,,,,,,,,,,,,,0xFF01FE,
176,,,"Rapport de recherche",,,,,,,,,,,,,,0xFF01FE,,,"$n,$B$BJ’ai reçu ce rapport concernant le document que vous avez pris au Fléau. Bien que ce ne soit pas urgent, vous y trouverez peut-être de l’intérêt.$B$BEncore merci pour vos services.$BLe gardien des registres$BL’Aube d’argent",,,,,,,,,,,,,,0xFF01FE,
177,,,"Rapport de recherche",,,,,,,,,,,,,,0xFF01FE,,,"$n,$B$BJ’ai reçu ce rapport concernant le document que vous avez pris au Fléau. Bien que ce ne soit pas urgent, vous y trouverez peut-être de l’intérêt.$B$BEncore merci pour vos services.$BLe gardien des registres$BL’Aube d’argent",,,,,,,,,,,,,,0xFF01FE,
178,,,"Un cadeau pour vous",,,,,,,,,,,,,,0xFF01FE,,,"Merci de jouer à World of Warcraft !",,,,,,,,,,,,,,0xFF01FE,
179,,,"Félicitations, $gcher gagnant:chère gagnante;",,,,,,,,,,,,,,0xFF01FE,,,"Voilà votre récompense, $gsacré veinard:sacrée veinarde; ! Ne flambez pas tout à l'hôtel des ventes...",,,,,,,,,,,,,,0xFF01FE,
180,,,"Lettre urgente ci-incluse !",,,,,,,,,,,,,,0xFF01FE,,,"À ouvrir immédiatement.",,,,,,,,,,,,,,0xFF01FE,
181,,,"Enchantement trouvé",,,,,,,,,,,,,,0xFF01FE,,,"Au cours de nos examens réguliers du néant, nous sommes tombés sur les composants ci-joints. Bonne journée et... tâchez d'être plus $gprudent:prudente; à l'avenir lorsque vous aurez affaire aux arcanes.",,,,,,,,,,,,,,0xFF01FE,
182,,,"Félicitations !",,,,,,,,,,,,,,0xFF01FE,,,"Vous avez gagné un drake du néant. En armure. Vous en avez, de la chance !",,,,,,,,,,,,,,0xFF01FE,
183,,,"Une lettre provenant de Shattrath",,,,,,,,,,,,,,0xFF01FE,,,"Vous avez reçu une lettre de Khadgar.",,,,,,,,,,,,,,0xFF01FE,
184,,,"Merci !",,,,,,,,,,,,,,0xFF01FE,,,"$N,$B$BMerci pour le temps passé ensemble pendant la Semaine des enfants. Vous savez que le long-voyant Nobundo a demandé à la directrice de m’autoriser à partir étudier avec lui à l’Exodar ?$B$BMerci de m’avoir fait visiter ces endroits épatants et revoir mon frère Jheel. Il me manque presque autant que vous. Le Cercle d’observance, la Porte des ténèbres et les Grottes du temps, c’était génial !$B$BJe sais que vous prenez soin de mon familier qui me manque aussi.$B$BJe vous embrasse,$B$BDornaa",,,,,,,,,,,,,,0xFF01FE,
185,,,"Merci !",,,,,,,,,,,,,,0xFF01FE,,,"$gCher:Chère; $N,$B$BMerci de m’avoir accompagnée pendant la Semaine des enfants. Dame Liadrin des chevaliers de sang a demandé que je lui sois confiée pour faire mes études à Lune-d’argent !$B$BJe voulais vous remercier de m’avoir permis de rendre visite à mon ami Hch’uu, et aussi au Portail des ténèbres, au Trône des éléments et aux Grottes du temps. J’aime beaucoup mon dragon !$B$BJe suis sûre que vous vous occupez bien de mon familier. Dites-lui qu’il me manque !$B$BBien à vous,$B$BSalandria",,,,,,,,,,,,,,0xFF01FE,
186,,,"Objet trouvé : Pièce porte-bonheur",,,,,,,,,,,,,,0xFF01FE,,,"Nous avons trouvé une pièce porte-bonheur perdue en fouillant le néant distordu, et nous avons constaté qu'elle vous appartenait. Amusez-vous bien !",,,,,,,,,,,,,,0xFF01FE,
187,,,"Joyeuse fête du Voile d'hiver !",,,,,,,,,,,,,,0xFF01FE,,,"Préparez du cidre épicé bien chaud et partagez-le avec vos amis pendant les fêtes !",,,,,,,,,,,,,,0xFF01FE,
188,,,"Joyeuse fête du Voile d'hiver !",,,,,,,,,,,,,,0xFF01FE,,,"Cousez de beaux vêtements d'hiver verts et partagez-les avec vos amis pour les fêtes !",,,,,,,,,,,,,,0xFF01FE,
189,,,"Drake du Néant perdu",,,,,,,,,,,,,,0xFF01FE,,,"J'ai récemment ramassé ce patit drake en fouillant le Néant. Il semblerait qu'il vous appartienne mais qu'il n'ait pas trouvé de place dans vos sacs lorsqu'il vous a été remis.$B$BProfitez bien de ce nouveau et pugnace familier ! Il est impatient de s'installer dans sa nouvelle demeure !",,,,,,,,,,,,,,0xFF01FE,
190,,,"Fermeture de banque de guilde",,,,,,,,,,,,,,0xFF01FE,,,"Veuillez trouver ci-joint les biens récupérés dans les coffres bancaires de votre guilde lors de sa fermeture.",,,,,,,,,,,,,,0xFF01FE,
191,,,"Joyeuse fête du Voile d'hiver !",,,,,,,,,,,,,,0xFF01FE,,,"Cousez de beaux vêtements d'hiver rouges et partagez-les avec vos amis pour les fêtes !",,,,,,,,,,,,,,0xFF01FE,
192,,,"Joyeuse fête du Voile d'hiver !",,,,,,,,,,,,,,0xFF01FE,,,"Confectionnez des bottes d'hiver bien douillettes et partagez-les avec vos amis pour les fêtes !",,,,,,,,,,,,,,0xFF01FE,
193,,,"Une lettre de l'archimage Malin",,,,,,,,,,,,,,0xFF01FE,,,"$GCher:Chère; $N$B$BLe courrier personnel du commandant Azuracier a veillé à ce que je reçoive la lettre de ma fille. Il m’a également dit que c’était vous qui l’aviez trouvée.$B$BJe tiens à vous remercier de me l’avoir fait parvenir. Je sais que les temps sont durs pour tous les braves qui combattent en Norfendre.$B$BJe vengerai Emmy. Le vol draconique bleu souffrira pour ce qu’il a fait à ma petite fille !$B$BAvec tout mon respect et ma gratitude,$B$BArchimage Malin",,,,,,,,,,,,,,0xFF01FE,
194,,,"Une lettre de Deino",,,,,,,,,,,,,,0xFF01FE,,,"$GCher:Chère; $N$B$BLe courrier personnel du suzerain Agmar a veillé à ce que je reçoive la lettre de mon frère. Il m’a également dit que c’était vous qui l’aviez trouvée.$B$BJe tiens à vous remercier de me l’avoir fait parvenir. Je sais que les temps sont durs pour tous les braves qui combattent en Norfendre.$B$BJe vengerai Ta’zinni. Le vol draconique bleu souffrira pour ce qu’il a fait à mon petit frère !$B$BAvec tout mon respect et ma gratitude,$B$BDeino",,,,,,,,,,,,,,0xFF01FE,
195,,,"Le tabard de compétition",,,,,,,,,,,,,,0xFF01FE,,,"Vous avez vaillamment combattu dans un champ de bataille, impressionnant les esprits de Compétition… bien joué ! En récompense, ils vous octroient cette marque de faveur : un tabard de compétition. Portez-le avec orgueil.",,,,,,,,,,,,,,0xFF01FE,
196,,,"Un médaillon en or",,,,,,,,,,,,,,0xFF01FE,,,"Les esprits de Compétition sont honorés par votre ferveur en face de l’ennemi. Félicitations ! Avec ce médaillon en or, ils seront fiers de se tenir à vos côtés.",,,,,,,,,,,,,,0xFF01FE,
197,,,"Nouvel an, nouvelle bière !",,,,,,,,,,,,,,0xFF01FE,,,"Salut $N !$B$B Nous espérons que cette nouvelle année commence bien. Dans le cas contraire, faites un saut chez nos vendeurs pour vous procurer notre dernière bière. Elle fera ressortir l’animal qui est en vous.$b$B Savourez nos échantillons, et bonne année !$B$B- Le club de la Bière du mois",,,,,,,,,,,,,,0xFF01FE,
198,,,"Monter, descendre, ça glisse pareil",,,,,,,,,,,,,,0xFF01FE,,,"$N,$B$B Parfois, il est difficile de garder sa bière. Cette nouvelle variété est délicieuse, mais arriverez-vous à la digérer ?$B$B N’oubliez pas, si ces échantillons vous ont plu, de rendre visite à nos vendeurs.$B$B À la vôtre !$B$B- Le club de la Bière du mois",,,,,,,,,,,,,,0xFF01FE,
199,,,"Douce bière",,,,,,,,,,,,,,0xFF01FE,,,"Salut, $N,$B$B Parfois, on a envie d’une bière parfumée, et quel arôme est plus doux que le miel ? Toutes les créatures, grandes et petites, aiment l’odeur du miel. Lorsque vous aurez essayé cette bière, vous ne manquerez pas d’être d’accord.$b$b N’oubliez pas, si vous aimez ces échantillons, vous pourrez en acheter davantage auprès de nos vendeurs.$B$B À la vôtre !$B$B- Le club de la Bière du mois",,,,,,,,,,,,,,0xFF01FE,
200,,,"À la demande générale",,,,,,,,,,,,,,0xFF01FE,,,"Salutations, $N,$B$B Il paraît que certains de nos membres veulent quelque chose d’un peu plus léger, avec plus de bulles. Nous avons essayé de leur dire que nous n’étions pas le « club du Champagne du mois ». Malheureusement, la demande s’est avérée trop forte. Espérons que la bière de ce mois-ci satisfera les amateurs de trucs légers avec plein de bulles.$B$B N’oubliez pas, si notre échantillon vous a plu, nos vendeurs en ont des réserves.$B$bÀ la vôtre !$B$B- Le club de la Bière du mois",,,,,,,,,,,,,,0xFF01FE,
201,,,"Célébrons le printemps !",,,,,,,,,,,,,,0xFF01FE,,,"Salut, $N,$B$B Le printemps est définitivement là, et ce mois-ci, vous pourrez même le goûter ! Essayez notre nouvelle bière, la brune de printemps. Elle est rafraîchissante, parfaite pour la saison.$B$B Savourez notre échantillon, et s’il vous plaît, rendez visite à nos vendeurs.$B$B- Le club de la Bière du mois",,,,,,,,,,,,,,0xFF01FE,
202,,,"Une bière brûlante",,,,,,,,,,,,,,0xFF01FE,,,"$N,$B$B Nous avons quelque chose de très très chaud pour vous ce mois-ci ! En provenance directe du mont Rochenoire… la brune rochenoire !$B$B Souvenez-vous, si cet échantillon vous a plu, vous pouvez en acheter davantage auprès de nos vendeurs.$B$BÀ la vôtre !$B$B- Le club de la Bière du mois",,,,,,,,,,,,,,0xFF01FE,
203,,,"La bière de tous les dangers",,,,,,,,,,,,,,0xFF01FE,,,"Salutations, $N,$B$B  Ce mois-ci, nous avons quelque chose d’exceptionnel pour vous. Les membres du club de la Bière du mois ont bravé les jungles de Strangleronce et sont revenus avec cette bière mystérieuse.$B$B N’oubliez pas, si cet échantillon vous a plu, vous pouvez en acheter auprès de nos vendeurs.$B$B  À la vôtre !$B$B- Le club de la Bière du mois",,,,,,,,,,,,,,0xFF01FE,
204,,,"Une bière inoubliable",,,,,,,,,,,,,,0xFF01FE,,,"Salutations chaleureuses, $N,$B$B Parfois, vous devez sortir des sentiers battus pour trouver la meilleure bière. Celle de ce mois-ci arrive de loin, mais nous sommes sûrs qu’elle mérite le détour.$B$B Si vous avez apprécié cet échantillon, vous pouvez en acheter davantage auprès de nos vendeurs.$B$B À la vôtre !$B$B- Le club de la Bière du mois",,,,,,,,,,,,,,0xFF01FE,
205,,,"Une bière à votre goût",,,,,,,,,,,,,,0xFF01FE,,,"Salut $N,$B$B La bière de ce mois-ci ne laissera personne indifférent : vous allez l’aimer ou l’adorer. À vous de voir.$B$B Si cet échantillon vous a plu, vous pouvez en acheter davantage auprès de nos vendeurs.$B$B À la vôtre !$b$B- Le club de la Bière du mois",,,,,,,,,,,,,,0xFF01FE,
206,,,"Au bonheur de l'automne",,,,,,,,,,,,,,0xFF01FE,,,"Salut, $N,$B$B Notre bière du mois est une célébration de l’automne. Nous pensons qu’elle est tout à fait en phase avec l’essence de la saison. Mais ne nous croyez pas sur parole, goûtez-y !$B$B Si cet échantillon vous a plu, vous pourrez en acheter davantage auprès de nos vendeurs.$B$B À la vôtre !$B$B- Le club de la Bière du mois",,,,,,,,,,,,,,0xFF01FE,
207,,,"Une bière à boire entre amis",,,,,,,,,,,,,,0xFF01FE,,,"Salutations, $N,$B$B Nous espérons que l’année s’est bien passée pour vous. Dans le cas contraire, faites une halte chez nos vendeurs pour vous procurer notre dernière création : la bière amère de Bartlett. Sa saveur n’a pas d’égal, mais elle n’est pas pour les estomacs fragiles !$B$B Savourez nos échantillons et faites-en profiter vos amis !$B$B- Le club de la Bière du mois",,,,,,,,,,,,,,0xFF01FE,
208,,,"Une histoire à glacer le sang",,,,,,,,,,,,,,0xFF01FE,,,"$N, $B$B L’été dernier, certains de nos membres ont été s’en prendre au puissant seigneur du Givre. Le croiriez-vous ? Ils ont découvert ses réserves de bière. Nous avons mis de côté une grande quantité de ce breuvage rare, et nous vous en envoyons des échantillons.$B$B Si leur côté rafraîchissant vous séduit, vous pouvez en acheter davantage auprès de nos vendeurs.$B$B À la vôtre !$B$B- Le club de la Bière du mois",,,,,,,,,,,,,,0xFF01FE,
209,,,"Bienvenue au club de la Bière du mois !",,,,,,,,,,,,,,0xFF01FE,,,"$n,$b$b   Bienvenue au club de la Bière du mois ! Ce club vous permettra de goûter certaines des meilleures cuvées de tous les royaumes.$b$b   Tous les mois, une nouvelle bière vous sera directement envoyée par courrier. Si vous l'appréciez et que vous en voulez plus, rendez-vous à la taverne de Brûlepierre à Forgefer, et parlez aux membres du club de la Bière du mois que vous y rencontrerez.$b$b   Et bienvenue au club, $n.$b$b$b- Le club de la Bière du mois.",,,,,,,,,,,,,,0xFF01FE,
210,,,"Bienvenue au club de la Bière du mois !",,,,,,,,,,,,,,0xFF01FE,,,"$n,$b$b   Bienvenue au club de la Bière du mois ! Ce club vous permettra de goûter certaines des meilleures cuvées de tous les royaumes.$b$b   Tous les mois, une nouvelle bière vous sera directement envoyée par courrier. Si vous l'appréciez et que vous en voulez plus, rendez-vous au pavillon de Buissombre dans la vallée des Esprits d'Orgrimmar, et parlez aux membres du club de la Bière du mois que vous y rencontrerez.$b$b   Et bienvenue au club, $n.$b$b$b- Le club de la Bière du mois.",,,,,,,,,,,,,,0xFF01FE,
211,,,"Félicitations !",,,,,,,,,,,,,,0xFF01FE,,,"Au nom de la Fédération de Rencontres d'Arène de Gentepression, nous vous félicitations pour les succès que vous avez remportés durant cette saison.$B$B En reconnaissance de votre talent et de votre sauvagerie, nous vous offrons par la présente ce drake du Néant vengeur. Puissiez-vous en faire bon usage.",,,,,,,,,,,,,,0xFF01FE,
212,,,"Une nouvelle bière pour le nouvel an !",,,,,,,,,,,,,,0xFF01FE,,,"Salutations, $N !$B$B Nous espérons que l’année commence bien pour vous. Dans le cas contraire, arrêtez-vous chez nos vendeurs et goûtez notre dernière création. Vous verrez comme elle fera ressortir votre côté animal !$B$BSavourez nos échantillons, et encore une fois, bonne et heureuse année !$B$B- Le club de la Bière du mois",,,,,,,,,,,,,,0xFF01FE,
213,,,"La bière, ça va, ça vient",,,,,,,,,,,,,,0xFF01FE,,,"$N,$B$B Parfois, il est difficile de garder sa bière. Cette nouvelle variété est délicieuse, mais arriverez-vous à la digérer ?$B$B N’oubliez pas, si ces échantillons vous ont plu, de rendre visite à nos vendeurs.$B$B À la vôtre !$B$B- Le club de la Bière du mois",,,,,,,,,,,,,,0xFF01FE,
214,,,"Une bière douce",,,,,,,,,,,,,,0xFF01FE,,,"Salut, $N,$B$B Parfois, on a envie d’une bière parfumée, et quel arôme est plus doux que le miel ? Toutes les créatures, grandes et petites, aiment l’odeur du miel. Lorsque vous aurez essayé cette bière, vous ne manquerez pas d’être d’accord.$b$b N’oubliez pas, si vous aimez ces échantillons, vous pourrez en acheter davantage auprès de nos vendeurs.$B$B À la vôtre !$B$B- Le club de la Bière du mois",,,,,,,,,,,,,,0xFF01FE,
215,,,"Parce que vous l'avez demandé",,,,,,,,,,,,,,0xFF01FE,,,"Salutations, $N,$B$B Il paraît que certains de nos membres veulent quelque chose d’un peu plus léger, avec plus de bulles. Nous avons essayé de leur dire que nous n’étions pas le « club du Champagne du mois ». Malheureusement, la demande s’est avérée trop forte. Espérons que la bière de ce mois-ci satisfera les amateurs de trucs légers avec plein de bulles.$B$B N’oubliez pas, si notre échantillon vous a plu, nos vendeurs en ont des réserves.$B$bÀ la vôtre !$B$B- Le club de la Bière du mois",,,,,,,,,,,,,,0xFF01FE,
216,,,"Il est temps de fêter le printemps !",,,,,,,,,,,,,,0xFF01FE,,,"Salut, $N,$B$B Le printemps est définitivement là, et ce mois-ci, vous pourrez même le goûter ! Essayez notre nouvelle bière, la brune de printemps. Elle est rafraîchissante, parfaite pour la saison.$B$B Savourez notre échantillon, et s’il vous plaît, rendez visite à nos vendeurs.$B$B- Le club de la Bière du mois",,,,,,,,,,,,,,0xFF01FE,
217,,,"Une bière bouillante",,,,,,,,,,,,,,0xFF01FE,,,"$N,$B$B Nous avons quelque chose de très très chaud pour vous ce mois-ci ! En provenance directe du mont Rochenoire… la brune rochenoire !$B$B Souvenez-vous, si cet échantillon vous a plu, vous pouvez en acheter davantage auprès de nos vendeurs.$B$BÀ la vôtre !$B$B- Le club de la Bière du mois",,,,,,,,,,,,,,0xFF01FE,
218,,,"Une bière mystérieuse",,,,,,,,,,,,,,0xFF01FE,,,"Salutations, $N,$B$B  Ce mois-ci, nous avons quelque chose d’exceptionnel pour vous. Les membres du club de la Bière du mois ont bravé les jungles de Strangleronce et sont revenus avec cette bière mystérieuse.$B$B N’oubliez pas, si cet échantillon vous a plu, vous pouvez en acheter auprès de nos vendeurs.$B$B  À la vôtre !$B$B- Le club de la Bière du mois",,,,,,,,,,,,,,0xFF01FE,
219,,,"Vous souvenez-vous de votre bière ?",,,,,,,,,,,,,,0xFF01FE,,,"Salutations chaleureuses, $N,$B$B Parfois, vous devez sortir des sentiers battus pour trouver la meilleure bière. Celle de ce mois-ci arrive de loin, mais nous sommes sûrs qu’elle mérite le détour.$B$B Si vous avez apprécié cet échantillon, vous pouvez en acheter davantage auprès de nos vendeurs.$B$B À la vôtre !$B$B- Le club de la Bière du mois",,,,,,,,,,,,,,0xFF01FE,
220,,,"Une bière que vous aimerez",,,,,,,,,,,,,,0xFF01FE,,,"Salut $N,$B$B La bière de ce mois-ci ne laissera personne indifférent : vous allez l’aimer ou l’adorer. À vous de voir.$B$B Si cet échantillon vous a plu, vous pouvez en acheter davantage auprès de nos vendeurs.$B$B À la vôtre !$b$B- Le club de la Bière du mois",,,,,,,,,,,,,,0xFF01FE,
221,,,"Un automne festif",,,,,,,,,,,,,,0xFF01FE,,,"Salut, $N,$B$B Notre bière du mois est une célébration de l’automne. Nous pensons qu’elle est tout à fait en phase avec l’essence de la saison. Mais ne nous croyez pas sur parole, goûtez-y !$B$B Si cet échantillon vous a plu, vous pourrez en acheter davantage auprès de nos vendeurs.$B$B À la vôtre !$B$B- Le club de la Bière du mois",,,,,,,,,,,,,,0xFF01FE,
222,,,"Du bonheur à partager entre amis",,,,,,,,,,,,,,0xFF01FE,,,"Salutations, $N,$B$B Nous espérons que l’année s’est bien passée pour vous. Dans le cas contraire, faites une halte chez nos vendeurs pour vous procurer notre dernière création : la bière amère de Bartlett. Sa saveur n’a pas d’égal, mais elle n’est pas pour les estomacs fragiles !$B$B Savourez nos échantillons et faites-en profiter vos amis !$B$B- Le club de la Bière du mois",,,,,,,,,,,,,,0xFF01FE,
223,,,"Une bière bien fraîche",,,,,,,,,,,,,,0xFF01FE,,,"$N, $B$B L’été dernier, certains de nos membres ont été s’en prendre au puissant seigneur du Givre. Le croiriez-vous ? Ils ont découvert ses réserves de bière. Nous avons mis de côté une grande quantité de ce breuvage rare, et nous vous en envoyons des échantillons.$B$B Si leur côté rafraîchissant vous séduit, vous pouvez en acheter davantage auprès de nos vendeurs.$B$B À la vôtre !$B$B- Le club de la Bière du mois",,,,,,,,,,,,,,0xFF01FE,
224,,,"Leçons d'équitation en forêt d'Elwynn",,,,,,,,,,,,,,0xFF01FE,,,"Noble $gsire:dame; $N$B$B, j’espère que cette lettre vous trouvera en bonne santé. Sachez que je me tiens à votre disposition pour vous apprendre l’équitation. Venez me voir quand vous voudrez au camp de bûcherons du Val d’est, sur la route de l’est depuis Hurlevent. Je ne vous demande que quatre pièces d’or.$B$BEt si vous souhaitez vous procurer une monture, l’éleveuse Katie Hunter a plusieurs bêtes de qualité, qu’elle cède pour une pièce d’or.$B$BBien à vous, Randal Hunter",,,,,,,,,,,,,,0xFF01FE,
225,,,"Leçons d'équitation à Darnassus",,,,,,,,,,,,,,0xFF01FE,,,"Puisse la fortune vous sourire, $N ! Je me tiens à votre disposition si vous souhaitez apprendre l’équitation. Vous pourrez me rendre visite à l’enclave cénarienne de Darnassus quand vous voudrez. Mes leçons ne coûtent que quatre modestes pièces d’or.$B$BPar ailleurs, si vous désirez acheter une monture, la dresseuse de sabres Lelanai vend de nobles bêtes qui ne coûtent qu'une pièce d’or.$B$BBien à vous, Jartsam",,,,,,,,,,,,,,0xFF01FE,
226,,,"Leçons d'équitation en Dun Morogh",,,,,,,,,,,,,,0xFF01FE,,,"Salut $gpetit gars:ma jolie; ! Apprendre l’équitation, ça vous tente ? Si oui, venez me voir à la ferme des Distillambre, sur la route, à l’est de Forgefer.$B$B Je ne prends que quatre pièces d’or et si vous voulez un bélier de monte, Veron Distillambre propose de nobles bêtes pour à peine une pièce d’or par tête.$B$B- Ultham",,,,,,,,,,,,,,0xFF01FE,
227,,,"Leçons d'équitation à l'Exodar",,,,,,,,,,,,,,0xFF01FE,,,"Je vous salue, $N. J’espère que cette lettre vous trouvera en bonne santé. Je me tiens à votre disposition si vous souhaitez apprendre l’équitation. Vous pourrez me rendre visite à l’entrée de l’Exodar quand vous voudrez. Mes leçons ne coûtent que quatre modestes pièces d’or.$B$BPar ailleurs, si vous désirez acheter un elekk de monte, Torallius le Pâtre vend de nobles coursiers qui ne coûtent qu'une pièce d’or.$B$BAllez en paix, Aalun",,,,,,,,,,,,,,0xFF01FE,
228,,,"Leçons d'équitation en Dun Morogh",,,,,,,,,,,,,,0xFF01FE,,,"Salutations, $N. Si vous voulez vous déplacer plus vite, pourquoi ne pas nous rendre visite, à Mili et à moi, au dépôt de Grillacier, juste au nord-est de Kharanos ?$B$BJe vous apprendrai l’équitation pour seulement quatre pièces d’or, et si vous voulez votre propre mécanotrotteur, Mili peut vous en construire un pour à peine une pièce d’or !$B$BÀ bientôt j’espère, Binjy",,,,,,,,,,,,,,0xFF01FE,
229,,,"Leçons d'équitations en Mulgore",,,,,,,,,,,,,,0xFF01FE,,,"Salut, brave $N. Je me tiens à votre disposition pour vous enseigner l’équitation. Si vous souhaitez l’apprendre, venez me voir à Sabot-de-sang. Je ne demande que quatre pièces d’or en échange de mes services.$B$BEt si, après mes leçons, vous souhaitez acheter un kodo de monte, sachez que Harb Sabot-griffu propose de nobles bêtes, qu’il vend une pièce d’or par tête.$B$BBons voyages, Kar",,,,,,,,,,,,,,0xFF01FE,
230,,,"Leçons d'équitation en Durotar",,,,,,,,,,,,,,0xFF01FE,,,"Apprendre l’équitation te tente, $N ? Tu viens me voir à Senjin, je te fais découvrir tous ses secrets pour quatre pièces d’or seulement.$B$BTu veux un raptor de monte ? Tu vas voir Zjolnir, il t’en vend un pour une malheureuse pièce d’or, peut-être moins. Et fais gaffe au vaudou !$B$BXar'Ti",,,,,,,,,,,,,,0xFF01FE,
231,,,"Leçons d'équitation à Orgrimmar",,,,,,,,,,,,,,0xFF01FE,,,"Force et honneur, $N.$B$BJe suis le maître d’équitation d’Orgrimmar. Si vous le désirez, vous pouvez me rendre visite dans la vallée de l’Honneur. Je ne demande que quatre pièces d’or en échange de mes leçons.$B$BSi, par la suite, vous souhaitez acheter un loup de monte, le chenil d’Ogunaro Mène-loup abrite de nobles bêtes, qui ne coûtent qu'une pièce d’or chacune.$B$B- Kildar",,,,,,,,,,,,,,0xFF01FE,
232,,,"Leçons d'équitation dans le bois des Chants éternels",,,,,,,,,,,,,,0xFF01FE,,,"J’espère que cette lettre vous trouvera en bonne santé, $gestimé:estimée; $N$B$B Je me tiens à votre disposition pour vous apprendre l’équitation. Vous pouvez me rendre visite à l’écurie de Thuron, au sud-est de la porte du Berger lorsque vous sortez de Lune-d’argent. Il ne vous en coûtera que quatre pièces d’or.$B$BSi, par la suite, vous souhaitez acheter une monture, l’éleveuse Winaestra offre de nombreux faucons-pérégrins pour à peine une pièce d’or.$B$BBien à vous, Perascamin",,,,,,,,,,,,,,0xFF01FE,
233,,,"Leçons d'équitation dans les clairières de Tirisfal",,,,,,,,,,,,,,0xFF01FE,,,"$GMessire:Ma dame; $N,$B$BJe vous envoie cette lettre pour vous proposer mes services. J’enseigne l’équitation. Si vous le désirez, vous pouvez me rendre visite à Brill. Mes leçons ne coûtent que quatre pièces d’or.$B$BSi, par la suite, vous souhaitez acheter une monture, Zachariah Post a rassemblé un certain nombre de chevaux adaptés à nos besoins. Il les vend pour une pièce d’or par tête, grand maximum.$B$BBien à vous, Velma Warnam",,,,,,,,,,,,,,0xFF01FE,
234,,,"Faites attention à vous",,,,,,,,,,,,,,0xFF01FE,,,"Krenna a entendu dire que nous avions libéré l’un des trappeurs. Elle est folle de rage.$B$BFaites profil bas pendant un moment, ou on va tous les deux se retrouver à lutter avec des ours dans la fosse.$B$B- Gorgonna.",,,,,,,,,,,,,,0xFF01FE,
235,,,"Un zhévra rapide",,,,,,,,,,,,,,0xFF01FE,,,"À : $N$B$BDE : Montures exotiques de Nesingwary, SARL$B$BCONTENU DE LA CAISSE :$B$B- Un (1) zhévra$B$B- Une (1) selle de zhévra$B$B- Quatre (4) sabots de zhévra$B$B- Deux (2) sabots de zhévra de rechange$B$B- NE PAS BOUCHER LES TROUS D’AÉRATION -",,,,,,,,,,,,,,0xFF01FE,
236,,,"Au nom de la Lumière !",,,,,,,,,,,,,,0xFF01FE,,,"À : Grand général Abbendis
Nouvelle-Avalon, Campagne écarlate",,,,,,,,,,,,,,0xFF01FE,
237,,,"",,,,,,,,,,,,,,0xFF01FC,,,"Merci de m’avoir rendu visite, $N. Il est bon de savoir que nous ne sommes pas oubliés.",,,,,,,,,,,,,,0xFF01FE,
238,,,"",,,,,,,,,,,,,,0xFF01FC,,,"Merci de m’avoir rendu visite, $N. Il est bon de savoir que nous ne sommes pas oubliés.",,,,,,,,,,,,,,0xFF01FE,
239,,,"",,,,,,,,,,,,,,0xFF01FC,,,"Merci de m’avoir rendu visite, $N. Il est bon de savoir que nous ne sommes pas oubliés.",,,,,,,,,,,,,,0xFF01FE,
240,,,"",,,,,,,,,,,,,,0xFF01FC,,,"Merci de m’avoir rendu visite, $N. Il est bon de savoir que nous ne sommes pas oubliés.",,,,,,,,,,,,,,0xFF01FE,
241,,,"",,,,,,,,,,,,,,0xFF01FC,,,"Merci de m’avoir rendu visite, $N. Il est bon de savoir que nous ne sommes pas oubliés.",,,,,,,,,,,,,,0xFF01FE,
242,,,"",,,,,,,,,,,,,,0xFF01FC,,,"Merci de m’avoir rendu visite, $N. Il est bon de savoir que nous ne sommes pas oubliés.",,,,,,,,,,,,,,0xFF01FE,
243,,,"",,,,,,,,,,,,,,0xFF01FC,,,"Merci de m’avoir rendu visite, $N. Il est bon de savoir que nous ne sommes pas oubliés.",,,,,,,,,,,,,,0xFF01FE,
244,,,"",,,,,,,,,,,,,,0xFF01FC,,,"Merci de m’avoir rendu visite, $N. Il est bon de savoir que nous ne sommes pas oubliés.",,,,,,,,,,,,,,0xFF01FE,
245,,,"",,,,,,,,,,,,,,0xFF01FC,,,"Votre visite m'a fait plaisir, recevez ceci en cadeau pour votre fête lunaire.",,,,,,,,,,,,,,0xFF01FE,
246,,,"",,,,,,,,,,,,,,0xFF01FC,,,"Votre visite m'a fait plaisir, recevez ceci en cadeau pour votre fête lunaire.",,,,,,,,,,,,,,0xFF01FE,
247,,,"",,,,,,,,,,,,,,0xFF01FC,,,"Votre visite m'a fait plaisir, recevez ceci en cadeau pour votre fête lunaire.",,,,,,,,,,,,,,0xFF01FE,
248,,,"",,,,,,,,,,,,,,0xFF01FC,,,"Votre visite m'a fait plaisir, recevez ceci en cadeau pour votre fête lunaire.",,,,,,,,,,,,,,0xFF01FE,
249,,,"",,,,,,,,,,,,,,0xFF01FC,,,"Votre visite m'a fait plaisir, recevez ceci en cadeau pour votre fête lunaire.",,,,,,,,,,,,,,0xFF01FE,
250,,,"",,,,,,,,,,,,,,0xFF01FC,,,"Votre visite m'a fait plaisir, recevez ceci en cadeau pour votre fête lunaire.",,,,,,,,,,,,,,0xFF01FE,
251,,,"",,,,,,,,,,,,,,0xFF01FC,,,"Votre visite m'a fait plaisir, recevez ceci en cadeau pour votre fête lunaire.",,,,,,,,,,,,,,0xFF01FE,
252,,,"",,,,,,,,,,,,,,0xFF01FC,,,"Votre visite m'a fait plaisir, recevez ceci en cadeau pour votre fête lunaire.",,,,,,,,,,,,,,0xFF01FE,
253,,,"",,,,,,,,,,,,,,0xFF01FC,,,"Votre visite m'a fait plaisir, recevez ceci en cadeau pour votre fête lunaire.",,,,,,,,,,,,,,0xFF01FE,
254,,,"",,,,,,,,,,,,,,0xFF01FC,,,"Votre visite m'a fait plaisir, recevez ceci en cadeau pour votre fête lunaire.",,,,,,,,,,,,,,0xFF01FE,
255,,,"",,,,,,,,,,,,,,0xFF01FC,,,"Merci de m’avoir rendu visite, $N. Il est bon de savoir que nous ne sommes pas oubliés.",,,,,,,,,,,,,,0xFF01FE,
256,,,"",,,,,,,,,,,,,,0xFF01FC,,,"Votre visite m'a fait plaisir, recevez ceci en cadeau pour votre fête lunaire.",,,,,,,,,,,,,,0xFF01FE,
257,,,"",,,,,,,,,,,,,,0xFF01FC,,,"Merci de m’avoir rendu visite, $N. Il est bon de savoir que nous ne sommes pas oubliés.",,,,,,,,,,,,,,0xFF01FE,
258,,,"",,,,,,,,,,,,,,0xFF01FC,,,"Merci de m’avoir rendu visite, $N. Il est bon de savoir que nous ne sommes pas oubliés.",,,,,,,,,,,,,,0xFF01FE,
259,,,"",,,,,,,,,,,,,,0xFF01FC,,,"Votre visite m'a fait plaisir, recevez ceci en cadeau pour votre fête lunaire.",,,,,,,,,,,,,,0xFF01FE,
260,,,"",,,,,,,,,,,,,,0xFF01FC,,,"Merci de m’avoir rendu visite, $N. Il est bon de savoir que nous ne sommes pas oubliés.",,,,,,,,,,,,,,0xFF01FE,
261,,,"",,,,,,,,,,,,,,0xFF01FC,,,"Votre visite m'a fait plaisir, recevez ceci en cadeau pour votre fête lunaire.",,,,,,,,,,,,,,0xFF01FE,
262,,,"Félicitations !",,,,,,,,,,,,,,0xFF01FE,,,"Au nom de la F.R.A.Gentepression, veuillez accepter nos félicitations pour vos réussites lors de cette saison d'arène.$B$BPour rendre hommage à vos compétences et à votre sauvagerie, nous vous décernons par la présente ce Drake du Néant vengeur. Puisse-t-il vous être utile.",,,,,,,,,,,,,,0xFF01FE,
263,,,"Pas de pitié pour les artichauts !",,,,,,,,,,,,,,0xFF01FE,,,"Allez répandre l'amour façon punk.",,,,,,,,,,,,,,0xFF01FE,
264,,,"Vous vous êtes fait manafrapper !",,,,,,,,,,,,,,0xFF01FE,,,"Salut $n,
 vous vous souvenez quand vous avez été $gtransformé:transformée; en mouton, à Dalaran ? Eh bien c'était moi, Minigob Manafrappe ! Je voulais vous envoyer une lettre pour que vous sachiez qui vous avait $gtransformé:transformée;. Et comme vous l'avez sacrément bien pris, je vous envoie une de mes baguettes. Maintenant, vous aussi, vous pouvez « manafrapper » vos amis. Lorsque vous le faites, n'hésitez pas à leur dire que c'est de la part de Minigob Manafrappe.

- Minigob Manafrappe",,,,,,,,,,,,,,0xFF01FE,
265,,,"Le tournoi d'Argent",,,,,,,,,,,,,,0xFF01FE,,,"La Croisade d'argent vous invite à tester vos dons en combat honorable contre d'autres héros d'Azeroth, au tournoi d'Argent. Les champions des grandes nations du monde se sont rassemblés dans l'enceinte du tournoi d'Argent, au nord-est de la Couronne de glace, pour affronter tous les participants.",,,,,,,,,,,,,,0xFF01FE,
266,,,"Félicitations !",,,,,,,,,,,,,,0xFF01FE,,,"Au nom de la F.R.A.Gentepression, veuillez accepter nos félicitations pour vos réussites lors de cette saison d'arène.$B$BPour rendre hommage à vos compétences et à votre sauvagerie, nous vous décernons par la présente ce Wyrm de givre du gladiateur fatal. Puisse-t-il vous être utile.",,,,,,,,,,,,,,0xFF01FE,
267,,,"Félicitations !",,,,,,,,,,,,,,0xFF01FE,,,"Au nom de la F.R.A.Gentepression, veuillez accepter nos félicitations pour vos réussites lors de cette saison d'arène.$B$BPour rendre hommage à vos compétences et à votre sauvagerie, nous vous décernons par la présente ce Wyrm de givre du gladiateur furieux. Puisse-t-il vous être utile.",,,,,,,,,,,,,,0xFF01FE,
268,,,"BULLETIN D'ACTION URGENTE",,,,,,,,,,,,,,0xFF01FE,,,"






Les orphelins du Norfendre ont besoin de vous. Pour moins cher qu'une tasse de Kungaloosh, parrainez un pauvre orphelin comme le petit Kekek ou le petit Thann. Contactez la directrice de l'orphelinat de Dalaran, Aria. Vous changerez la vie d'un jeune oracle ou d'un petit varleu. À vous d'agir !",,,,,,,,,,,,,,0xFF01FE,
269,,,"De la part de Thann",,,,,,,,,,,,,,0xFF01FE,,,"$gCher:Chère; $N,$B$BVous nous manque plein. Tous aime l’histoire du Tout-puissant et maintenant tous veut rencontrer un Tout-puissant. Eux croit pas nos histoires et dit que nous invente la reine-dragon et le sanctuaire. Eux est jaloux.$B$BLa vie avec les sans-parents est un peu mieux. La directrice emmène nous jouer dans le parc, et nous a même des nouveaux joujoux. Mais nous est toujours seul. Nous veut voir vous. Peut-être vous emmène nous ailleurs ? Ça dit vous ?$B$BVotre ami,$BThann",,,,,,,,,,,,,,0xFF01FE,
270,,,"De la part de Kekek",,,,,,,,,,,,,,0xFF01FE,,,"$gCher:Chère; $N,$B$BKekek est pas bon pour écrire, mais Kekek a appris pour vous écrire une lettre. La dame des sans-enfants a trouvé la vieille copie des Vertes collines dont Hemet parlait. Kekek l'a lu pour devenir un grand chasseur comme vous et Hemet. Kekek trouve que ça fait plein de mots pour être un bon chasseur.$B$BKekek veut essayer des choses du livre Les vertes collines. Vous voudrez bien venir et chasser avec Kekek ? Kekek promet de pas voler vos proies.$B$BVotre ami,$BKekek",,,,,,,,,,,,,,0xFF01FE,
271,,,"Reconnaissance",,,,,,,,,,,,,,0xFF01FE,,,"Vos compétences et votre talent indéniable en matière de joaillerie ne sont pas passés inaperçus. Il est important de perpétuer la tradition de fierté et d'attention aux détails dont vous avez fait preuve.

En reconnaissance de ces efforts, je vous envoie une commission spéciale. Rapportez-la moi pour obtenir des récompenses méritées.

Timothy Jones",,,,,,,,,,,,,,0xFF01FE,
272,,,"Nouvelles leçons d'équitation au bois des Chants éternels",,,,,,,,,,,,,,0xFF01FE,,,"Noble $n,$B$BJe vous écris à nouveau pour vous rappeler que je peux vous offrir mes services d'instructeur de monte. Si vous souhaitez devenir Compagnon cavalier et chevaucher une monture plus rapide, venez à l’écurie de Thuron, au sud-est de la porte du Berger en sortant de Lune-d’argent. Il ne vous en coûtera que cinquante pièces d’or.$B$BSi vous voulez acheter une monture rapide, Winaestra en offre pour à peine dix pièces d’or.$B$BBien à vous, Perascamin",,,,,,,,,,,,,,0xFF01FE,
273,,,"Nouvelles leçons d'équitation à l'Exodar",,,,,,,,,,,,,,0xFF01FE,,,"Je vous salue, $N. Je vous rappelle que je me tiens à votre disposition si vous souhaitez apprendre l’équitation. Si vous désirez devenir un Compagnon cavalier pour maîtriser des montures plus rapides, vous pourrez me rendre visite à l’entrée de l’Exodar. Mes leçons ne coûtent que cinquante pièces d’or.$B$BPar ailleurs, si vous désirez acheter un elekk de monte rapide, Torallius le Pâtre vend de nobles coursiers qui ne coûtent que dix pièces d’or.$B$BAllez en paix, Aalun",,,,,,,,,,,,,,0xFF01FE,
274,,,"Nouvelles leçons d'équitation en Dun Morogh",,,,,,,,,,,,,,0xFF01FE,,,"Salut $gpetit gars:ma jolie; ! Devenir Compagnon cavalier pour aller plus vite, ça vous tente ? Si oui, venez me voir à la ferme des Distillambre, sur la route, à l’est de Forgefer.$B$B Je ne prends que cinquante pièces d’or et si vous voulez un bélier de monte rapide, Veron Distillambre propose de nobles bêtes pour à peine dix pièces d’or par tête.$B$B- Ultham",,,,,,,,,,,,,,0xFF01FE,
275,,,"Nouvelles leçons d'équitation en Dun Morogh",,,,,,,,,,,,,,0xFF01FE,,,"Salutations, $N. Si vous voulez vous déplacer ENCORE PLUS vite, pourquoi ne pas nous rendre visite, à Mili et à moi, au dépôt de Grillacier, juste au nord-est de Kharanos ?$B$BJe ferai de vous un Compagnon cavalier pour seulement cinquante pièces d’or, et si vous voulez votre propre mécanotrotteur, Mili peut vous en construire un pour à peine dix pièces d’or !$B$BÀ bientôt j’espère, Binjy",,,,,,,,,,,,,,0xFF01FE,
276,,,"Nouvelles leçons d'équitation dans la forêt d'Elwynn",,,,,,,,,,,,,,0xFF01FE,,,"Noble $gsire:dame; $N,$B$BJe prends la plume pour vous offrir à nouveau mes services d’instructeur de monte. Si vous décidez de devenir un Compagnon cavalier, vous n’avez qu’à me rendre visite au camp de bûcherons du Val d’est, sur la route de l’est depuis Hurlevent. Je ne vous demande que cinquante pièces d’or.$B$BEt si vous souhaitez vous procurer une monture rapide, l’éleveuse Katie Hunter a plusieurs bêtes de qualité, qu’elle cède pour dix pièces d’or.$B$BBien à vous, Randal Hunter.",,,,,,,,,,,,,,0xFF01FE,
277,,,"Nouvelles leçons d'équitation à Darnassus",,,,,,,,,,,,,,0xFF01FE,,,"Puisse la fortune vous sourire, $N ! Si vous souhaitez progresser en équitation et devenir Compagnon cavalier, afin de maîtriser des montures plus rapides, vous pouvez me rendre visite à l’enclave cénarienne de Darnassus quand vous voudrez. Mes leçons ne coûtent que cinquante modestes pièces d’or.$B$BPar ailleurs, si vous désirez acheter une monture rapide, la dresseuse de sabres Lelanai vend de nobles bêtes qui ne coûtent que dix pièces d’or.$B$BBien à vous, Jartsam",,,,,,,,,,,,,,0xFF01FE,
278,,,"Nouvelles leçons d'équitation à Orgrimmar",,,,,,,,,,,,,,0xFF01FE,,,"Force et honneur, $N.$B$BSi vous désirez devenir un Compagnon cavalier pour maîtriser des bêtes plus rapides, vous pouvez me rendre visite dans la vallée de l’Honneur. Je ne demande que cinquante pièces d’or en échange de mes leçons.$B$BSi, par la suite, vous souhaitez acheter un loup de monte rapide, le chenil d’Ogunaro Mène-loup abrite de nobles bêtes, qui ne coûtent que dix pièces d’or chacune.$B$B- Kildar",,,,,,,,,,,,,,0xFF01FE,
279,,,"Nouvelles leçons d'équitation en Mulgore",,,,,,,,,,,,,,0xFF01FE,,,"Salut, brave $N. Je vous rappelle que je me tiens à votre disposition pour vous enseigner l’équitation. Si vous souhaitez apprendre Compagnon cavalier pour maîtriser des montures plus rapides, venez me voir à Sabot-de-sang. Je ne demande que cinquante pièces d’or en échange de mes services.$B$BEt si, après mes leçons, vous souhaitez acheter un kodo de monte rapide, sachez que Harb Sabot-griffu propose de nobles bêtes, qu’il vend dix pièces d’or par tête.$B$BBons voyages, Kar",,,,,,,,,,,,,,0xFF01FE,
280,,,"Nouvelles leçons d'équitation à Durotar",,,,,,,,,,,,,,0xFF01FE,,,"Tu veux chevaucher encore plus vite, $N ? Tu viens me voir à Sen’jin, je t’apprends à devenir Compagnon cavalier pour seulement cinquante pièces d’or.$B$BTu veux un raptor de monte encore plus rapide ? Tu en parles à Zjolnir, il t’en vend un pour dix malheureuses pièces d’or, peut-être moins. Et fais gaffe au vaudou !$B$BXar'Ti",,,,,,,,,,,,,,0xFF01FE,
281,,,"Nouvelles leçons d'équitation dans les clairières de Tirisfal",,,,,,,,,,,,,,0xFF01FE,,,"$GMessire:Ma dame; $N,$B$BJe vous envoie cette lettre pour vous proposer à nouveau mes services d’instructeur de monte. Si vous désirez devenir un Compagnon cavalier et apprendre à chevaucher des montures plus rapides, venez me rendre visite à Brill. Mes leçons ne coûtent que cinquante pièces d’or.$B$BSi vous souhaitez ensuite acheter une monture rapide, Zachariah Post a rassemblé des chevaux adaptés à nos besoins. Il les vend dix pièces d’or par tête, grand maximum.$B$BBien à vous, Velma Warnam",,,,,,,,,,,,,,0xFF01FE,
282,,,"Apprenez à voler à Thrallmar",,,,,,,,,,,,,,0xFF01FE,,,"Salut, $n.$B$BSi vous souhaitez devenir Expert cavalier et chevaucher des montures volantes, rendez-moi visite à Thrallmar dans la péninsule des Flammes infernales. Je ne prends que deux cent cinquante pièces d'or.$B$BSi vous voulez acheter une monture volante après avoir pris vos leçons de monte, Bana Crin-sauvage en vend pour cinquante pièces d'or à peine.$B$B- Jahubo",,,,,,,,,,,,,,0xFF01FE,
283,,,"Apprenez à voler au bastion de l'Honneur",,,,,,,,,,,,,,0xFF01FE,,,"Salut $gpetit gars:ma jolie; ! Vous souhaitez devenir Expert cavalier et chevaucher des montures volantes ? Alors venez me voir au bastion de l'Honneur, dans la péninsule des Flammes infernales.$B$BÇa ne vous coûtera que deux cent cinquante pièces d'or et si vous voulez acheter une monture volante, ma charmante épouse Grunda élève et vend des griffons pour cinquante pièces d'or maximum par tête.$B$B- Hargen",,,,,,,,,,,,,,0xFF01FE,
284,,,"Artisan cavalier au donjon de la Bravoure",,,,,,,,,,,,,,0xFF01FE,,,"Salut ! Devenir artisan cavalier, ça vous tente ? Venez me voir au donjon de la Bravoure, dans la toundra Boréenne.$B$B Je ne prends que 5000 pièces d’or, plus 1000 autres pour l'apprentissage de vol par temps froid, pour le Norfendre.$B$Si vous voulez une monture volante rapide, Durgan Tonnebec a des bêtes pour à peine 100 pièces d’or.$B$B- Maigra$B$BP.S. Si vous ne pouvez venir en Norfendre, allez voir Hargen Aile-de-bronze, au bastion de l'Honneur, dans la péninsule des Flammes infernales.",,,,,,,,,,,,,,0xFF01FE,
285,,,"Artisan cavalier au bastion Chanteguerre",,,,,,,,,,,,,,0xFF01FE,,,"Comment ça va, $n ?$B$BSi vous voulez devenir artisan cavalier, passez me voir au bastion Chanteguerre dans la toundra Boréenne. Il ne vous en coûtera que 5000 pièces d’or, plus 1000 autres pour l'apprentissage de vol par temps froid, pour le Norfendre.$B$B Si vous voulez une monture volante rapide, Tohfo Sabot-du-ciel en vend pour environ 100 pièces d'or.$B$B- Sabamba$B$BP.S. Si vous ne pouvez venir en Norfendre, rendez visite à Jahubo, à Thrallmar, dans la péninsule des Flammes infernales.",,,,,,,,,,,,,,0xFF01FE,
286,,,"Félicitations !",,,,,,,,,,,,,,0xFF01FE,,,"Au nom de la F.R.A.Gentepression, veuillez accepter nos félicitations pour vos réussites lors de cette saison d'arène.$B$BPour rendre hommage à vos compétences et à votre sauvagerie, nous vous décernons par la présente ce Wyrm de givre du gladiateur implacable. Puisse-t-il vous être utile.",,,,,,,,,,,,,,0xFF01FE,
287,,,"Félicitations !",,,,,,,,,,,,,,0xFF01FE,,,"Au nom de la F.R.A.Gentepression, veuillez accepter nos félicitations pour vos réussites lors de cette saison d'arène.$B$BPour rendre hommage à vos compétences et à votre sauvagerie, nous vous décernons par la présente ce Wyrm de givre du gladiateur courroucé. Puisse-t-il vous être utile.",,,,,,,,,,,,,,0xFF01FE,
288,,,"Opération Gnomeregan",,,,,,,,,,,,,,0xFF01FE,,,"Messire/Ma dame,

En tant que membre de l'Alliance, vous devez vous rendre à Forgefer en toute hâte et vous soumettre à la volonté du Grand Bricoleur Mekkanivelle, roi des gnomes.*

La fin de notre exil approche. L'opération Gnomeregan va commencer !**

*Robavocat 2000 m'informe que je ne possède en fait aucune autorité légale d'aucun type - sur les gnomes ou autre - mais il faut bien admettre que ça en jetait !

**Sérieusement, venez nous aider si vous pouvez. Mille mercis !",,,,,,,,,,,,,,0xFF01FE,
289,,,"La chute de Zalazane",,,,,,,,,,,,,,0xFF01FE,,,"Frangins, frangines,
Au nom de tous les ancêtres, Vol’jin, qu’est le fils de Sen’jin, il appelle à la guerre ! Y a trop longtemps que le traître Zalazane, il se sert de sa magie noire pour profaner nos morts, nous faire croire qu’il est vaincu, et empêcher les Sombrelances de mettre les pieds sur les îles de l’Écho !
Le temps de s’occuper de lui une fois pour toutes, il est venu. Je vais aider Vol’jin à rassembler ses troupes. Rejoignez-moi  à Sen’jin et aidez-nous à faire justice !
Vanira",,,,,,,,,,,,,,0xFF01FE,
290,,,"Félicitations, Vainqueur !",,,,,,,,,,,,,,0xFF01FE,,,"Au nom de la F.R.A.Gentepression, veuillez accepter nos félicitations pour vos réussites lors de cette saison d'arène.$B$BPour rendre hommage à vos compétences et à votre sauvagerie, nous vous décernons par la présente le titre de Vainqueur. Portez-le avec fierté.",,,,,,,,,,,,,,0xFF01FE,
291,,,"Fusée de tourisme X-53",,,,,,,,,,,,,,0xFF01FE,,,"À : $N$B$BDE : Centre spatial de la B.O.U.M.$B$BCONTENU DE LA CAISSE :$B$B- UnE (1) fusée-de-néant X53, modèle de tourisme$B$B- Une (1) clé de contact de fusée$B$B- Un (1) siège éjectable à l'arrière$B$B- Zéro (0) parachute",,,,,,,,,,,,,,0xFF01FE,
