long,None,None,str,None,None,None,None,None,None,None,None,None,None,None,None,None,flags,
1,,,"[SERVEUR] Arrêt dans %s.",,,,,,,,,,,,,,0xFF01FE,
2,,,"[SERVEUR] Redémarrage dans %s.",,,,,,,,,,,,,,0xFF01FE,
3,,,"%s",,,,,,,,,,,,,,0xFF01FE,
4,,,"[SERVEUR] Arrêt annulé.",,,,,,,,,,,,,,0xFF01FE,
5,,,"[SERVEUR] Redémarrage annulé.",,,,,,,,,,,,,,0xFF01FE,
6,,,"[SERVEUR] Arrêt du champ de bataille dans %s.",,,,,,,,,,,,,,0xFF01FE,
7,,,"[SERVEUR] Redémarrage du champ de bataille dans %s.",,,,,,,,,,,,,,0xFF01FE,
8,,,"[SERVEUR] Arrêt de l'instance dans %s.",,,,,,,,,,,,,,0xFF01FE,
9,,,"[SERVEUR] Redémarrage de l'instance dans %s.",,,,,,,,,,,,,,0xFF01FE,
