long,str,None,None,str,None,None,None,None,None,None,None,None,None,None,None,None,None,flags,
1,"MSG_TITLE_WOW",,,"World of Warcraft",,,,,,,,,,,,,,0xFF01FE,
2,"MSG_GX_INIT_FAILED_D3D",,,"World of Warcraft n'a pu lancer l'accélération 3D. Assurez-vous que DirectX 9.0c est installé et que vos pilotes graphiques sont à jour.",,,,,,,,,,,,,,0xFF01FE,
3,"MSG_GX_INIT_FAILED",,,"World of Warcraft n'a pu lancer l'accélération 3D.",,,,,,,,,,,,,,0xFF01FE,
4,"MSG_HW_UNSUPPORTED",,,"Votre carte accélératrice 3D n'est pas compatible avec World of Warcraft. Veuillez installer une carte accélératrice 3D avec deux unités de mappage des textures (TMU).",,,,,,,,,,,,,,0xFF01FE,
5,"MSG_HW_CHANGED",,,"Matériel modifié. Charger les paramètres par défaut ?",,,,,,,,,,,,,,0xFF01FE,
9,"MSG_GLUEXML_UI_CORRUPT",,,"Vos fichiers d'interface de connexion sont corrompus. Veuillez réinstaller le jeu.",,,,,,,,,,,,,,0xFF01FE,
10,"MSG_FRAMEXML_UI_CORRUPT",,,"Vos fichiers d'interface sont corrompus. Veuillez supprimer votre dossier Interface\Frame\XML.",,,,,,,,,,,,,,0xFF01FE,
11,"MSG_GX_NO_DEVICE",,,"Impossible de trouver un dispositif d'affichage adéquat. Fermeture du programme.",,,,,,,,,,,,,,0xFF01FE,
12,"MSG_REMOTE_DESKTOP",,,"World of Warcraft n'est pas conçu pour fonctionner via une connexion de bureau virtuel distant. Fermeture du programme.",,,,,,,,,,,,,,0xFF01FE,
