long,long,float,float,float,None,None,str,None,None,None,None,None,None,None,None,None,None,None,None,None,flags,long,long,
1,0,-8888.98046875,-0.540000021458,94.3899993896,,,"Abbaye de Comté-du-nord",,,,,,,,,,,,,,0xFF01FE,308,0,
2,0,-8840.55957031,489.700012207,109.61000061,,,"Hurlevent, Elwynn",,,,,,,,,,,,,,0xFF01FE,0,541,
3,0,16391.8105469,16341.2099609,69.4400024414,,,"Île des programmeurs",,,,,,,,,,,,,,0xFF01FE,308,0,
4,0,-10629.2900391,1036.94995117,34.0200004578,,,"Colline des sentinelles, marche de l'Ouest",,,,,,,,,,,,,,0xFF01FE,0,541,
5,0,-9429.09960938,-2231.39990234,68.6500015259,,,"Comté-du-lac, les Carmines",,,,,,,,,,,,,,0xFF01FE,0,541,
6,0,-4821.77978516,-1155.43994141,502.209991455,,,"Forgefer, Dun Morogh",,,,,,,,,,,,,,0xFF01FE,0,541,
7,0,-3792.26000977,-783.289978027,9.06000041962,,,"Port de Menethil, les Paluns",,,,,,,,,,,,,,0xFF01FE,0,541,
8,0,-5421.91015625,-2930.01000977,347.25,,,"Thelsamar, Loch Modan",,,,,,,,,,,,,,0xFF01FE,0,541,
9,0,-14271.7695313,299.869995117,31.0900001526,,,"Baie-du-Butin, Strangleronce",,,,,,,,,,,,,,0xFF01FE,541,0,
10,0,478.859985352,1536.58996582,131.320007324,,,"Le Sépulcre, forêt des Pins argentés",,,,,,,,,,,,,,0xFF01FE,3574,0,
11,0,1568.61999512,267.970001221,-43.0999984741,,,"Fossoyeuse, Tirisfal",,,,,,,,,,,,,,0xFF01FE,3574,0,
12,0,-10515.4599609,-1261.65002441,41.3400001526,,,"Sombre-comté, bois de la Pénombre",,,,,,,,,,,,,,0xFF01FE,0,541,
13,0,-0.0599999986589,-859.909973145,58.8300018311,,,"Moulin-de-Tarren, Hautebrande",,,,,,,,,,,,,,0xFF01FE,3574,0,
14,0,-711.479980469,-515.479980469,26.1100006104,,,"Austrivage, Hautebrande",,,,,,,,,,,,,,0xFF01FE,0,541,
15,0,2253.39990234,-5344.89990234,83.3799972534,,,"Maleterres de l'est",,,,,,,,,,,,,,0xFF01FE,541,0,
16,0,-1240.5300293,-2515.11010742,22.1599998474,,,"Refuge de l'Ornière, Arathi",,,,,,,,,,,,,,0xFF01FE,0,541,
17,0,-916.289978027,-3496.88989258,70.4499969482,,,"Trépas-d'Orgrim, Arathi",,,,,,,,,,,,,,0xFF01FE,2224,0,
18,0,-14444.2900391,509.619995117,26.2000007629,,,"Baie-du-Butin, Strangleronce",,,,,,,,,,,,,,0xFF01FE,2224,0,
19,0,-14473.0498047,464.149993896,36.4300003052,,,"Baie-du-Butin, Strangleronce",,,,,,,,,,,,,,0xFF01FE,0,541,
20,0,-12414.1796875,146.289993286,3.27999997139,,,"Grom'gol, Strangleronce",,,,,,,,,,,,,,0xFF01FE,2224,0,
21,0,-6633.99023438,-2180.05004883,244.13999939,,,"Kargath, Terres ingrates",,,,,,,,,,,,,,0xFF01FE,2224,0,
22,1,-1197.20996094,29.7099990845,176.949996948,,,"Les Pitons du Tonnerre, Mulgore",,,,,,,,,,,,,,0xFF01FE,2224,0,
23,1,1677.58996582,-4315.70996094,61.1699981689,,,"Orgrimmar, Durotar",,,,,,,,,,,,,,0xFF01FE,2224,0,
24,0,-6666.0,-2222.30004883,278.600006104,,,"Générique, cible monde 002",,,,,,,,,,,,,,0xFF01FE,0,0,
25,1,-441.799987793,-2596.08007813,96.0599975586,,,"La Croisée, Tarides",,,,,,,,,,,,,,0xFF01FE,2224,0,
26,1,6341.37988281,557.679992676,16.2900009155,,,"Auberdine, Sombrivage",,,,,,,,,,,,,,0xFF01FE,0,3837,
27,1,8643.58984375,841.049987793,23.2999992371,,,"Rut'theran, Teldrassil",,,,,,,,,,,,,,0xFF01FE,0,3837,
28,1,2827.34008789,-289.239990234,107.160003662,,,"Astranaar, Orneval",,,,,,,,,,,,,,0xFF01FE,0,3837,
29,1,966.570007324,1040.31994629,104.269996643,,,"Retraite de Roche-Soleil, Serres-Rocheuses",,,,,,,,,,,,,,0xFF01FE,2224,0,
30,1,-5407.70996094,-2414.30004883,90.3199996948,,,"Poste de Librevent, Mille Pointes",,,,,,,,,,,,,,0xFF01FE,2224,0,
31,1,-4491.87988281,-775.890014648,-39.5200004578,,,"Thalanaar, Féralas",,,,,,,,,,,,,,0xFF01FE,0,3837,
32,1,-3825.37011719,-4516.58007813,10.4399995804,,,"Theramore, marécage d'Âprefange",,,,,,,,,,,,,,0xFF01FE,0,541,
33,1,2681.12988281,1461.68005371,232.880004883,,,"Pic des Serres-Rocheuses, Serres-Rocheuses",,,,,,,,,,,,,,0xFF01FE,0,3837,
34,1,-1965.17004395,-5824.29003906,-1.05999994278,,,"Transport, Baie-du-Butin",,,,,,,,,,,,,,0xFF01FE,0,0,
35,1,1320.06994629,-4649.20019531,21.5699996948,,,"Transport, Orgrimmar",,,,,,,,,,,,,,0xFF01FE,0,0,
36,0,-8644.62011719,433.279998779,59.4599990845,,,"Générique, cible monde 001",,,,,,,,,,,,,,0xFF01FE,15665,0,
37,1,139.240005493,1325.81994629,193.5,,,"Combe de Nijel, Désolace",,,,,,,,,,,,,,0xFF01FE,0,3837,
38,1,-1767.64001465,3263.88989258,4.94000005722,,,"Proie-de-l'Ombre, Désolace",,,,,,,,,,,,,,0xFF01FE,2224,0,
39,1,-7223.97021484,-3734.59008789,8.39000034332,,,"Gadgetzan, Tanaris",,,,,,,,,,,,,,0xFF01FE,0,541,
40,1,-7048.89013672,-3780.36010742,10.1899995804,,,"Gadgetzan, Tanaris",,,,,,,,,,,,,,0xFF01FE,2224,0,
41,1,-4373.79980469,3338.64990234,12.2700004578,,,"Pennelune, Féralas",,,,,,,,,,,,,,0xFF01FE,0,3837,
42,1,-4419.85986328,199.309997559,25.0599994659,,,"Camp Mojache, Féralas",,,,,,,,,,,,,,0xFF01FE,2224,0,
43,0,283.739990234,-2002.76000977,194.740005493,,,"Nid-de-l'Aigle, les Hinterlands",,,,,,,,,,,,,,0xFF01FE,0,541,
44,1,3661.52001953,-4390.37988281,113.050003052,,,"Valormok, Azshara",,,,,,,,,,,,,,0xFF01FE,2224,0,
45,0,-11112.25,-3435.73999023,79.0899963379,,,"Rempart-du-Néant, Terres foudroyées",,,,,,,,,,,,,,0xFF01FE,0,541,
46,0,-986.429992676,-547.859985352,-3.8599998951,,,"Transport, Austrivage",,,,,,,,,,,,,,0xFF01FE,0,0,
47,0,-12418.7695313,235.429992676,1.12000000477,,,"Transport, Grom'gol",,,,,,,,,,,,,,0xFF01FE,0,0,
48,1,5068.39990234,-337.220001221,367.410003662,,,"Poste de la Vénéneuse, Gangrebois",,,,,,,,,,,,,,0xFF01FE,2224,0,
49,1,7458.45019531,-2487.20996094,462.329986572,,,"Reflet-de-Lune",,,,,,,,,,,,,,0xFF01FE,0,3837,
50,0,0.0,0.0,0.0,,,"Transport, port de Menethil",,,,,,,,,,,,,,0xFF01FE,0,0,
51,0,0.0,0.0,0.0,,,"Transport, Auberdine",,,,,,,,,,,,,,0xFF01FE,0,0,
52,1,6796.79980469,-4742.39013672,701.5,,,"Long-guet, Berceau-de-l'Hiver",,,,,,,,,,,,,,0xFF01FE,0,3837,
53,1,6813.06005859,-4611.12011719,710.66998291,,,"Long-guet, Berceau-de-l'Hiver",,,,,,,,,,,,,,0xFF01FE,2224,0,
54,1,-4203.87011719,3284.0,-12.8599996567,,,"Transport, Pennelune",,,,,,,,,,,,,,0xFF01FE,0,0,
55,1,-3147.38989258,-2842.17993164,34.6100006104,,,"Mur-de-Fougères, marécage d'Âprefange",,,,,,,,,,,,,,0xFF01FE,2224,0,
56,0,-10456.9697266,-3279.25,21.3500003815,,,"Pierrêche, marais des Chagrins",,,,,,,,,,,,,,0xFF01FE,2224,0,
57,1,8701.50976563,991.369995117,14.2100000381,,,"Village de pêcheurs, Teldrassil",,,,,,,,,,,,,,0xFF01FE,0,3837,
58,1,3374.70996094,996.969970703,5.19000005722,,,"Avant-poste de Zoram'gar, Orneval",,,,,,,,,,,,,,0xFF01FE,2224,0,
59,30,574.210021973,-46.6500015259,37.6100006104,,,"Dun Baldar, vallée d'Alterac",,,,,,,,,,,,,,0xFF01FE,0,541,
60,30,-1335.43994141,-319.690002441,90.6600036621,,,"Donjon Loup-de-givre, vallée d'Alterac",,,,,,,,,,,,,,0xFF01FE,3574,0,
61,1,2302.38989258,-2524.55004883,104.400001526,,,"Poste de Bois-brisé, Orneval",,,,,,,,,,,,,,0xFF01FE,2224,0,
62,1,7793.60986328,-2403.4699707,489.320007324,,,"Havrenuit, Reflet-de-Lune",,,,,,,,,,,,,,0xFF01FE,0,3837,
63,1,7787.72021484,-2404.10009766,489.559997559,,,"Havrenuit, Reflet-de-Lune",,,,,,,,,,,,,,0xFF01FE,2224,0,
64,1,2721.98999023,-3880.63989258,100.870002747,,,"Halte de Talrendis, Azshara",,,,,,,,,,,,,,0xFF01FE,0,3837,
65,1,6205.87988281,-1949.63000488,571.289978027,,,"Clairière de Griffebranche, Gangrebois",,,,,,,,,,,,,,0xFF01FE,0,3837,
66,0,931.320007324,-1430.10998535,64.6699981689,,,"Camp du Noroît, Maleterres de l'ouest",,,,,,,,,,,,,,0xFF01FE,0,541,
67,0,2271.09008789,-5340.79980469,87.1100006104,,,"Chapelle de l'Espoir de Lumière, Maleterres de l'est",,,,,,,,,,,,,,0xFF01FE,0,541,
68,0,2327.40991211,-5286.89013672,81.7799987793,,,"Chapelle de l'Espoir de Lumière, Maleterres de l'est",,,,,,,,,,,,,,0xFF01FE,3574,0,
69,1,7470.39013672,-2123.37988281,492.339996338,,,"Reflet-de-Lune",,,,,,,,,,,,,,0xFF01FE,2224,0,
70,0,-7504.02978516,-2187.54003906,165.529998779,,,"Corniche des flammes, Steppes ardentes",,,,,,,,,,,,,,0xFF01FE,2224,0,
71,0,-8364.61035156,-2738.35009766,185.460006714,,,"Veille de Morgan, Steppes ardentes",,,,,,,,,,,,,,0xFF01FE,0,541,
72,1,-6811.39013672,836.739990234,49.8100013733,,,"Fort cénarien, Silithus",,,,,,,,,,,,,,0xFF01FE,2224,0,
73,1,-6761.83007813,772.030029297,88.9100036621,,,"Fort cénarien, Silithus",,,,,,,,,,,,,,0xFF01FE,0,3837,
74,0,-6552.58984375,-1168.27001953,309.309997559,,,"Halte du Thorium, gorge des Vents brûlants",,,,,,,,,,,,,,0xFF01FE,0,541,
75,0,-6554.93017578,-1100.05004883,309.570007324,,,"Halte du Thorium, gorge des Vents brûlants",,,,,,,,,,,,,,0xFF01FE,2224,0,
76,0,-635.260009766,-4720.5,5.38000011444,,,"Village des Vengebroches, les Hinterlands",,,,,,,,,,,,,,0xFF01FE,2224,0,
77,1,-2380.66992188,-1882.67004395,95.8499984741,,,"Camp Taurajo, les Tarides",,,,,,,,,,,,,,0xFF01FE,2224,0,
78,0,3133.31005859,-3399.92993164,139.529998779,,,"Naxxramas",,,,,,,,,,,,,,0xFF01FE,0,0,
79,1,-6113.81982422,-1142.69995117,-187.630004883,,,"Refuge des Marshal, cratère d'Un'Goro",,,,,,,,,,,,,,0xFF01FE,2224,541,
80,1,-894.590026855,-3773.01000977,11.4799995422,,,"Cabestan, les Tarides",,,,,,,,,,,,,,0xFF01FE,2224,541,
81,131074,0.0,0.0,0.0,,,"Enregistrement",,,,,,,,,,,,,,0xFF01FE,0,0,
82,530,9375.24023438,-7165.89013672,9.02999973297,,,"Lune-d'argent",,,,,,,,,,,,,,0xFF01FE,19917,0,
83,530,7594.47021484,-6784.29003906,86.4599990845,,,"Tranquillien, Terres fantômes",,,,,,,,,,,,,,0xFF01FE,19917,0,
84,0,2998.70996094,-3050.10009766,117.190002441,,,"Tour de Pestebois, Maleterres de l'est",,,,,,,,,,,,,,0xFF01FE,32942,32942,
85,0,3109.31005859,-4285.12988281,109.449996948,,,"Tour du Col du nord, Maleterres de l'est",,,,,,,,,,,,,,0xFF01FE,3574,541,
86,0,2499.22998047,-4742.85009766,93.5,,,"Tour du Mur d'est, Maleterres de l'est",,,,,,,,,,,,,,0xFF01FE,3574,541,
87,0,1857.56005859,-3658.4699707,143.729995728,,,"Tour de garde de la couronne, Maleterres de l'est",,,,,,,,,,,,,,0xFF01FE,3574,541,
88,530,-4284.00976563,-11194.7402344,13.0100002289,,,"Transport, Exodar",,,,,,,,,,,,,,0xFF01FE,0,0,
89,0,0.0,0.0,0.0,,,"Transport, Theramore",,,,,,,,,,,,,,0xFF01FE,0,0,
90,9770568,0.0,0.0,0.0,,,"Transport, Fossoyeuse",,,,,,,,,,,,,,0xFF01FE,0,0,
91,530,-3996.01000977,-11892.9697266,0.219999998808,,,"Quête - chaman Brume-azur cible",,,,,,,,,,,,,,0xFF01FE,0,0,
92,530,-3679.31005859,-11413.0400391,310.570007324,,,"Quête - chaman Brume-azur début",,,,,,,,,,,,,,0xFF01FE,0,0,
93,530,-1933.27001953,-11954.6103516,57.1899986267,,,"Guet du sang, île de Brume-sang",,,,,,,,,,,,,,0xFF01FE,0,3837,
94,530,-4054.88989258,-11793.3496094,9.05000019073,,,"L'Exodar",,,,,,,,,,,,,,0xFF01FE,0,3837,
95,530,-146.289993286,5532.56005859,30.8899993896,,,"Marécage de Zangar - Quête - A vol d'oiseau",,,,,,,,,,,,,,0xFF01FE,17972,0,
96,530,-145.229995728,5533.02978516,30.9500007629,,,"Marécage de Zangar - Quête - A vol d'oiseau - fin",,,,,,,,,,,,,,0xFF01FE,0,0,
97,530,-3968.37011719,-11929.1503906,-1.22000002861,,,"Quête - Chemin de l'elekk vers Kessel",,,,,,,,,,,,,,0xFF01FE,0,18167,
98,530,-2662.30004883,-12144.5996094,16.9099998474,,,"Quête - Elekk vers la cible de Kessel",,,,,,,,,,,,,,0xFF01FE,0,0,
99,530,228.5,2633.57006836,87.6699981689,,,"Thrallmar, péninsule des Flammes infernales",,,,,,,,,,,,,,0xFF01FE,2224,0,
100,530,-673.41998291,2717.27001953,94.1800003052,,,"Bastion de l'Honneur, péninsule des Flammes infernales",,,,,,,,,,,,,,0xFF01FE,0,541,
101,530,199.160003662,4241.56005859,121.75,,,"Temple de Telhamat, péninsule des Flammes infernales",,,,,,,,,,,,,,0xFF01FE,0,3837,
102,530,-587.409973145,4101.00976563,91.3700027466,,,"Guet de l'épervier, péninsule des Flammes infernales",,,,,,,,,,,,,,0xFF01FE,2224,0,
103,530,-1810.16003418,8032.10986328,-25.9500007629,,,"Nagrand - JcJ - Trajet offensif Départ 1",,,,,,,,,,,,,,0xFF01FE,18345,18345,
104,530,-1824.18005371,8049.29003906,-26.8500003815,,,"Nagrand - JcJ - Trajet offensif Arrivée 1",,,,,,,,,,,,,,0xFF01FE,13161,13161,
105,530,-1513.40002441,8140.93017578,-19.6000003815,,,"Nagrand - JcJ - Trajet offensif Départ 2",,,,,,,,,,,,,,0xFF01FE,18345,18345,
106,530,-1511.26000977,8149.70996094,-18.5799999237,,,"Nagrand - JcJ - Trajet offensif Arrivée 2",,,,,,,,,,,,,,0xFF01FE,541,541,
107,530,-1387.06994629,7782.41015625,-11.470000267,,,"Nagrand - JcJ - Trajet offensif Départ 3",,,,,,,,,,,,,,0xFF01FE,18345,18345,
108,530,-1376.7199707,7771.16992187,-10.0799999237,,,"Nagrand - JcJ - Trajet offensif Arrivée 3",,,,,,,,,,,,,,0xFF01FE,541,541,
109,530,-1656.59997559,7724.91015625,-15.5900001526,,,"Nagrand - JcJ - Trajet offensif Départ 4",,,,,,,,,,,,,,0xFF01FE,18345,18345,
110,530,-1658.90002441,7724.70996094,-15.7899999619,,,"Nagrand - JcJ - Trajet offensif Arrivée 4",,,,,,,,,,,,,,0xFF01FE,541,541,
111,530,9335.83007813,-7883.06982422,74.9100036621,,,"Téléporteur Chants éternels - Ternesoir",,,,,,,,,,,,,,0xFF01FE,18392,18392,
112,530,9335.66992188,-7809.70996094,136.570007324,,,"Arrivée du téléporteur Chants éternels - Ternesoir",,,,,,,,,,,,,,0xFF01FE,17972,17972,
113,530,-1544.35998535,8792.0703125,35.2200012207,,,"Quête - Néanstradamus départ",,,,,,,,,,,,,,0xFF01FE,18543,18543,
114,530,-1544.35998535,8792.08984375,35.2200012207,,,"Quête - Néanstradamus arrivée cible",,,,,,,,,,,,,,0xFF01FE,0,0,
115,560,2384.72998047,1169.38000488,66.8600006104,,,"Quête - Grottes du temps - VH - Début",,,,,,,,,,,,,,0xFF01FE,18768,18768,
116,560,2014.65002441,239.649993896,68.5199966431,,,"Quête - Grottes du temps - VH - Fin",,,,,,,,,,,,,,0xFF01FE,0,0,
117,530,213.75,6063.75,148.309997559,,,"Telredor, marécage de Zangar",,,,,,,,,,,,,,0xFF01FE,0,3837,
118,530,219.449996948,7816.0,22.7199993134,,,"Zabra'jin, marécage de Zangar",,,,,,,,,,,,,,0xFF01FE,2224,2224,
119,530,-2729.0,7305.29980469,88.6399993896,,,"Telaar, Nagrand",,,,,,,,,,,,,,0xFF01FE,0,3837,
120,530,-1261.08996582,7133.39013672,57.3400001526,,,"Garadar, Nagrand",,,,,,,,,,,,,,0xFF01FE,2224,0,
121,530,-2987.23999023,3872.7800293,9.13000011444,,,"Bastion allérien, forêt de Terokkar",,,,,,,,,,,,,,0xFF01FE,0,541,
122,530,3082.31005859,3596.11010742,144.020004272,,,"Zone 52, Raz-de-Néant",,,,,,,,,,,,,,0xFF01FE,2224,541,
123,530,-3018.62011719,2557.09008789,79.0899963379,,,"Village d'Ombrelune, vallée d'Ombrelune",,,,,,,,,,,,,,0xFF01FE,2224,0,
124,530,-3982.07006836,2156.4699707,105.150001526,,,"Bastion Marteau-hardi, vallée d'Ombrelune",,,,,,,,,,,,,,0xFF01FE,0,541,
125,530,2183.64990234,6794.45996094,183.279998779,,,"Sylvanaar, les Tranchantes",,,,,,,,,,,,,,0xFF01FE,0,3837,
126,530,2446.37011719,6020.93017578,154.339996338,,,"Bastion des Sire-tonnerre, les Tranchantes",,,,,,,,,,,,,,0xFF01FE,2224,0,
127,530,-2567.33007813,4423.83007813,39.3300018311,,,"Fort des Brise-pierres, forêt de Terokkar",,,,,,,,,,,,,,0xFF01FE,2224,0,
128,530,-1837.22998047,5301.89990234,-12.4300003052,,,"Shattrath, forêt de Terokkar",,,,,,,,,,,,,,0xFF01FE,2224,541,
129,530,-327.350006104,1020.48999023,54.25,,,"Péninsule des Flammes infernales, Porte des ténèbres, Alliance",,,,,,,,,,,,,,0xFF01FE,0,541,
130,530,-178.089996338,1026.7199707,54.1899986267,,,"Péninsule des Flammes infernales, Porte des ténèbres, Horde",,,,,,,,,,,,,,0xFF01FE,2224,0,
131,530,-25.5100002289,2133.44995117,112.599998474,,,"Quête - Péninsule des Fl. infernales (Horde), début",,,,,,,,,,,,,,0xFF01FE,19275,18376,
132,530,-25.6000003815,2133.39990234,112.580001831,,,"Quête - Péninsule des Fl. infernales (Horde), fin",,,,,,,,,,,,,,0xFF01FE,19275,0,
133,530,-673.729980469,1855.29003906,68.9700012207,,,"Quête - Péninsule des Fl. infernales (route de l'Alliance), début",,,,,,,,,,,,,,0xFF01FE,19324,19324,
134,530,-673.75,1855.31994629,68.9599990845,,,"Quête - Péninsule des Fl. infernales (Alliance), fin",,,,,,,,,,,,,,0xFF01FE,19324,19324,
135,530,-27.6499996185,2126.57006836,111.849998474,,,"Quête - Fl. infernales, mission aérienne (Horde) début",,,,,,,,,,,,,,0xFF01FE,19275,19324,
136,530,-27.5200004578,2126.5,111.879997253,,,"Quête - Fl. infernales, mission aérienne (Alliance) fin",,,,,,,,,,,,,,0xFF01FE,19275,19324,
137,530,298.5,1501.26000977,-14.279999733,,,"Quête - Fl. infernales, mission aérienne (Alliance) début",,,,,,,,,,,,,,0xFF01FE,19275,19324,
138,530,298.589996338,1501.13000488,-14.25,,,"Quête - Fl. infernales, mission aérienne (Alliance) fin",,,,,,,,,,,,,,0xFF01FE,19275,19324,
139,530,4157.58007813,2959.68994141,352.079986572,,,"La Foudreflèche, Raz-de-Néant",,,,,,,,,,,,,,0xFF01FE,2224,541,
140,530,-3065.60009766,749.41998291,-10.1000003815,,,"Autel de Sha'tar, vallée d'Ombrelune",,,,,,,,,,,,,,0xFF01FE,2224,541,
141,530,-1316.83996582,2358.62011719,88.9599990845,,,"Crête Brise-échine, péninsule des Flammes infernales",,,,,,,,,,,,,,0xFF01FE,2224,0,
142,530,-29.1599998474,2125.7199707,111.470001221,,,"Péninsule des Flammes infernales - Trépas du saccageur",,,,,,,,,,,,,,0xFF01FE,2224,0,
143,1,-8360.73046875,-4327.72998047,-208.330001831,,,"Quête - Grottes du temps (Trajet aérien d'introduction) (fin)",,,,,,,,,,,,,,0xFF01FE,16081,16081,
144,1,-8162.00976562,-4796.22998047,35.7799987793,,,"Quête - Grottes du temps (Trajet aérien d'introduction) (début)",,,,,,,,,,,,,,0xFF01FE,18768,18768,
145,530,3079.01000977,3599.08007813,144.070007324,,,"Quête - Raz-de-Néant - Vol camouflé - Début",,,,,,,,,,,,,,0xFF01FE,2224,0,
146,530,2235.34008789,2793.77001953,128.029998779,,,"Quête - Raz-de-Néant - Vol camouflé - Fin",,,,,,,,,,,,,,0xFF01FE,0,0,
147,530,509.170013428,1988.68994141,109.620002747,,,"Péninsule des Flammes infernales, Tête de pont du Camp Force",,,,,,,,,,,,,,0xFF01FE,0,19324,
148,530,298.459991455,1501.18005371,-14.279999733,,,"Halte du Fracas, péninsule des Flammes infernales (Débarquement)",,,,,,,,,,,,,,0xFF01FE,0,19324,
149,530,276.200012207,1486.91003418,-15.1000003815,,,"Halte du Fracas, péninsule des Flammes infernales",,,,,,,,,,,,,,0xFF01FE,0,541,
150,530,2974.94995117,1848.23999023,141.279998779,,,"Cosmovrille, Raz-de-Néant",,,,,,,,,,,,,,0xFF01FE,2224,541,
151,530,91.6699981689,5214.91992188,23.1000003815,,,"Poste du Rat des marais, marécage de Zangar",,,,,,,,,,,,,,0xFF01FE,2224,0,
152,530,4262.39013672,2136.91992188,139.440002441,,,"Quête - Raz-de-Néant - Manaforge Ultris (départ)",,,,,,,,,,,,,,0xFF01FE,20903,20903,
153,530,4266.70019531,2133.37988281,138.820007324,,,"Quête - Raz-de-Néant - Manaforge Ultris (arrivée)",,,,,,,,,,,,,,0xFF01FE,20903,20903,
154,0,20047.8808594,5200.68994141,19742.7792969,,,"Quête - Raz-de-Néant - Manaforge Ultris (seconde passe) départ",,,,,,,,,,,,,,0xFF01FE,20903,20903,
155,530,4267.14013672,2133.0300293,138.770004272,,,"Quête - Raz-de-Néant - Manaforge Ultris (seconde passe) arrivée",,,,,,,,,,,,,,0xFF01FE,0,0,
156,530,1857.34997559,5531.87011719,277.010009766,,,"Poste de Toshley, les Tranchantes",,,,,,,,,,,,,,0xFF01FE,0,541,
157,530,2277.73999023,5983.35009766,142.600006104,,,"Quête - Tranchantes - Guide de vision - début",,,,,,,,,,,,,,0xFF01FE,21396,0,
158,530,2278.56005859,5983.70996094,142.570007324,,,"Quête - Tranchantes - Guide de vision - fin",,,,,,,,,,,,,,0xFF01FE,0,0,
159,530,-4073.16992188,1123.60998535,42.4700012207,,,"Sanctum des étoiles, vallée d'Ombrelune",,,,,,,,,,,,,,0xFF01FE,2224,541,
160,530,2976.01000977,5501.12988281,143.669998169,,,"Bosquet éternel, les Tranchantes",,,,,,,,,,,,,,0xFF01FE,2224,541,
161,654135852,0.0,0.0,0.0,,,"Quête - Allié dragon du Néant - début",,,,,,,,,,,,,,0xFF01FE,22360,22360,
162,530,-4100.27001953,950.380004883,22.1100006104,,,"Quête - Allié dragon du Néant - fin",,,,,,,,,,,,,,0xFF01FE,0,0,
163,530,2028.79003906,4705.27001953,150.509994507,,,"Mok'Nathal, les Tranchantes",,,,,,,,,,,,,,0xFF01FE,2224,0,
164,530,966.66998291,7399.16015625,29.1399993896,,,"Havre d'Orebor, marécage de Zangar",,,,,,,,,,,,,,0xFF01FE,3837,3837,
165,3,0.0,0.0,0.0,,,"Transport, Norfendre 2",,,,,,,,,,,,,,0xFF01FE,0,0,
166,1,3978.73999023,-1316.42004395,250.11000061,,,"Sanctuaire d'émeraude, Gangrebois",,,,,,,,,,,,,,0xFF01FE,2224,3837,
167,1,3000.25,-3202.40991211,189.770004272,,,"Chant des forêts, Orneval",,,,,,,,,,,,,,0xFF01FE,0,3837,
168,0,-9441.1796875,65.0500030518,56.1800003052,,,"On filme",,,,,,,,,,,,,,0xFF01FE,0,3837,
169,530,-5224.52978516,631.849975586,48.3600006104,,,"Quête - Escarpement de l'Aile-du-Néant - Trajet en chariot de mine - Sud - Départ",,,,,,,,,,,,,,0xFF01FE,23372,23372,
170,530,-5185.70996094,172.949996948,-11.5699996948,,,"Quête - Escarpement de l'Aile-du-Néant - Trajet en chariot de mine - Sud - Fin",,,,,,,,,,,,,,0xFF01FE,23289,23289,
171,530,-3364.67993164,3650.17993164,284.779998779,,,"Skettis",,,,,,,,,,,,,,0xFF01FE,23422,23422,
172,530,2531.10009766,7322.08984375,373.640014648,,,"Ogri'La",,,,,,,,,,,,,,0xFF01FE,23422,23422,
173,530,-5141.35986328,620.109985352,82.6999969482,,,"Quête - Vol de Yarzill départ",,,,,,,,,,,,,,0xFF01FE,23468,23468,
174,530,-1636.08996582,5275.87011719,-41.0999984741,,,"Quête - Vol de Yarzill arrivée",,,,,,,,,,,,,,0xFF01FE,0,0,
175,571,784.890014648,-5066.18017578,-7.88000011444,,,"Transport, fjord Hurlant",,,,,,,,,,,,,,0xFF01FE,0,0,
176,571,245.36000061,-3309.19995117,0.910000026226,,,"Quête - Canoë tauren fjord Hurlant (départ)",,,,,,,,,,,,,,0xFF01FE,23518,23518,
177,571,-147.470001221,-3587.36010742,0.340000003576,,,"Quête - Canoë tauren fjord Hurlant (fin)",,,,,,,,,,,,,,0xFF01FE,23518,23518,
178,3,0.0,0.0,0.0,,,"Transport, toundra Boréenne",,,,,,,,,,,,,,0xFF01FE,0,0,
179,1,-4566.22998047,-3226.05004883,34.7000007629,,,"Bourbe-à-brac, marécage d'Âprefange",,,,,,,,,,,,,,0xFF01FE,2224,541,
180,1,-3822.65991211,-4511.33007813,10.8400001526,,,"Quête - Âprefange - Obs. d'Alcaz (début)",,,,,,,,,,,,,,0xFF01FE,0,541,
181,1,-3822.70996094,-4509.64990234,10.9799995422,,,"Quête - Âprefange - Obs. d'Alcaz (fin)",,,,,,,,,,,,,,0xFF01FE,0,541,
182,571,1415.89001465,-3082.48999023,121.910003662,,,"Quête - fjord Hurlant - Briser le blocus, zeppelin",,,,,,,,,,,,,,0xFF01FE,0,0,
183,571,567.409973145,-5010.97021484,11.5,,,"Port-Valgarde",,,,,,,,,,,,,,0xFF01FE,0,541,
184,571,2468.77001953,-5029.81982422,283.489990234,,,"Fort Hardivar, fjord Hurlant",,,,,,,,,,,,,,0xFF01FE,0,541,
185,571,1342.83996582,-3287.89990234,174.449996948,,,"Donjon de la Garde de l'ouest, fjord Hurlant",,,,,,,,,,,,,,0xFF01FE,0,541,
186,571,1911.81994629,-6179.06982422,24.6100006104,,,"Quête - fjord Hurlant - Voler au Coursevent - début",,,,,,,,,,,,,,0xFF01FE,3574,0,
187,571,1652.82995605,-6512.10986328,18.4799995422,,,"Quête - fjord Hurlant - Voler au Coursevent - fin",,,,,,,,,,,,,,0xFF01FE,3574,0,
188,571,1912.7800293,-6178.81005859,24.6399993896,,,"Quête - fjord Hurlant - Essai en mer - début",,,,,,,,,,,,,,0xFF01FE,3574,0,
189,571,1913.90002441,-6177.87011719,24.6200008392,,,"Quête - fjord Hurlant - Essai en mer - fin",,,,,,,,,,,,,,0xFF01FE,0,0,
190,571,401.119995117,-4544.29980469,244.539993286,,,"Nouvelle-Agamand, fjord Hurlant",,,,,,,,,,,,,,0xFF01FE,3574,0,
191,571,1918.59997559,-6175.89013672,24.4099998474,,,"Accostage de la Vengeance, fjord Hurlant",,,,,,,,,,,,,,0xFF01FE,3574,0,
192,571,2652.88989258,-4392.70996094,283.320007324,,,"Camp Sabot-d'hiver, fjord Hurlant",,,,,,,,,,,,,,0xFF01FE,2224,0,
193,571,1341.43994141,-3288.57006836,174.449996948,,,"Quête - fjord Hurlant - Mission : empeste-moi ça ! - fin",,,,,,,,,,,,,,0xFF01FE,0,541,
194,571,1341.07995605,-3288.37011719,174.449996948,,,"Quête - fjord Hurlant - Mission : empeste-moi ça ! - début",,,,,,,,,,,,,,0xFF01FE,0,541,
195,0,-11343.9697266,-216.830001831,75.2200012207,,,"Camp rebelle, vallée de Strangleronce",,,,,,,,,,,,,,0xFF01FE,0,541,
196,451,9283.09960938,-9749.80957031,62.1599998474,,,"Test - SP",,,,,,,,,,,,,,0xFF01FE,12374,541,
197,0,-9148.62011719,243.039993286,87.3899993896,,,"Test SP2",,,,,,,,,,,,,,0xFF01FE,0,0,
198,451,9405.83007813,-9882.69042969,0.0,,,"Test SP1",,,,,,,,,,,,,,0xFF01FE,24489,541,
199,571,638.340026855,-5074.56982422,-0.230000004172,,,"Quête - fjord Hurlant - McGoyver - début",,,,,,,,,,,,,,0xFF01FE,24716,24716,
200,571,483.920013428,-5913.10009766,308.609985352,,,"Quête - fjord Hurlant - McGoyver - fin",,,,,,,,,,,,,,0xFF01FE,24716,24716,
201,451,15992.4404297,-16371.9404297,76.7300033569,,,"Terrain en développement - Kyle Radue départ",,,,,,,,,,,,,,0xFF01FE,23468,23468,
202,451,15991.6796875,-16371.9501953,76.6999969482,,,"Terrain en développement - Kyle Radue fin",,,,,,,,,,,,,,0xFF01FE,0,0,
203,571,3505.30004883,1990.82995605,65.0999984741,,,"Quête - Repos des étoiles -> Garde-hiver",,,,,,,,,,,,,,0xFF01FE,0,27127,
204,12,0.0,0.0,0.0,,,"Quête - Nouvelle-Agamand > Vexevenin",,,,,,,,,,,,,,0xFF01FE,27179,0,
205,530,6789.79003906,-7747.58007813,126.510002136,,,"Zul'Aman, Terres fantômes",,,,,,,,,,,,,,0xFF01FE,3574,541,
206,1,-4348.00976563,2427.29003906,6.63999986649,,,"Transport, Pennelune (bateau EN)",,,,,,,,,,,,,,0xFF01FE,0,0,
207,571,15.3199996948,-4043.79003906,0.10000000149,,,"Quête - fjord Hurlant - Sœur Miséricorde (début)",,,,,,,,,,,,,,0xFF01FE,0,0,
208,571,15.3199996948,-4043.70996094,0.10000000149,,,"Quête - fjord Hurlant - Sœur Miséricorde (fin)",,,,,,,,,,,,,,0xFF01FE,0,0,
209,530,13008.3798828,-6911.81005859,9.57999992371,,,"Quête - Puits de soleil journalière - Bombarder la Malebrèche - Départ",,,,,,,,,,,,,,0xFF01FE,25044,0,
210,530,13008.5097656,-6912.20019531,9.57999992371,,,"Quête - Puits de soleil journalière - Bombarder la Malebrèche - Arrivée",,,,,,,,,,,,,,0xFF01FE,25044,0,
211,530,13007.5,-6911.81005859,9.57999992371,,,"Quête - Puits de soleil journalière - Bombardement de navire - Départ",,,,,,,,,,,,,,0xFF01FE,25044,0,
212,530,13188.0400391,-7047.04003906,4.78999996185,,,"Quête - Puits de soleil journalière - Bombardement de navire - Arrivée",,,,,,,,,,,,,,0xFF01FE,25044,0,
213,530,13012.7001953,-6908.37011719,9.57999992371,,,"Zone de rassemblement du Soleil brisé",,,,,,,,,,,,,,0xFF01FE,19917,28361,
214,0,0.0,0.0,0.0,,,"Quête - fjord Hurlant - Naglfar (début)",,,,,,,,,,,,,,0xFF01FE,0,0,
215,0,0.0,0.0,0.0,,,"Quête - fjord Hurlant - Naglfar (escales)",,,,,,,,,,,,,,0xFF01FE,0,0,
216,0,0.0,0.0,0.0,,,"",,,,,,,,,,,,,,0xFF01FC,0,0,
217,0,0.0,0.0,0.0,,,"",,,,,,,,,,,,,,0xFF01FC,0,0,
218,571,690.989990234,-3819.60009766,249.059997559,,,"Transport, fjord Hurlant (nacelle, en haut)",,,,,,,,,,,,,,0xFF01FE,0,0,
219,571,607.960021973,-2906.16992188,38.5400009155,,,"Transport, fjord Hurlant (nacelle, en bas)",,,,,,,,,,,,,,0xFF01FE,0,0,
220,530,3051.76000977,3690.40991211,142.630004883,,,"",,,,,,,,,,,,,,0xFF01FC,5403,0,
221,571,3465.65991211,5901.75976563,144.169998169,,,"Escarpement d'Ambre, toundra (vers Béryl)",,,,,,,,,,,,,,0xFF01FE,26088,0,
222,571,3213.73999023,6084.72021484,138.0,,,"Pointe de Béryl, toundra Boréenne",,,,,,,,,,,,,,0xFF01FE,25695,0,
223,0,0.0,0.0,0.0,,,"Quête - Naglevar",,,,,,,,,,,,,,0xFF01FE,0,0,
224,0,0.0,0.0,0.0,,,"Toundra Boréenne, Naglevar",,,,,,,,,,,,,,0xFF01FE,0,0,
225,571,3574.06005859,5971.04003906,136.11000061,,,"Escarpement d'Ambre, toundra (vers Frimarra)",,,,,,,,,,,,,,0xFF01FE,25695,0,
226,571,3575.43994141,6661.64013672,195.190002441,,,"Bouclier Transitus, Frimarra",,,,,,,,,,,,,,0xFF01FE,26899,26899,
227,451,16625.6308594,16862.9003906,46.9799995422,,,"Transport, PattyMacDevTest",,,,,,,,,,,,,,0xFF01FE,28901,25968,
228,0,0.0,0.0,0.0,,,"Terrain en développement - test de Pat début",,,,,,,,,,,,,,0xFF01FE,0,0,
229,0,0.0,0.0,0.0,,,"Terrain en développement - test de Pat fin",,,,,,,,,,,,,,0xFF01FE,0,0,
230,571,2690.26000977,889.809997559,4.61000013351,,,"Transport, Rohart 01",,,,,,,,,,,,,,0xFF01FE,0,0,
231,571,2690.33007812,897.630004883,4.61999988556,,,"Transport, Rohart 02",,,,,,,,,,,,,,0xFF01FE,0,0,
232,571,2774.68994141,6258.14013672,83.6800003052,,,"Toundra Boréenne, bastion Chanteguerre Arrivée du loup",,,,,,,,,,,,,,0xFF01FE,26128,0,
233,571,3443.52001953,4103.95019531,16.0100002289,,,"Toundra Boréenne, bastion Chanteguerre Départ du loup",,,,,,,,,,,,,,0xFF01FE,0,0,
234,571,4130.62011719,7372.31005859,534.109985352,,,"Escarpement de Frimarra, Frimarra",,,,,,,,,,,,,,0xFF01FE,26263,0,
235,571,3575.56005859,6651.83984375,195.210006714,,,"Bouclier Transitus, Frimarra (PAS UTILISÉ)",,,,,,,,,,,,,,0xFF01FE,25695,0,
236,571,4026.94995117,7085.54003906,165.539993286,,,"Frimarra, de Keristrasza à Malygos",,,,,,,,,,,,,,0xFF01FE,26263,0,
237,571,3929.39990234,6590.74023437,170.339996338,,,"Frimarra, point d'aterrissage de Keristrasza",,,,,,,,,,,,,,0xFF01FE,0,0,
238,0,0.0,0.0,0.0,,,"",,,,,,,,,,,,,,0xFF01FC,0,0,
239,571,3109.0,3819.54003906,23.2399997711,,,"Toundra Boréenne - quête - pénombre - début",,,,,,,,,,,,,,0xFF01FE,26404,0,
240,571,3614.30004883,3670.12011719,35.7799987793,,,"Toundra Boréenne - quête - pénombre - fin",,,,,,,,,,,,,,0xFF01FE,11195,0,
241,0,0.0,0.0,0.0,,,"Transport, donjon de la Bravoure",,,,,,,,,,,,,,0xFF01FE,0,0,
242,571,2739.72998047,882.369995117,6.63999986649,,,"Quête - Désol. des dragons - vision spirituelle - début",,,,,,,,,,,,,,0xFF01FE,21396,0,
243,571,2738.4699707,882.460021973,6.5,,,"Quête - Désol. des dragons - vision spirituelle - fin",,,,,,,,,,,,,,0xFF01FE,0,0,
244,571,3712.42993164,-694.859985352,215.570007324,,,"Donjon de Garde-hiver, Désolation des dragons",,,,,,,,,,,,,,0xFF01FE,0,541,
245,571,2269.54003906,5173.68994141,11.1000003815,,,"Donjon de la Bravoure, toundra Boréenne",,,,,,,,,,,,,,0xFF01FE,0,541,
246,571,4127.22998047,5313.06982422,28.6700000763,,,"Piste d'atterrissage de Spumelevier, toundra Boréenne",,,,,,,,,,,,,,0xFF01FE,0,28360,
247,571,3504.12988281,1992.0300293,64.9599990845,,,"Repos des étoiles, Désolation des dragons",,,,,,,,,,,,,,0xFF01FE,0,3837,
248,571,2108.11010742,-2970.62011719,148.580001831,,,"Camp des Apothicaires, fjord Hurlant",,,,,,,,,,,,,,0xFF01FE,3574,0,
249,571,3876.34008789,-4520.08007813,217.320007324,,,"Camp Oneqwah, les Grisonnes",,,,,,,,,,,,,,0xFF01FE,2224,0,
250,571,3258.89990234,-2263.09008789,114.370002747,,,"Bastion de la Conquête, les Grisonnes",,,,,,,,,,,,,,0xFF01FE,2224,0,
251,571,4612.20996094,1406.59997559,195.059997559,,,"Bastion Fordragon, Désolation des dragons",,,,,,,,,,,,,,0xFF01FE,0,541,
252,571,3653.20996094,247.580001831,52.2599983215,,,"Temple du Repos du ver, Désolation des dragons",,,,,,,,,,,,,,0xFF01FE,26899,26899,
253,571,3446.35009766,-2754.10009766,199.399993896,,,"Gîte Ambrepin, les Grisonnes",,,,,,,,,,,,,,0xFF01FE,0,541,
254,571,3242.95996094,-666.159973145,166.789993286,,,"Vexevenin, Désolation des dragons",,,,,,,,,,,,,,0xFF01FE,3574,0,
255,571,4584.97998047,-4254.68994141,182.210006714,,,"Brigade de la marche de l'Ouest, les Grisonnes",,,,,,,,,,,,,,0xFF01FE,0,541,
256,571,3865.87011719,1525.63000488,90.0400009155,,,"Marteau d'Agmar, Désolation des dragons",,,,,,,,,,,,,,0xFF01FE,2224,0,
257,571,2920.29003906,6242.85009766,208.800003052,,,"Bastion Chanteguerre, toundra Boréenne",,,,,,,,,,,,,,0xFF01FE,2224,0,
258,571,3449.51000977,4089.52001953,16.6399993896,,,"Taunka'le, toundra Boréenne",,,,,,,,,,,,,,0xFF01FE,2224,0,
259,571,4474.79003906,5712.12988281,81.2799987793,,,"Avant-poste Bor'gorok, toundra Boréenne",,,,,,,,,,,,,,0xFF01FE,2224,0,
260,571,4946.66992188,1165.93994141,239.570007324,,,"Avant-garde kor'kronne, Désolation des dragons",,,,,,,,,,,,,,0xFF01FE,2224,0,
261,571,3711.31005859,-698.179992676,215.570007324,,,"Quête - Repos des étoiles à l'extrémité de Garde-hiver",,,,,,,,,,,,,,0xFF01FE,0,27127,
262,571,4267.39013672,-3050.92993164,318.160003662,,,"Les Grisonnes, départ de la course de rondin 01 Alliance",,,,,,,,,,,,,,0xFF01FE,29878,0,
263,571,2663.66992188,-2181.44995117,3.43000006676,,,"Les Grisonnes, arrivée de la course de rondin 01 Alliance",,,,,,,,,,,,,,0xFF01FE,0,0,
264,0,0.0,0.0,0.0,,,"Transport, Auberdine (NOUVEAU)",,,,,,,,,,,,,,0xFF01FE,0,0,
265,0,0.0,0.0,0.0,,,"Transport, Theramore (NOUVEAU)",,,,,,,,,,,,,,0xFF01FE,0,0,
266,0,0.0,0.0,0.0,,,"Transport, Menethil (NOUVEAU)",,,,,,,,,,,,,,0xFF01FE,0,0,
267,571,4272.08984375,-3248.26000977,324.929992676,,,"Les Grisonnes, départ de la course de rondin Alliance",,,,,,,,,,,,,,0xFF01FE,29878,0,
268,571,2664.2199707,-2344.62988281,21.7000007629,,,"Les Grisonnes, arrivée de la course de rondin Alliance",,,,,,,,,,,,,,0xFF01FE,0,0,
269,571,1341.67004395,-3288.73999023,174.449996948,,,"Quête - Donjon de la Garde de l'ouest au Donjon de Garde-hiver Départ",,,,,,,,,,,,,,0xFF01FE,0,27491,
270,571,3712.22998047,-693.849975586,215.419998169,,,"Quête - Donjon de la Garde de l'ouest au Donjon de Garde-hiver Arrivée",,,,,,,,,,,,,,0xFF01FE,0,27491,
271,571,4311.25,-2956.61010742,317.309997559,,,"Les Grisonnes, départ de la course de rondin Horde",,,,,,,,,,,,,,0xFF01FE,29879,0,
272,571,2883.75,-1673.70996094,6.48000001907,,,"Les Grisonnes, arrivée de la course de rondin Horde",,,,,,,,,,,,,,0xFF01FE,0,0,
273,571,3547.2199707,381.489990234,52.2599983215,,,"Temple du Repos du ver - bas en haut, Désolation des dragons - Début",,,,,,,,,,,,,,0xFF01FE,26899,26899,
274,571,3590.37988281,277.540008545,340.850006104,,,"Temple du Repos du ver - bas en haut, Désolation des dragons - Fin",,,,,,,,,,,,,,0xFF01FE,0,0,
275,571,3587.64990234,279.209991455,340.829986572,,,"Temple du Repos du ver - haut en bas, Désolation des dragons - Début",,,,,,,,,,,,,,0xFF01FE,26899,26899,
276,571,3511.47998047,373.929992676,52.2599983215,,,"Temple du Repos du ver - haut en bas, Désolation des dragons - Fin",,,,,,,,,,,,,,0xFF01FE,0,0,
277,571,3587.55004883,279.140014648,340.829986572,,,"Temple du Repos du ver - haut au milieu, Désolation des dragons - Début",,,,,,,,,,,,,,0xFF01FE,26899,26899,
278,571,3543.23999023,307.040008545,116.730003357,,,"Temple du Repos du ver - haut au milieu, Désolation des dragons - Fin",,,,,,,,,,,,,,0xFF01FE,0,0,
279,571,3587.04003906,277.140014648,340.820007324,,,"Temple du Repos du ver - milieu en haut, Désolation des dragons - Fin",,,,,,,,,,,,,,0xFF01FE,0,0,
280,571,3545.62011719,273.600006104,116.839996338,,,"Temple du Repos du ver - milieu en haut, Désolation des dragons - Début",,,,,,,,,,,,,,0xFF01FE,26899,26899,
281,571,3512.2199707,373.570007324,52.2599983215,,,"Temple du Repos du ver - milieu en bas, Désolation des dragons - Fin",,,,,,,,,,,,,,0xFF01FE,0,0,
282,571,3545.61010742,273.600006104,116.839996338,,,"Temple du Repos du ver - milieu en bas, Désolation des dragons - Début",,,,,,,,,,,,,,0xFF01FE,26899,26899,
283,571,3543.37011719,307.059997559,116.730003357,,,"Temple du Repos du ver - bas au milieu, Désolation des dragons - Fin",,,,,,,,,,,,,,0xFF01FE,0,0,
284,571,3548.14990234,381.010009766,52.2599983215,,,"Temple du Repos du ver - bas au milieu, Désolation des dragons - Début",,,,,,,,,,,,,,0xFF01FE,26899,26899,
285,0,0.0,0.0,0.0,,,"Quête - Garde-hiver -> Repos des étoiles Départ",,,,,,,,,,,,,,0xFF01FE,0,27764,
286,571,3503.76000977,1990.10998535,65.1200027466,,,"Quête - Garde-hiver -> Repos des étoiles Arrivée",,,,,,,,,,,,,,0xFF01FE,0,0,
287,0,0.0,0.0,0.0,,,"Quête - Valgarde -> Donjon de la Garde de l'ouest Départ",,,,,,,,,,,,,,0xFF01FE,0,27491,
288,571,1341.22998047,-3288.90991211,174.460006714,,,"Quête - Valgarde -> Donjon de la Garde de l'ouest Arrivée",,,,,,,,,,,,,,0xFF01FE,0,0,
289,571,3587.84008789,5973.29980469,136.220001221,,,"Escarpement d'Ambre, toundra Boréenne",,,,,,,,,,,,,,0xFF01FE,26899,26899,
290,571,5450.29980469,-2606.27001953,306.910003662,,,"Séjour d'Argent, Zul'Drak",,,,,,,,,,,,,,0xFF01FE,28172,0,
291,571,5028.68994141,-3020.37988281,292.420013428,,,"Halte 1 de la ville en ruine, Zul'Drak",,,,,,,,,,,,,,0xFF01FE,0,0,
292,0,-8338.36035156,1107.01000977,57.2599983215,,,"Ambiance - Port de Hurlevent - Départ",,,,,,,,,,,,,,0xFF01FE,541,0,
293,0,-8341.08984375,1101.84997559,57.2599983215,,,"Ambiance - Port de Hurlevent - Arrivée",,,,,,,,,,,,,,0xFF01FE,0,0,
294,571,2792.44995117,908.960021973,22.3299999237,,,"Moa'ki, Désolation des dragons",,,,,,,,,,,,,,0xFF01FE,2224,541,
295,571,785.270019531,-2887.70996094,5.88999986649,,,"Kamagua, fjord Hurlant",,,,,,,,,,,,,,0xFF01FE,2224,541,
296,571,2919.18994141,4046.09008789,1.85000002384,,,"Unu'pe, toundra Boréenne",,,,,,,,,,,,,,0xFF01FE,2224,541,
297,571,5557.56982422,5802.04980469,-66.0899963379,,,"Bassin de Sholazar - quête - reconnaissance - début",,,,,,,,,,,,,,0xFF01FE,0,0,
298,571,5505.35009766,4747.79003906,-194.429992676,,,"Bassin de Sholazar - quête - reconnaissance - fin",,,,,,,,,,,,,,0xFF01FE,0,0,
299,0,0.0,0.0,0.0,,,"Transport : Menethil <-> Valgarde",,,,,,,,,,,,,,0xFF01FE,0,0,
300,0,0.0,0.0,0.0,,,"Transport, Hurlevent",,,,,,,,,,,,,,0xFF01FE,0,0,
301,571,4125.50976563,5310.99023438,28.6800003052,,,"Quête - toundra Boréenne - voir Bixie - début",,,,,,,,,,,,,,0xFF01FE,0,28360,
302,571,4171.83007813,4335.62988281,36.2299995422,,,"Quête - toundra Boréenne - voir Bixie - fin",,,,,,,,,,,,,,0xFF01FE,0,0,
303,571,5100.81005859,2185.64990234,365.619995117,,,"Terrain d'atterrissage de la Bravoure, Joug-d'hiver",,,,,,,,,,,,,,0xFF01FE,0,541,
304,571,5521.62988281,-2672.25,303.950012207,,,"Le séjour d'Argent, Zul'Drak",,,,,,,,,,,,,,0xFF01FE,2224,541,
305,571,5218.89990234,-1302.2199707,242.160003662,,,"Guet d'Ébène, Zul'Drak",,,,,,,,,,,,,,0xFF01FE,32981,32981,
306,571,5190.10986328,-2206.45996094,239.399993896,,,"La Brèche de Lumière, Zul'Drak",,,,,,,,,,,,,,0xFF01FE,2224,541,
307,571,5777.39990234,-3594.93994141,386.690002441,,,"Zim'Torga, Zul'Drak",,,,,,,,,,,,,,0xFF01FE,2224,541,
308,571,5506.22998047,4748.10009766,-194.429992676,,,"Le Cœur du fleuve, bassin de Sholazar",,,,,,,,,,,,,,0xFF01FE,28625,28625,
309,571,5596.10009766,5824.37011719,-67.7300033569,,,"Camp de base de Nesingwary, bassin de Sholazar",,,,,,,,,,,,,,0xFF01FE,28625,28625,
310,571,5813.89013672,449.130004883,658.75,,,"Dalaran",,,,,,,,,,,,,,0xFF01FE,2224,541,
311,571,3877.90991211,-4519.58984375,217.289993286,,,"Camp Onequah, les Grisonnes",,,,,,,,,,,,,,0xFF01FE,2224,0,
312,571,5189.66992188,-2206.85009766,239.399993896,,,"La Brèche de Lumière, Zul'Drak (quête)",,,,,,,,,,,,,,0xFF01FE,0,0,
313,571,4584.00976563,-4250.37988281,182.169998169,,,"Brigade de la marche de l'Ouest, les Grisonnes",,,,,,,,,,,,,,0xFF01FE,0,541,
314,571,5779.12988281,-3596.41992188,386.850006104,,,"Zim'Torga, Zul'Drak",,,,,,,,,,,,,,0xFF01FE,3574,0,
315,0,2352.37011719,-5666.91015625,382.239990234,,,"Achérus : le fort d'Ébène",,,,,,,,,,,,,,0xFF01FE,32981,0,
316,0,0.0,0.0,0.0,,,"Fort d'Ébène - Achérus -> Brèche-de-Mort Début",,,,,,,,,,,,,,0xFF01FE,29488,29488,
317,609,2431.0,-5730.20996094,157.940002441,,,"Fort d'Ébène - Achérus -> Brèche-de-Mort Fin",,,,,,,,,,,,,,0xFF01FE,0,0,
318,0,0.0,0.0,0.0,,,"Fort d'Ébène - Brèche-de-Mort -> Achérus Début",,,,,,,,,,,,,,0xFF01FE,29501,29501,
319,609,2356.51000977,-5664.18017578,382.25,,,"Fort d'Ébène - Brèche-de-Mort -> Achérus Fin",,,,,,,,,,,,,,0xFF01FE,0,0,
320,571,6186.75,-1052.91003418,410.200012207,,,"K3, les pics Foudroyés",,,,,,,,,,,,,,0xFF01FE,2224,541,
321,571,6667.04003906,-258.700012207,961.900024414,,,"Fort du Givre, les pics Foudroyés",,,,,,,,,,,,,,0xFF01FE,0,541,
322,571,7308.04003906,-2607.60009766,814.799987793,,,"Dun Nifflelem, les pics Foudroyés",,,,,,,,,,,,,,0xFF01FE,32585,32585,
323,571,7857.29980469,-735.020019531,1177.15002441,,,"Point d'impact de Grom'arsh, les pics Foudroyés",,,,,,,,,,,,,,0xFF01FE,2224,0,
324,571,7793.85009766,-2810.09008789,1217.0300293,,,"Camp Tunka'lo, les pics Foudroyés",,,,,,,,,,,,,,0xFF01FE,2224,0,
325,571,7427.31982422,4224.16015625,314.109985352,,,"Cime de la Mort, Couronne de glace",,,,,,,,,,,,,,0xFF01FE,32981,32981,
326,571,8864.74023438,-1324.32995605,1032.81994629,,,"Ulduar, les pics Foudroyés",,,,,,,,,,,,,,0xFF01FE,2224,541,
327,571,8472.45996094,-335.950012207,906.479980469,,,"Refuge de Rochecombe, les pics Foudroyés",,,,,,,,,,,,,,0xFF01FE,2224,541,
328,571,7501.64990234,1140.2800293,682.229980469,,,"Transport, Vaisseau Couronne de glace (A)",,,,,,,,,,,,,,0xFF01FE,0,0,
329,571,7561.81005859,1724.58996582,683.559997559,,,"Transport, Vaisseau Couronne de glace (H)",,,,,,,,,,,,,,0xFF01FE,0,0,
330,571,7489.64013672,1477.7199707,328.640014648,,,"Transport, Couronne de glace (Cible)",,,,,,,,,,,,,,0xFF01FE,0,0,
331,571,6897.64990234,-4118.22998047,467.350006104,,,"Gundrak, Zul'Drak",,,,,,,,,,,,,,0xFF01FE,2224,541,
332,571,5024.99023438,3685.55004883,362.940002441,,,"Camp chanteguerre, Joug-d'hiver",,,,,,,,,,,,,,0xFF01FE,2224,0,
333,571,8408.08984375,2702.65991211,655.109985352,,,"Le caveau des Ombres, Couronne de glace",,,,,,,,,,,,,,0xFF01FE,32981,0,
334,571,6164.49023437,-61.3100013733,388.179992676,,,"L'avant-garde d'Argent, Couronne de glace",,,,,,,,,,,,,,0xFF01FE,2224,541,
335,571,6402.06005859,467.859985352,511.290008545,,,"Cime des Croisés, Couronne de glace",,,,,,,,,,,,,,0xFF01FE,32586,32586,
336,571,5035.64990234,-519.960021973,225.410003662,,,"Surplomb de Coursevent, forêt du Chant de cristal",,,,,,,,,,,,,,0xFF01FE,0,31315,
337,571,5590.49023438,-693.229980469,206.630004883,,,"Quartier général de Saccage-soleil, forêt du Chant de cristal",,,,,,,,,,,,,,0xFF01FE,34709,0,
340,571,8475.79003906,891.200012207,547.289978027,,,"Enceinte du tournoi d'Argent, Couronne de glace",,,,,,,,,,,,,,0xFF01FE,34709,31315,
341,603,-749.200012207,-99.9899978638,429.679992676,,,"Raid d'Ulduar - Intérieur - Point d'insertion",,,,,,,,,,,,,,0xFF01FE,25968,25968,
342,603,119.959999084,-71.6200027466,409.799987793,,,"Raid d'Ulduar - Corridor de fer",,,,,,,,,,,,,,0xFF01FE,25968,25968,
348,0,0.0,0.0,0.0,,,"Transport : Pitons du Tonnerre <-> Orgrimmar (zeppelin)",,,,,,,,,,,,,,0xFF01FE,0,0,
352,0,0.0,0.0,0.0,,,"Île des Conquérants - Canonnières",,,,,,,,,,,,,,0xFF01FE,0,0,
353,0,0.0,0.0,0.0,,,"",,,,,,,,,,,,,,0xFF01FC,0,0,
357,0,0.0,0.0,0.0,,,"",,,,,,,,,,,,,,0xFF01FC,0,0,
358,571,8498.3203125,1066.31994629,552.190002441,,,"Quête - Couronne de glace - bombardement de kraken dans la mer du Nord - Début",,,,,,,,,,,,,,0xFF01FE,35146,35146,
359,571,8501.53027344,1064.02001953,552.190002441,,,"Quête - Couronne de glace - bombardement de kraken dans la mer du Nord - fin",,,,,,,,,,,,,,0xFF01FE,33857,33857,
375,0,0.0,0.0,0.0,,,"REUSEME",,,,,,,,,,,,,,0xFF01FE,0,0,
376,0,0.0,0.0,0.0,,,"Raid AAA de la Couronne de glace - Trajectoire des taxis Bataille aérienne",,,,,,,,,,,,,,0xFF01FE,0,0,
377,0,0.0,0.0,0.0,,,"Donjon de la couronne de glace - Canonnières",,,,,,,,,,,,,,0xFF01FE,0,0,
379,631,-200.589996338,1437.5300293,-452.269989014,,,"AAAARaid Couronne de glace - Vaisseau de Saurcroc (Fin)",,,,,,,,,,,,,,0xFF01FE,0,0,
380,0,0.0,0.0,0.0,,,"AAAARaid Couronne de glace - Vaisseau de Saurcroc (Début)",,,,,,,,,,,,,,0xFF01FE,0,0,
381,0,0.0,0.0,0.0,,,"AAAAQuête [Transport] Raid Couronne de glace - Vaisseau de Saurcroc (DÉBUT)",,,,,,,,,,,,,,0xFF01FE,0,0,
382,0,0.0,0.0,0.0,,,"Quête [Transport] raid Couronne de glace - Vaisseau de Saurcroc (FIN)",,,,,,,,,,,,,,0xFF01FE,0,0,
383,0,1942.54003906,-2559.17993164,61.1100006104,,,"La Thondroril, Maleterres de l'ouest",,,,,,,,,,,,,,0xFF01FE,2224,541,
384,0,1726.85998535,-740.760009766,59.0299987793,,,"La Barricade, Clairières de Tirisfal",,,,,,,,,,,,,,0xFF01FE,3574,0,
392,0,-5448.5,-665.08001709,392.950012207,,,"Prologue CC - GT - Quête - Radiatios à l'horizon - Début",,,,,,,,,,,,,,0xFF01FE,28625,28625,
393,0,-5447.85009766,-665.590026855,393.160003662,,,"Prologue CC - GT - Quête - Radiatios à l'horizon - Fin",,,,,,,,,,,,,,0xFF01FE,35146,35146,
394,0,-5451.47998047,-667.729980469,393.010009766,,,"Prologue CC - GT - Vol en combat - Début",,,,,,,,,,,,,,0xFF01FE,28625,28625,
395,0,-5434.70996094,523.090026855,388.299987793,,,"Prologue CC - GT - Vol en combat - Fin",,,,,,,,,,,,,,0xFF01FE,0,0,
404,1,-839.640014648,-4985.35009766,14.6499996185,,,"Durotard - ET - Prologue CC Grenouille espionne début",,,,,,,,,,,,,,0xFF01FE,40203,0,
405,1,-838.010009766,-4986.27978516,14.75,,,"Durotard - ET - Prologue CC Grenouille espionne fin",,,,,,,,,,,,,,0xFF01FE,40203,0,
438,1,-838.849975586,-4985.99023438,14.7100000381,,,"Durotar - ET - Prologue CC Taxi troll début",,,,,,,,,,,,,,0xFF01FE,3574,0,
439,1,284.380004883,-4762.35986328,12.5600004196,,,"Durotar - ET - Prologue CC Recrue troll fin",,,,,,,,,,,,,,0xFF01FE,3574,0,
440,1,-848.200012207,-5339.45996094,3.06999993324,,,"Durotar - ET - Prologue CC Bataille troll fin",,,,,,,,,,,,,,0xFF01FE,0,0,
