long,long,long,flags,str,None,None,str,None,None,None,None,None,None,None,None,None,None,None,None,None,flags,None,None,str,None,None,None,None,None,None,None,None,None,None,None,None,None,flags,long,long,str,None,None,str,None,None,None,None,None,None,None,None,None,None,None,None,None,flags,str,long,long,None,
220,0,0,0x40,"Interface\WorldStateFrame\DreadLordIcon",,,"L'ennemi contrôle Fossoyeuse !",,,,,,,,,,,,,,0xFF01FE,,,"Varimathras et le grand apothicaire Putrescin se sont emparés de Fossoyeuse !",,,,,,,,,,,,,,0xFF01FE,3878,0,"",,,"",,,,,,,,,,,,,,0xFF01FC,"",0,0,,
233,0,0,0x80,"Interface\WorldStateFrame\SkullBones",,,"L'ennemi contrôle Fossoyeuse !",,,,,,,,,,,,,,0xFF01FE,,,"Le grand apothicaire Putrescin et Varimathras se sont emparés de Fossoyeuse !",,,,,,,,,,,,,,0xFF01FE,3963,0,"",,,"",,,,,,,,,,,,,,0xFF01FC,"",0,0,,
260,0,0,0x100,"Interface\TargetingFrame\UI-PVP-Alliance",,,"L'opération Gnomeregan est en cours.",,,,,,,,,,,,,,0xFF01FE,,,"L'opération Gnomeregan est en cours.",,,,,,,,,,,,,,0xFF01FE,4981,0,"",,,"",,,,,,,,,,,,,,0xFF01FC,"",0,0,,
264,0,0,0x100,"Interface\TargetingFrame\UI-PVP-Alliance",,,"Les gnomes contrôlent l'aérodrome !",,,,,,,,,,,,,,0xFF01FE,,,"Les gnomes contrôlent l'aérodrome !",,,,,,,,,,,,,,0xFF01FE,5044,0,"",,,"",,,,,,,,,,,,,,0xFF01FC,"",0,0,,
266,0,0,0x100,"Interface\TargetingFrame\UI-PVP-Alliance",,,"Les gnomes contrôlent l'aérodrome et le poste de commandement.",,,,,,,,,,,,,,0xFF01FE,,,"Les gnomes ont sécurisé l'aérodrome et le poste de commandement de la surface.",,,,,,,,,,,,,,0xFF01FE,5043,0,"",,,"",,,,,,,,,,,,,,0xFF01FC,"",0,0,,
268,0,0,0x100,"Interface\TargetingFrame\UI-PVP-Alliance",,,"Les gnomes contrôlent la surface de Gnomeregan.",,,,,,,,,,,,,,0xFF01FE,,,"L'entrée de Gnomeregan, l'aérodrome et le poste de commandement sont sécurisés.",,,,,,,,,,,,,,0xFF01FE,5045,0,"",,,"",,,,,,,,,,,,,,0xFF01FC,"",0,0,,
270,0,0,0x100,"Interface\TargetingFrame\UI-PVP-Alliance",,,"Les tunnels de Gnomeregan sont sécurisés.",,,,,,,,,,,,,,0xFF01FE,,,"Les tunnels de Gnomeregan sont sécurisés.",,,,,,,,,,,,,,0xFF01FE,5011,0,"",,,"",,,,,,,,,,,,,,0xFF01FC,"",0,0,,
262,0,0,0x100,"Interface\WorldStateFrame\CombatSwords",,,"Aidez les troupes de Gnomeregan dans le complexe technique.",,,,,,,,,,,,,,0xFF01FE,,,"Aidez les troupes de Gnomeregan dans le complexe technique.",,,,,,,,,,,,,,0xFF01FE,5018,0,"",,,"",,,,,,,,,,,,,,0xFF01FC,"",0,0,,
263,0,0,0x100,"Interface\WorldStateFrame\CombatSwords",,,"L'aérodrome est attaqué.",,,,,,,,,,,,,,0xFF01FE,,,"Aider les troupes de Gnomeregan à l'aérodrome !",,,,,,,,,,,,,,0xFF01FE,5039,0,"",,,"",,,,,,,,,,,,,,0xFF01FC,"",0,0,,
267,0,0,0x100,"Interface\WorldStateFrame\CombatSwords",,,"Les troupes se battent pour l'entrée de Gnomeregan.",,,,,,,,,,,,,,0xFF01FE,,,"Aider les troupes de Gnomeregan à l'entrée de Gnomeregan.",,,,,,,,,,,,,,0xFF01FE,5019,0,"Interface\WorldStateFrame\CombatSwords",,,"",,,,,,,,,,,,,,0xFF01FC,"",0,0,,
269,0,0,0x100,"Interface\WorldStateFrame\CombatSwords",,,"Les troupes combattent dans les tunnels de Gnomeregan.",,,,,,,,,,,,,,0xFF01FE,,,"Aider la troupe d'attaque dans les tunnels de Gnomeregan.",,,,,,,,,,,,,,0xFF01FE,5021,0,"Interface\WorldStateFrame\CombatSwords",,,"",,,,,,,,,,,,,,0xFF01FC,"",0,0,,
261,0,0,0x100,"",,,"Lance-roquettes détruits = %5027w/4",,,,,,,,,,,,,,0xFF01FE,,,"",,,,,,,,,,,,,,0xFF01FC,5040,0,"",,,"",,,,,,,,,,,,,,0xFF01FC,"",0,0,,
265,0,0,0x100,"",,,"Explose-chars détruits = %5006w/6",,,,,,,,,,,,,,0xFF01FE,,,"Aidez les troupes de Gnomeregan dans le complexe technique.",,,,,,,,,,,,,,0xFF01FE,5018,0,"",,,"",,,,,,,,,,,,,,0xFF01FC,"",0,0,,
217,0,0,0x40,"",,,"La bataille pour Fossoyeuse a commencé !",,,,,,,,,,,,,,0xFF01FE,,,"La bataille pour Fossoyeuse a commencé !",,,,,,,,,,,,,,0xFF01FE,3875,1,"",,,"",,,,,,,,,,,,,,0xFF01FC,"",0,0,,
218,0,0,0x40,"",,,"%3877w minutes avant le début de la bataille pour Fossoyeuse !",,,,,,,,,,,,,,0xFF01FE,,,"Temps restant avant le début de la bataille pour Fossoyeuse !",,,,,,,,,,,,,,0xFF01FE,3876,1,"",,,"",,,,,,,,,,,,,,0xFF01FC,"",0,0,,
221,0,0,0x40,"Interface\WorldStateFrame\CombatSwords",,,"La Horde se bat pour le contrôle de la cour !",,,,,,,,,,,,,,0xFF01FE,,,"Aidez les forces de la Horde dans la cour de Fossoyeuse !",,,,,,,,,,,,,,0xFF01FE,3885,1,"Interface\WorldStateFrame\CombatSwords",,,"",,,,,,,,,,,,,,0xFF01FC,"",0,0,,
222,0,0,0x40,"Interface\TargetingFrame\UI-PVP-Horde",,,"La Horde contrôle la cour !",,,,,,,,,,,,,,0xFF01FE,,,"La zone est maintenant sécurisée.",,,,,,,,,,,,,,0xFF01FE,3886,1,"",,,"",,,,,,,,,,,,,,0xFF01FC,"",0,0,,
223,0,0,0x40,"Interface\WorldStateFrame\CombatSwords",,,"La Horde se bat pour le contrôle du sanctum intérieur !",,,,,,,,,,,,,,0xFF01FE,,,"Aidez les forces de la Horde dans le quartier des marchands et les canaux !",,,,,,,,,,,,,,0xFF01FE,3887,1,"Interface\WorldStateFrame\CombatSwords",,,"",,,,,,,,,,,,,,0xFF01FC,"",0,0,,
224,0,0,0x40,"Interface\TargetingFrame\UI-PVP-Horde",,,"La Horde contrôle le sanctum intérieur !",,,,,,,,,,,,,,0xFF01FE,,,"La zone est maintenant sécurisée.",,,,,,,,,,,,,,0xFF01FE,3888,1,"",,,"",,,,,,,,,,,,,,0xFF01FC,"",0,0,,
225,0,0,0x40,"Interface\WorldStateFrame\CombatSwords",,,"La Horde se bat pour le contrôle de l'Apothicarium !",,,,,,,,,,,,,,0xFF01FE,,,"Aidez les forces de la Horde dans l'Apothicarium !",,,,,,,,,,,,,,0xFF01FE,3891,1,"Interface\WorldStateFrame\CombatSwords",,,"",,,,,,,,,,,,,,0xFF01FC,"",0,0,,
226,0,0,0x40,"Interface\TargetingFrame\UI-PVP-Horde",,,"La Horde contrôle l'Apothicarium !",,,,,,,,,,,,,,0xFF01FE,,,"La zone est maintenant sécurisée.",,,,,,,,,,,,,,0xFF01FE,3892,1,"",,,"",,,,,,,,,,,,,,0xFF01FC,"",0,0,,
227,0,0,0x40,"Interface\WorldStateFrame\CombatSwords",,,"La Horde se bat pour le contrôle du quartier Royal !",,,,,,,,,,,,,,0xFF01FE,,,"Aidez les forces de la Horde dans le quartier Royal !",,,,,,,,,,,,,,0xFF01FE,3889,1,"Interface\WorldStateFrame\CombatSwords",,,"",,,,,,,,,,,,,,0xFF01FC,"",0,0,,
228,0,0,0x40,"Interface\TargetingFrame\UI-PVP-Horde",,,"La Horde contrôle le quartier Royal ! Varimathras est vaincu !",,,,,,,,,,,,,,0xFF01FE,,,"La Horde a repris le contrôle de Fossoyeuse !",,,,,,,,,,,,,,0xFF01FE,3890,1,"",,,"",,,,,,,,,,,,,,0xFF01FC,"",0,0,,
229,0,0,0x40,"",,,"%3893w minute(s) avant la réinitialisation de l'évènement.",,,,,,,,,,,,,,0xFF01FE,,,"",,,,,,,,,,,,,,0xFF01FC,3894,1,"",,,"",,,,,,,,,,,,,,0xFF01FC,"",0,0,,
234,0,0,0x80,"Interface\WorldStateFrame\CombatSwords",,,"L'Alliance se bat dans les égouts !",,,,,,,,,,,,,,0xFF01FE,,,"Aidez les forces de l'Alliance dans les égouts de Fossoyeuse !",,,,,,,,,,,,,,0xFF01FE,3962,1,"Interface\WorldStateFrame\CombatSwords",,,"",,,,,,,,,,,,,,0xFF01FC,"",0,0,,
235,0,0,0x80,"Interface\TargetingFrame\UI-PVP-Alliance",,,"L'Alliance s'est emparée des égouts !",,,,,,,,,,,,,,0xFF01FE,,,"La zone est maintenant sécurisée.",,,,,,,,,,,,,,0xFF01FE,3964,1,"",,,"",,,,,,,,,,,,,,0xFF01FC,"",0,0,,
236,0,0,0x80,"",,,"%3957w minutes avant le début de la chasse à l'homme !",,,,,,,,,,,,,,0xFF01FE,,,"Temps restant avant le début de la traque du Grand apothicaire Putrescin.",,,,,,,,,,,,,,0xFF01FE,3958,1,"",,,"",,,,,,,,,,,,,,0xFF01FC,"",0,0,,
237,0,0,0x80,"",,,"La chasse à l'homme a commencé !",,,,,,,,,,,,,,0xFF01FE,,,"La chasse à l'homme a commencé !",,,,,,,,,,,,,,0xFF01FE,3966,1,"",,,"",,,,,,,,,,,,,,0xFF01FC,"",0,0,,
238,0,0,0x80,"Interface\WorldStateFrame\CombatSwords",,,"L'Alliance se bat dans l'Apothicarium !",,,,,,,,,,,,,,0xFF01FE,,,"Aidez les forces de l'Alliance dans l'Apothicarium !",,,,,,,,,,,,,,0xFF01FE,3972,1,"Interface\WorldStateFrame\CombatSwords",,,"",,,,,,,,,,,,,,0xFF01FC,"",0,0,,
239,0,0,0x80,"Interface\TargetingFrame\UI-PVP-Alliance",,,"L'Alliance a pris le contrôle de l'Apothicarium !",,,,,,,,,,,,,,0xFF01FE,,,"La zone est maintenant sécurisée. Putrescin est battu !",,,,,,,,,,,,,,0xFF01FE,3971,1,"",,,"",,,,,,,,,,,,,,0xFF01FC,"",0,0,,
271,0,0,0x100,"Interface\TargetingFrame\UI-PVP-Alliance",,,"%5037w minutes avant le début de l'Opération Gnomeregan !",,,,,,,,,,,,,,0xFF01FE,,,"L'opération Gnomeregan commencera à ce moment",,,,,,,,,,,,,,0xFF01FE,5038,1,"",,,"",,,,,,,,,,,,,,0xFF01FC,"",0,0,,
136,0,139,0x0,"Interface\WorldStateFrame\AllianceTower",,,"Contrôlées : %2327w",,,,,,,,,,,,,,0xFF01FE,,,"Tours contrôlées par l'Alliance",,,,,,,,,,,,,,0xFF01FE,0,1,"",,,"",,,,,,,,,,,,,,0xFF01FC,"",0,0,,
137,0,139,0x0,"Interface\WorldStateFrame\HordeTower",,,"Contrôlées : %2328w",,,,,,,,,,,,,,0xFF01FE,,,"Tours contrôlées par la Horde",,,,,,,,,,,,,,0xFF01FE,0,1,"",,,"",,,,,,,,,,,,,,0xFF01FC,"",0,0,,
138,0,139,0x0,"",,,"Progression : %2427w",,,,,,,,,,,,,,0xFF01FE,,,"",,,,,,,,,,,,,,0xFF01FC,2426,1,"",,,"",,,,,,,,,,,,,,0xFF01FC,"CAPTUREPOINT",2427,2428,,
274,1,0,0x100,"Interface\TargetingFrame\UI-PVP-Horde",,,"Les Sombrelances sont prêts à reprendre les îles de l'Écho.",,,,,,,,,,,,,,0xFF01FE,,,"Les Sombrelances sont prêts à reprendre les îles de l'Écho.",,,,,,,,,,,,,,0xFF01FE,5052,0,"",,,"",,,,,,,,,,,,,,0xFF01FC,"",0,0,,
277,1,0,0x100,"Interface\TargetingFrame\UI-PVP-Horde",,,"Les trolls ont Bwonsamdi à leurs côtés !",,,,,,,,,,,,,,0xFF01FE,,,"Les trolls ont Bwonsamdi à leurs côtés !",,,,,,,,,,,,,,0xFF01FE,5100,0,"",,,"",,,,,,,,,,,,,,0xFF01FC,"",0,0,,
279,1,0,0x100,"Interface\TargetingFrame\UI-PVP-Horde",,,"Le village incendié a été repris !",,,,,,,,,,,,,,0xFF01FE,,,"Les trolls ont éliminé les troupes décérébrées du village incendié.",,,,,,,,,,,,,,0xFF01FE,5101,0,"",,,"",,,,,,,,,,,,,,0xFF01FC,"",0,0,,
281,1,0,0x100,"Interface\TargetingFrame\UI-PVP-Horde",,,"Zalazane a fui vers une autre île !",,,,,,,,,,,,,,0xFF01FE,,,"Les troupes trolles ont forcé Zalazane à fuir vers une autre île.",,,,,,,,,,,,,,0xFF01FE,5102,0,"",,,"",,,,,,,,,,,,,,0xFF01FC,"",0,0,,
283,1,0,0x100,"Interface\TargetingFrame\UI-PVP-Horde",,,"Zalazane a été vaincu !",,,,,,,,,,,,,,0xFF01FE,,,"Zalazane a été vaincu !",,,,,,,,,,,,,,0xFF01FE,5061,0,"",,,"",,,,,,,,,,,,,,0xFF01FC,"",0,0,,
276,1,0,0x100,"Interface\WorldStateFrame\CombatSwords",,,"Demander l'aide de Bwonsamdi",,,,,,,,,,,,,,0xFF01FE,,,"Aider les trolls à convaincre Bwonsamdi de leur porter secours",,,,,,,,,,,,,,0xFF01FE,5099,0,"",,,"",,,,,,,,,,,,,,0xFF01FC,"",0,0,,
278,1,0,0x100,"Interface\WorldStateFrame\CombatSwords",,,"Aider les trolls à reprendre le village incendié.",,,,,,,,,,,,,,0xFF01FE,,,"Aider les trolls à reprendre le village incendié.",,,,,,,,,,,,,,0xFF01FE,5056,0,"",,,"",,,,,,,,,,,,,,0xFF01FC,"",0,0,,
280,1,0,0x100,"Interface\WorldStateFrame\CombatSwords",,,"Vol'jin et ses troupes combattent Zalazane.",,,,,,,,,,,,,,0xFF01FE,,,"Vol'jin et ses troupes combattent Zalazane et ses serviteurs trolls maléficiés.",,,,,,,,,,,,,,0xFF01FE,5090,0,"Interface\WorldStateFrame\CombatSwords",,,"",,,,,,,,,,,,,,0xFF01FC,"",0,0,,
282,1,0,0x100,"Interface\WorldStateFrame\CombatSwords",,,"Les troupes combattent Zalazane",,,,,,,,,,,,,,0xFF01FE,,,"Les troupes combattent Zalazane",,,,,,,,,,,,,,0xFF01FE,5060,0,"Interface\WorldStateFrame\CombatSwords",,,"",,,,,,,,,,,,,,0xFF01FC,"",0,0,,
275,1,0,0x100,"Interface\TargetingFrame\UI-PVP-Horde",,,"%5071w minutes avant le début de la reprise des îles de l'Écho !",,,,,,,,,,,,,,0xFF01FE,,,"La reprise des îles de l'Écho commencera à ce moment",,,,,,,,,,,,,,0xFF01FE,5070,1,"",,,"",,,,,,,,,,,,,,0xFF01FC,"",0,0,,
178,1,513,0x0,"",,,"%3082w / 12 Tireur(s) d'élite restant(s).",,,,,,,,,,,,,,0xFF01FE,,,"Nombre de défenseurs de Theramore encore en vie.",,,,,,,,,,,,,,0xFF01FE,3083,0,"",,,"",,,,,,,,,,,,,,0xFF01FC,"",0,0,,
126,1,1377,0x0,"Interface\TargetingFrame\UI-PVP-Alliance",,,"%2313w/%2317w",,,,,,,,,,,,,,0xFF01FE,,,"Silithyste collectée par l'Alliance",,,,,,,,,,,,,,0xFF01FE,0,0,"",,,"",,,,,,,,,,,,,,0xFF01FC,"",0,0,,
127,1,1377,0x0,"Interface\TargetingFrame\UI-PVP-Horde",,,"%2314w/%2317w",,,,,,,,,,,,,,0xFF01FE,,,"Silithyste collectée par la Horde",,,,,,,,,,,,,,0xFF01FE,0,0,"",,,"",,,,,,,,,,,,,,0xFF01FC,"",0,0,,
180,30,0,0x0,"Interface\TargetingFrame\UI-PVP-Alliance",,,"Renforts : %3127w",,,,,,,,,,,,,,0xFF01FE,,,"Renforts de l'Alliance",,,,,,,,,,,,,,0xFF01FE,3134,0,"",,,"",,,,,,,,,,,,,,0xFF01FC,"",0,0,,
181,30,0,0x0,"Interface\TargetingFrame\UI-PVP-Horde",,,"Renforts : %3128w",,,,,,,,,,,,,,0xFF01FE,,,"Renforts de la Horde",,,,,,,,,,,,,,0xFF01FE,3133,0,"",,,"",,,,,,,,,,,,,,0xFF01FC,"",0,0,,
63,30,0,0x0,"Interface\WorldStateFrame\ColumnIcon-GraveyardCapture",,,"Cimetières
attaqués",,,,,,,,,,,,,,0xFF01FE,,,"Nombre de fois où les bannières des cimetières ennemis ont été saisies",,,,,,,,,,,,,,0xFF01FE,0,2,"",,,"",,,,,,,,,,,,,,0xFF01FC,"",0,0,,
65,30,0,0x0,"Interface\WorldStateFrame\ColumnIcon-GraveyardDefend",,,"Cimetières
défendus",,,,,,,,,,,,,,0xFF01FE,,,"Nombre de fois où la prise d'un cimetière a été évitée",,,,,,,,,,,,,,0xFF01FE,0,2,"",,,"",,,,,,,,,,,,,,0xFF01FC,"",0,0,,
61,30,0,0x0,"Interface\WorldStateFrame\ColumnIcon-TowerCapture",,,"Tours attaquées",,,,,,,,,,,,,,0xFF01FE,,,"Nombre de fois où les bannières des tours ennemies ont été saisies",,,,,,,,,,,,,,0xFF01FE,0,2,"",,,"",,,,,,,,,,,,,,0xFF01FC,"",0,0,,
64,30,0,0x0,"Interface\WorldStateFrame\ColumnIcon-TowerDefend",,,"Tours défendues",,,,,,,,,,,,,,0xFF01FE,,,"Nombre de fois où la prise d'une tour a été évitée",,,,,,,,,,,,,,0xFF01FE,0,2,"",,,"",,,,,,,,,,,,,,0xFF01FC,"",0,0,,
82,30,0,0x0,"",,,"Objectifs secondaires",,,,,,,,,,,,,,0xFF01FE,,,"Nombre d'unités secondaires activées",,,,,,,,,,,,,,0xFF01FE,0,2,"",,,"",,,,,,,,,,,,,,0xFF01FC,"",0,0,,
150,269,2366,0x0,"",,,"Bouclier de Medivh restant : %2540w%",,,,,,,,,,,,,,0xFF01FE,,,"",,,,,,,,,,,,,,0xFF01FC,2541,0,"",,,"",,,,,,,,,,,,,,0xFF01FC,"",0,0,,
171,269,2366,0x0,"",,,"Failles temporelles ouvertes : %2784w/18",,,,,,,,,,,,,,0xFF01FE,,,"",,,,,,,,,,,,,,0xFF01FC,2541,0,"",,,"",,,,,,,,,,,,,,0xFF01FC,"",0,0,,
42,489,0,0x0,"Interface\WorldStateFrame\ColumnIcon-FlagCapture",,,"Drapeaux capturés",,,,,,,,,,,,,,0xFF01FE,,,"Nombre de fois où vous avez capturé le drapeau ennemi",,,,,,,,,,,,,,0xFF01FE,0,2,"",,,"",,,,,,,,,,,,,,0xFF01FC,"",0,0,,
44,489,0,0x0,"Interface\WorldStateFrame\ColumnIcon-FlagReturn",,,"Drapeaux ramenés",,,,,,,,,,,,,,0xFF01FE,,,"Nombre de fois où vous avez rapporté votre drapeau à la base",,,,,,,,,,,,,,0xFF01FE,0,2,"",,,"",,,,,,,,,,,,,,0xFF01FC,"",0,0,,
244,489,3277,0x0,"",,,"Temps restant : %4248w min.",,,,,,,,,,,,,,0xFF01FE,,,"Temps restant",,,,,,,,,,,,,,0xFF01FE,4247,0,"",,,"",,,,,,,,,,,,,,0xFF01FC,"",0,0,,
2,489,3277,0x0,"Interface\TargetingFrame\UI-PVP-Alliance",,,"%1581w/%1601w",,,,,,,,,,,,,,0xFF01FE,,,"Drapeaux capturés par l'Alliance",,,,,,,,,,,,,,0xFF01FE,2339,0,"Interface\WorldStateFrame\HordeFlag",,,"Le drapeau de la Horde a été pris",,,,,,,,,,,,,,0xFF01FE,"",0,0,,
3,489,3277,0x0,"Interface\TargetingFrame\UI-PVP-Horde",,,"%1582w/%1601w",,,,,,,,,,,,,,0xFF01FE,,,"Drapeaux capturés par la Horde",,,,,,,,,,,,,,0xFF01FE,2338,0,"Interface\WorldStateFrame\AllianceFlag",,,"Le drapeau de l'Alliance a été pris",,,,,,,,,,,,,,0xFF01FE,"",0,0,,
101,529,0,0x0,"Interface\TargetingFrame\UI-PVP-Alliance",,,"Bases : %1779w  Ressources: %1776w/%1780w",,,,,,,,,,,,,,0xFF01FE,,,"Situation de l'Alliance",,,,,,,,,,,,,,0xFF01FE,0,0,"",,,"",,,,,,,,,,,,,,0xFF01FC,"",0,0,,
102,529,0,0x0,"Interface\TargetingFrame\UI-PVP-Horde",,,"Bases : %1778w  Ressources: %1777w/%1780w",,,,,,,,,,,,,,0xFF01FE,,,"Situation de la Horde",,,,,,,,,,,,,,0xFF01FE,0,0,"",,,"",,,,,,,,,,,,,,0xFF01FC,"",0,0,,
122,529,0,0x0,"Interface\WorldStateFrame\ColumnIcon-TowerCapture",,,"Bases attaquées",,,,,,,,,,,,,,0xFF01FE,,,"Nombre de fois où les bannières de la base ennemie ont été retirées",,,,,,,,,,,,,,0xFF01FE,0,2,"",,,"",,,,,,,,,,,,,,0xFF01FC,"",0,0,,
123,529,0,0x0,"Interface\WorldStateFrame\ColumnIcon-TowerDefend",,,"Bases défendues",,,,,,,,,,,,,,0xFF01FE,,,"Nombre de fois où la prise d'une base a été évitée",,,,,,,,,,,,,,0xFF01FE,0,2,"",,,"",,,,,,,,,,,,,,0xFF01FC,"",0,0,,
139,530,3483,0x0,"",,,"Progression : %2427w",,,,,,,,,,,,,,0xFF01FE,,,"",,,,,,,,,,,,,,0xFF01FC,2473,1,"",,,"",,,,,,,,,,,,,,0xFF01FC,"CAPTUREPOINT",2474,2475,,
140,530,3483,0x0,"Interface\WorldStateFrame\AllianceTower",,,"Contrôlés : %2476w",,,,,,,,,,,,,,0xFF01FE,,,"Forts contrôlés par l'Alliance",,,,,,,,,,,,,,0xFF01FE,2490,1,"",,,"Dernier vainqueur : l'Alliance",,,,,,,,,,,,,,0xFF01FE,"",0,0,,
141,530,3483,0x0,"Interface\WorldStateFrame\HordeTower",,,"Contrôlés : %2478w",,,,,,,,,,,,,,0xFF01FE,,,"Forts contrôlés par la Horde",,,,,,,,,,,,,,0xFF01FE,2489,1,"",,,"Dernier vainqueur : la Horde",,,,,,,,,,,,,,0xFF01FE,"",0,0,,
144,530,3518,0x0,"Interface\TargetingFrame\UI-PVP-Horde",,,"Gardes restants : %2491w/%2493w",,,,,,,,,,,,,,0xFF01FE,,,"",,,,,,,,,,,,,,0xFF01FC,2503,1,"",,,"",,,,,,,,,,,,,,0xFF01FC,"",0,0,,
145,530,3518,0x0,"",,,"Progrès : %2494w",,,,,,,,,,,,,,0xFF01FE,,,"",,,,,,,,,,,,,,0xFF01FC,2495,1,"",,,"",,,,,,,,,,,,,,0xFF01FC,"CAPTUREPOINT",2494,2497,,
146,530,3518,0x0,"Interface\TargetingFrame\UI-PVP-Alliance",,,"Gardes restants : %2491w/%2493w",,,,,,,,,,,,,,0xFF01FE,,,"",,,,,,,,,,,,,,0xFF01FC,2502,1,"",,,"",,,,,,,,,,,,,,0xFF01FC,"",0,0,,
163,530,3519,0x0,"",,,"",,,,,,,,,,,,,,0xFF01FC,,,"",,,,,,,,,,,,,,0xFF01FC,2623,0,"",,,"",,,,,,,,,,,,,,0xFF01FC,"CAPTUREPOINT",2625,2624,,
147,530,3519,0x0,"Interface\WorldStateFrame\NeutralTower",,,"Temps restant : %2509w:%2512w%2510w",,,,,,,,,,,,,,0xFF01FE,,,"Temps restant avant que la tour des esprits puisse être capturée.",,,,,,,,,,,,,,0xFF01FE,2508,1,"",,,"",,,,,,,,,,,,,,0xFF01FC,"",0,0,,
161,530,3519,0x0,"Interface\WorldStateFrame\AllianceTower",,,"Tours contrôlées : %2621w",,,,,,,,,,,,,,0xFF01FE,,,"Tours contrôlées par l'Alliance",,,,,,,,,,,,,,0xFF01FE,2620,1,"",,,"",,,,,,,,,,,,,,0xFF01FC,"",0,0,,
162,530,3519,0x0,"Interface\WorldStateFrame\HordeTower",,,"Tours contrôlées : %2622w",,,,,,,,,,,,,,0xFF01FE,,,"Tours de la Horde contrôlées",,,,,,,,,,,,,,0xFF01FE,2620,1,"",,,"",,,,,,,,,,,,,,0xFF01FC,"",0,0,,
168,530,3519,0x0,"Interface\WorldStateFrame\AllianceTower",,,"Temps restant - %2509w:%2512w%2510w",,,,,,,,,,,,,,0xFF01FE,,,"Temps restant avant que la tour des esprits puisse être capturée.",,,,,,,,,,,,,,0xFF01FE,2767,1,"",,,"",,,,,,,,,,,,,,0xFF01FC,"",0,0,,
169,530,3519,0x0,"Interface\WorldStateFrame\HordeTower",,,"Temps restant - %2509w:%2512w%2510w",,,,,,,,,,,,,,0xFF01FE,,,"Temps restant avant que la tour des esprits puisse être capturée.",,,,,,,,,,,,,,0xFF01FE,2768,1,"",,,"",,,,,,,,,,,,,,0xFF01FC,"",0,0,,
148,530,3521,0x0,"",,,"",,,,,,,,,,,,,,0xFF01FC,,,"",,,,,,,,,,,,,,0xFF01FC,2527,1,"",,,"",,,,,,,,,,,,,,0xFF01FC,"CAPTUREPOINT",2528,2529,,
149,530,3521,0x0,"",,,"",,,,,,,,,,,,,,0xFF01FC,,,"",,,,,,,,,,,,,,0xFF01FC,2533,1,"",,,"",,,,,,,,,,,,,,0xFF01FC,"CAPTUREPOINT",2534,2535,,
153,530,3521,0x0,"Interface\WorldStateFrame\AllianceTower",,,"Balise ouest",,,,,,,,,,,,,,0xFF01FE,,,"Balise contrôlée par l'Alliance",,,,,,,,,,,,,,0xFF01FE,2555,1,"",,,"",,,,,,,,,,,,,,0xFF01FC,"",0,0,,
154,530,3521,0x0,"Interface\WorldStateFrame\HordeTower",,,"Balise ouest",,,,,,,,,,,,,,0xFF01FE,,,"Balise contrôlée par la Horde",,,,,,,,,,,,,,0xFF01FE,2556,1,"",,,"",,,,,,,,,,,,,,0xFF01FC,"",0,0,,
155,530,3521,0x0,"Interface\WorldStateFrame\NeutralTower",,,"Balise ouest",,,,,,,,,,,,,,0xFF01FE,,,"Balise neutre",,,,,,,,,,,,,,0xFF01FE,2557,1,"",,,"",,,,,,,,,,,,,,0xFF01FC,"",0,0,,
156,530,3521,0x0,"Interface\WorldStateFrame\AllianceTower",,,"Balise est",,,,,,,,,,,,,,0xFF01FE,,,"Balise contrôlée par l'Alliance",,,,,,,,,,,,,,0xFF01FE,2558,1,"",,,"",,,,,,,,,,,,,,0xFF01FC,"",0,0,,
157,530,3521,0x0,"Interface\WorldStateFrame\HordeTower",,,"Balise est",,,,,,,,,,,,,,0xFF01FE,,,"Balise contrôlée par la Horde",,,,,,,,,,,,,,0xFF01FE,2559,1,"",,,"",,,,,,,,,,,,,,0xFF01FC,"",0,0,,
158,530,3521,0x0,"Interface\WorldStateFrame\NeutralTower",,,"Balise est",,,,,,,,,,,,,,0xFF01FE,,,"Balise neutre",,,,,,,,,,,,,,0xFF01FE,2560,1,"",,,"",,,,,,,,,,,,,,0xFF01FC,"",0,0,,
173,530,3831,0x0,"",,,"Portail dimensionnel nord : %2880w%",,,,,,,,,,,,,,0xFF01FE,,,"",,,,,,,,,,,,,,0xFF01FC,2889,0,"",,,"",,,,,,,,,,,,,,0xFF01FC,"",0,0,,
174,530,3831,0x0,"",,,"Portail dimensionnel sud : %2881w%",,,,,,,,,,,,,,0xFF01FE,,,"",,,,,,,,,,,,,,0xFF01FC,2889,0,"",,,"",,,,,,,,,,,,,,0xFF01FC,"",0,0,,
177,530,4008,0x0,"",,,"Bouclier restant : %3054w%",,,,,,,,,,,,,,0xFF01FE,,,"Pourcentage restant du bouclier",,,,,,,,,,,,,,0xFF01FE,3055,0,"",,,"",,,,,,,,,,,,,,0xFF01FC,"",0,0,,
142,534,3606,0x0,"",,,"Envahisseurs = %2454w",,,,,,,,,,,,,,0xFF01FE,,,"Nombre d'envahisseurs dans la base de la Horde",,,,,,,,,,,,,,0xFF01FE,2453,0,"",,,"",,,,,,,,,,,,,,0xFF01FC,"",0,0,,
143,534,3606,0x0,"",,,"Envahisseurs = %2454w",,,,,,,,,,,,,,0xFF01FE,,,"Nombre d'envahisseurs dans la base de l'Alliance",,,,,,,,,,,,,,0xFF01FE,2486,0,"",,,"",,,,,,,,,,,,,,0xFF01FC,"",0,0,,
172,534,3606,0x0,"",,,"Vague en cours : %2842w sur 8",,,,,,,,,,,,,,0xFF01FE,,,"Vague en cours",,,,,,,,,,,,,,0xFF01FE,2842,0,"",,,"",,,,,,,,,,,,,,0xFF01FC,"",0,0,,
159,559,0,0x0,"",,,"Équipe dorée : %3601w personnages restants",,,,,,,,,,,,,,0xFF01FE,,,"",,,,,,,,,,,,,,0xFF01FC,2577,0,"",,,"",,,,,,,,,,,,,,0xFF01FC,"",0,0,,
160,559,0,0x0,"",,,"Équipe verte : %3600w personnages restants",,,,,,,,,,,,,,0xFF01FE,,,"",,,,,,,,,,,,,,0xFF01FC,2577,0,"",,,"",,,,,,,,,,,,,,0xFF01FC,"",0,0,,
165,560,2367,0x0,"",,,"Bombes incendiaires placées = %2436w/5",,,,,,,,,,,,,,0xFF01FE,,,"Nombre de bombes incendiaires placées dans Fort-de-Durn",,,,,,,,,,,,,,0xFF01FE,2436,0,"",,,"",,,,,,,,,,,,,,0xFF01FC,"",0,0,,
151,562,0,0x0,"",,,"Équipe verte : %3600w personnages restants",,,,,,,,,,,,,,0xFF01FE,,,"",,,,,,,,,,,,,,0xFF01FC,2547,0,"",,,"",,,,,,,,,,,,,,0xFF01FC,"",0,0,,
152,562,0,0x0,"",,,"Équipe dorée : %3601w personnages restants",,,,,,,,,,,,,,0xFF01FE,,,"",,,,,,,,,,,,,,0xFF01FC,2547,0,"",,,"",,,,,,,,,,,,,,0xFF01FC,"",0,0,,
164,566,0,0x0,"",,,"",,,,,,,,,,,,,,0xFF01FC,,,"",,,,,,,,,,,,,,0xFF01FC,2718,0,"",,,"",,,,,,,,,,,,,,0xFF01FC,"CAPTUREPOINT",2719,2720,,
166,566,0,0x0,"Interface\TargetingFrame\UI-PVP-Alliance",,,"Bases : %2752w  Points de victoire : %2749w/1600",,,,,,,,,,,,,,0xFF01FE,,,"",,,,,,,,,,,,,,0xFF01FC,2769,0,"",,,"",,,,,,,,,,,,,,0xFF01FC,"",0,0,,
167,566,0,0x0,"Interface\TargetingFrame\UI-PVP-Horde",,,"Bases : %2753w  Points de victoire : %2750w/1600",,,,,,,,,,,,,,0xFF01FE,,,"",,,,,,,,,,,,,,0xFF01FC,2770,0,"",,,"",,,,,,,,,,,,,,0xFF01FC,"",0,0,,
183,566,0,0x0,"Interface\WorldStateFrame\ColumnIcon-FlagCapture2.blp",,,"Captures de drapeau",,,,,,,,,,,,,,0xFF01FE,,,"Nombre de fois où vous avez capturé le drapeau",,,,,,,,,,,,,,0xFF01FE,0,2,"",,,"",,,,,,,,,,,,,,0xFF01FC,"",0,0,,
179,568,3805,0x0,"",,,"Sacrifice dans : %3106w min.",,,,,,,,,,,,,,0xFF01FE,,,"Temps restant avant l'exécution des prisonniers.",,,,,,,,,,,,,,0xFF01FE,3104,0,"",,,"",,,,,,,,,,,,,,0xFF01FC,"",0,0,,
184,571,0,0x0,"",,,"Progression : %3467w",,,,,,,,,,,,,,0xFF01FE,,,"",,,,,,,,,,,,,,0xFF01FC,3466,1,"",,,"",,,,,,,,,,,,,,0xFF01FC,"CAPTUREPOINT",3467,3468,,
186,571,0,0x0,"",,,"Progression : %2427w",,,,,,,,,,,,,,0xFF01FE,,,"",,,,,,,,,,,,,,0xFF01FC,3501,1,"",,,"",,,,,,,,,,,,,,0xFF01FC,"CAPTUREPOINT",3502,3508,,
215,571,0,0x0,"Interface\WorldStateFrame\ColumnIcon-FlagCapture",,,"Murs détruits",,,,,,,,,,,,,,0xFF01FE,,,"Nombre de fois où vous avez détruit des murs ennemis.",,,,,,,,,,,,,,0xFF01FE,0,2,"",,,"",,,,,,,,,,,,,,0xFF01FC,"",0,0,,
216,571,0,0x0,"Interface\WorldStateFrame\ColumnIcon-FlagCapture",,,"Bâtiments détruits",,,,,,,,,,,,,,0xFF01FE,,,"Nombre de fois où vous avez détruit des bâtiments ennemis.",,,,,,,,,,,,,,0xFF01FE,0,2,"",,,"",,,,,,,,,,,,,,0xFF01FC,"",0,0,,
188,571,4197,0x0,"Interface\TargetingFrame\UI-PVP-Horde",,,"Véhicules : %3490w/%3491w",,,,,,,,,,,,,,0xFF01FE,,,"Situation de la Horde",,,,,,,,,,,,,,0xFF01FE,3710,0,"",,,"",,,,,,,,,,,,,,0xFF01FC,"",0,0,,
189,571,4197,0x0,"Interface\TargetingFrame\UI-PVP-Alliance",,,"Véhicules : %3680w/%3681w",,,,,,,,,,,,,,0xFF01FE,,,"Situation de l'Alliance",,,,,,,,,,,,,,0xFF01FE,3710,0,"",,,"",,,,,,,,,,,,,,0xFF01FC,"",0,0,,
210,571,4197,0x0,"Interface\TargetingFrame\UI-PVP-Alliance",,,"Contrôle : Alliance",,,,,,,,,,,,,,0xFF01FE,,,"",,,,,,,,,,,,,,0xFF01FC,3803,0,"",,,"",,,,,,,,,,,,,,0xFF01FC,"",0,0,,
211,571,4197,0x0,"Interface\TargetingFrame\UI-PVP-Horde",,,"Contrôle : Horde",,,,,,,,,,,,,,0xFF01FE,,,"",,,,,,,,,,,,,,0xFF01FC,3802,0,"",,,"",,,,,,,,,,,,,,0xFF01FC,"",0,0,,
208,571,4197,0x0,"",,,"Temps restant : %3781k",,,,,,,,,,,,,,0xFF01FE,,,"La partie s'achève à la fin de ce temps.",,,,,,,,,,,,,,0xFF01FE,3710,3,"",,,"",,,,,,,,,,,,,,0xFF01FC,"",0,0,,
212,571,4197,0x0,"",,,"Prochaine bataille : %4354k",,,,,,,,,,,,,,0xFF01FE,,,"La guerre pour le lac Joug-d'hiver reprendra à la fin de ce temps.",,,,,,,,,,,,,,0xFF01FE,3801,3,"",,,"",,,,,,,,,,,,,,0xFF01FC,"",0,0,,
175,572,0,0x0,"",,,"Équipe dorée : %3601w personnages restants",,,,,,,,,,,,,,0xFF01FE,,,"",,,,,,,,,,,,,,0xFF01FC,3002,0,"",,,"",,,,,,,,,,,,,,0xFF01FC,"",0,0,,
176,572,0,0x0,"",,,"Équipe verte : %3600w personnages restants",,,,,,,,,,,,,,0xFF01FE,,,"",,,,,,,,,,,,,,0xFF01FC,3002,0,"",,,"",,,,,,,,,,,,,,0xFF01FC,"",0,0,,
190,578,0,0x0,"",,,"Assemblages centrifuges : %3486w restant(s)",,,,,,,,,,,,,,0xFF01FE,,,"",,,,,,,,,,,,,,0xFF01FC,3524,0,"",,,"",,,,,,,,,,,,,,0xFF01FC,"",0,0,,
185,595,0,0x0,"",,,"Caisses contaminées découvertes : %3480w/5",,,,,,,,,,,,,,0xFF01FE,,,"Nombre de caisses de céréales pestiférées découvertes.",,,,,,,,,,,,,,0xFF01FE,3479,0,"",,,"",,,,,,,,,,,,,,0xFF01FC,"",0,0,,
187,595,0,0x0,"",,,"Vague du Fléau = %3504w/10",,,,,,,,,,,,,,0xFF01FE,,,"Nombre de vagues du Fléau rencontrées.",,,,,,,,,,,,,,0xFF01FE,3504,0,"",,,"",,,,,,,,,,,,,,0xFF01FC,"",0,0,,
230,595,0,0x0,"",,,"Temps restant = %3931w min.",,,,,,,,,,,,,,0xFF01FE,,,"Temps jusqu'à ce que le gardien du Temps soit corrompu.",,,,,,,,,,,,,,0xFF01FE,3932,0,"",,,"",,,,,,,,,,,,,,0xFF01FC,"",0,0,,
240,603,4273,0x0,"",,,"Signal de détresse d'Algalon transmis dans= %4131w min.",,,,,,,,,,,,,,0xFF01FE,,,"Temps restant avant l'envoi du message.",,,,,,,,,,,,,,0xFF01FE,4132,0,"",,,"",,,,,,,,,,,,,,0xFF01FC,"",0,0,,
191,607,0,0x0,"",,,"Progression : %3537w",,,,,,,,,,,,,,0xFF01FE,,,"",,,,,,,,,,,,,,0xFF01FC,3536,1,"",,,"",,,,,,,,,,,,,,0xFF01FC,"CAPTUREPOINT",3537,3538,,
232,607,0,0x0,"Interface\WorldStateFrame\ColumnIcon-FlagCapture",,,"Démolisseurs détruits",,,,,,,,,,,,,,0xFF01FE,,,"Nombre de fois où vous avez détruit un démolisseur.",,,,,,,,,,,,,,0xFF01FE,0,2,"",,,"",,,,,,,,,,,,,,0xFF01FC,"",0,0,,
231,607,0,0x0,"Interface\WorldStateFrame\ColumnIcon-FlagCapture",,,"Portes détruites",,,,,,,,,,,,,,0xFF01FE,,,"Nombre de fois où vous avez détruit une porte.",,,,,,,,,,,,,,0xFF01FE,0,2,"",,,"",,,,,,,,,,,,,,0xFF01FC,"",0,0,,
192,607,4384,0x0,"Interface\TargetingFrame\UI-PVP-Alliance",,,"Attaquant",,,,,,,,,,,,,,0xFF01FE,,,"Situation de l'Alliance",,,,,,,,,,,,,,0xFF01FE,4352,0,"",,,"",,,,,,,,,,,,,,0xFF01FC,"",0,0,,
193,607,4384,0x0,"Interface\TargetingFrame\UI-PVP-Horde",,,"Défenseur",,,,,,,,,,,,,,0xFF01FE,,,"Situation de la Horde",,,,,,,,,,,,,,0xFF01FE,4352,0,"",,,"",,,,,,,,,,,,,,0xFF01FC,"",0,0,,
194,607,4384,0x0,"",,,"Fin du round : %3559w:%3560w%3561w",,,,,,,,,,,,,,0xFF01FE,,,"Le round se termine à la fin de ce temps",,,,,,,,,,,,,,0xFF01FE,2889,0,"",,,"",,,,,,,,,,,,,,0xFF01FC,"",0,0,,
196,607,4384,0x0,"Interface\TargetingFrame\UI-PVP-Alliance",,,"Défenseur",,,,,,,,,,,,,,0xFF01FE,,,"Situation de l'Alliance",,,,,,,,,,,,,,0xFF01FE,4353,0,"",,,"",,,,,,,,,,,,,,0xFF01FC,"",0,0,,
197,607,4384,0x0,"Interface\TargetingFrame\UI-PVP-Horde",,,"Attaquant",,,,,,,,,,,,,,0xFF01FE,,,"Situation de la Horde",,,,,,,,,,,,,,0xFF01FE,4353,0,"",,,"",,,,,,,,,,,,,,0xFF01FC,"",0,0,,
198,607,4384,0x0,"",,,"Bonus temps : %3559w:%3560w%3561w",,,,,,,,,,,,,,0xFF01FE,,,"Temps restant pour les points bonus",,,,,,,,,,,,,,0xFF01FE,3571,0,"",,,"",,,,,,,,,,,,,,0xFF01FC,"",0,0,,
199,607,4384,0x0,"",,,"Fin du round : %3559w:%3560w%3561w",,,,,,,,,,,,,,0xFF01FE,,,"Le round se termine à la fin de ce temps",,,,,,,,,,,,,,0xFF01FE,3565,0,"",,,"",,,,,,,,,,,,,,0xFF01FC,"",0,0,,
247,607,4384,0x0,"",,,"Fin du round : %3559w:%3560w%3561w",,,,,,,,,,,,,,0xFF01FE,,,"Le round se termine à la fin de ce temps",,,,,,,,,,,,,,0xFF01FE,3564,0,"",,,"",,,,,,,,,,,,,,0xFF01FC,"",0,0,,
213,608,0,0x0,"",,,"Résistance du sceau de la prison : %3815w%",,,,,,,,,,,,,,0xFF01FE,,,"",,,,,,,,,,,,,,0xFF01FC,3816,0,"",,,"",,,,,,,,,,,,,,0xFF01FC,"",0,0,,
214,608,4415,0x0,"",,,"Portails ouverts : %3810w/18",,,,,,,,,,,,,,0xFF01FE,,,"",,,,,,,,,,,,,,0xFF01FC,3816,0,"",,,"",,,,,,,,,,,,,,0xFF01FC,"",0,0,,
200,609,0,0x80,"",,,"Troupes de la Lumière restantes : %3590w",,,,,,,,,,,,,,0xFF01FE,,,"Troupes de la Lumière restantes !",,,,,,,,,,,,,,0xFF01FE,3592,0,"",,,"",,,,,,,,,,,,,,0xFF01FC,"",0,0,,
201,609,0,0x80,"",,,"Troupes du Fléau restantes : %3591w",,,,,,,,,,,,,,0xFF01FE,,,"Troupes du Fléau restantes !",,,,,,,,,,,,,,0xFF01FE,3592,0,"",,,"",,,,,,,,,,,,,,0xFF01FC,"",0,0,,
202,609,0,0x80,"",,,"%3604w minutes avant la bataille de l'Espoir de Lumière !",,,,,,,,,,,,,,0xFF01FE,,,"Temps restant avant le début de la bataille pour la chapelle de l'Espoir de Lumière !",,,,,,,,,,,,,,0xFF01FE,3603,1,"",,,"",,,,,,,,,,,,,,0xFF01EC,"",0,0,,
203,609,0,0x80,"",,,"La bataille pour la chapelle de l'Espoir de Lumière a commencé !",,,,,,,,,,,,,,0xFF01FE,,,"",,,,,,,,,,,,,,0xFF01FC,3605,1,"",,,"",,,,,,,,,,,,,,0xFF01FC,"",0,0,,
204,617,0,0x0,"",,,"Équipe dorée : %3601w personnages restants",,,,,,,,,,,,,,0xFF01FE,,,"",,,,,,,,,,,,,,0xFF01FC,3610,0,"",,,"",,,,,,,,,,,,,,0xFF01FC,"",0,0,,
205,617,0,0x0,"",,,"Équipe verte : %3600w personnages restants",,,,,,,,,,,,,,0xFF01FE,,,"",,,,,,,,,,,,,,0xFF01FC,3610,0,"",,,"",,,,,,,,,,,,,,0xFF01FC,"",0,0,,
206,618,0,0x0,"",,,"Équipe dorée : %3601w personnages restants",,,,,,,,,,,,,,0xFF01FE,,,"",,,,,,,,,,,,,,0xFF01FC,3610,0,"",,,"",,,,,,,,,,,,,,0xFF01FC,"",0,0,,
207,618,0,0x0,"",,,"Équipe verte : %3600w personnages restants",,,,,,,,,,,,,,0xFF01FE,,,"",,,,,,,,,,,,,,0xFF01FC,3610,0,"",,,"",,,,,,,,,,,,,,0xFF01FC,"",0,0,,
241,628,0,0x0,"Interface\TargetingFrame\UI-PVP-Alliance",,,"Renforts : %4226w",,,,,,,,,,,,,,0xFF01FE,,,"Renforts de l'Alliance",,,,,,,,,,,,,,0xFF01FE,4221,0,"",,,"",,,,,,,,,,,,,,0xFF01FC,"",0,0,,
242,628,0,0x0,"Interface\TargetingFrame\UI-PVP-Horde",,,"Renforts : %4227w",,,,,,,,,,,,,,0xFF01FE,,,"Renforts de la Horde",,,,,,,,,,,,,,0xFF01FE,4222,0,"",,,"",,,,,,,,,,,,,,0xFF01FC,"",0,0,,
245,628,0,0x0,"Interface\WorldStateFrame\ColumnIcon-TowerCapture",,,"Bases attaquées",,,,,,,,,,,,,,0xFF01FE,,,"Nombre de fois où les bannières de la base ennemie ont été retirées",,,,,,,,,,,,,,0xFF01FE,0,2,"",,,"",,,,,,,,,,,,,,0xFF01FC,"",0,0,,
246,628,0,0x0,"Interface\WorldStateFrame\ColumnIcon-TowerDefend",,,"Bases défendues",,,,,,,,,,,,,,0xFF01FE,,,"Nombre de fois où la prise d'une base a été évitée",,,,,,,,,,,,,,0xFF01FE,0,2,"",,,"",,,,,,,,,,,,,,0xFF01FC,"",0,0,,
250,631,0,0x0,"",,,"Temps jusqu'à exécution : %4904w min",,,,,,,,,,,,,,0xFF01FE,,,"Temps restant avant que Minchar succombe.",,,,,,,,,,,,,,0xFF01FE,4903,0,"",,,"",,,,,,,,,,,,,,0xFF01FC,"",0,0,,
254,631,4859,0x0,"",,,"Tentatives héroïques ratées avant le repli : %4941w sur %4942w",,,,,,,,,,,,,,0xFF01FE,,,"",,,,,,,,,,,,,,0xFF01FC,4940,0,"",,,"",,,,,,,,,,,,,,0xFF01FC,"",0,0,,
253,631,4889,0x0,"",,,"Tentatives héroïques ratées avant le repli : %4941w sur %4942w",,,,,,,,,,,,,,0xFF01FE,,,"",,,,,,,,,,,,,,0xFF01FC,4940,0,"",,,"",,,,,,,,,,,,,,0xFF01FC,"",0,0,,
251,631,4890,0x0,"",,,"Tentatives héroïques ratées avant le repli : %4941w sur %4942w",,,,,,,,,,,,,,0xFF01FE,,,"",,,,,,,,,,,,,,0xFF01FC,4940,0,"",,,"",,,,,,,,,,,,,,0xFF01FC,"",0,0,,
252,631,4891,0x0,"",,,"Tentatives héroïques ratées avant le repli : %4941w sur %4942w",,,,,,,,,,,,,,0xFF01FE,,,"",,,,,,,,,,,,,,0xFF01FC,4940,0,"",,,"",,,,,,,,,,,,,,0xFF01FC,"",0,0,,
255,631,4910,0x0,"",,,"Tentatives héroïques ratées avant le repli : %4941w sur %4942w",,,,,,,,,,,,,,0xFF01FE,,,"",,,,,,,,,,,,,,0xFF01FC,4940,0,"",,,"",,,,,,,,,,,,,,0xFF01FC,"",0,0,,
248,649,0,0x0,"",,,"Tentatives infructueuses restantes : %4389w",,,,,,,,,,,,,,0xFF01FE,,,"",,,,,,,,,,,,,,0xFF01FC,4390,0,"",,,"",,,,,,,,,,,,,,0xFF01FC,"",0,0,,
249,668,0,0x0,"",,,"Vague d'esprit = %4882w/10",,,,,,,,,,,,,,0xFF01FE,,,"Nombre de vagues d'esprits rencontrées.",,,,,,,,,,,,,,0xFF01FE,4884,0,"",,,"",,,,,,,,,,,,,,0xFF01FC,"",0,0,,
272,724,0,0x20,"",,,"Corporéité de Halion : %5050w%",,,,,,,,,,,,,,0xFF01FE,,,"Corporéité de Halion dans cette dimension",,,,,,,,,,,,,,0xFF01FE,5051,1,"",,,"",,,,,,,,,,,,,,0xFF01FC,"",0,0,,
273,724,0,0x1,"",,,"Corporéité de Halion : %5049w%",,,,,,,,,,,,,,0xFF01FE,,,"Corporéité de Halion dans cette dimension",,,,,,,,,,,,,,0xFF01FE,5051,1,"",,,"",,,,,,,,,,,,,,0xFF01FC,"",0,0,,
310,726,0,0x0,"Interface\WorldStateFrame\ColumnIcon-FlagCapture",,,"Drapeaux capturés",,,,,,,,,,,,,,0xFF01FE,,,"Nombre de fois où vous avez capturé le drapeau ennemi",,,,,,,,,,,,,,0xFF01FE,0,2,"",,,"",,,,,,,,,,,,,,0xFF01FC,"",0,0,,
311,726,0,0x0,"Interface\WorldStateFrameColumn\Icon-FlagReturn",,,"Drapeaux ramenés",,,,,,,,,,,,,,0xFF01FE,,,"Nombre de fois où vous avez rapporté votre drapeau à la base",,,,,,,,,,,,,,0xFF01FE,0,2,"",,,"",,,,,,,,,,,,,,0xFF01FC,"",0,0,,
312,726,5005,0x0,"",,,"Temps restant : %6120w min.",,,,,,,,,,,,,,0xFF01FE,,,"Temps restant",,,,,,,,,,,,,,0xFF01FE,6121,0,"",,,"",,,,,,,,,,,,,,0xFF01FC,"",0,0,,
313,726,0,0x0,"Interface\TargetingFrame\UI-PVP-Alliance",,,"Drapeaux capturés par l'Alliance : %6101w/3",,,,,,,,,,,,,,0xFF01FE,,,"Drapeaux capturés par l'Alliance",,,,,,,,,,,,,,0xFF01FE,0,0,"",,,"Le drapeau de la Horde a été pris",,,,,,,,,,,,,,0xFF01FE,"",0,0,,
314,726,0,0x0,"Interface\TargetingFrame\UI-PVP-Horde",,,"Drapeaux capturés par la Horde : %6102w/3",,,,,,,,,,,,,,0xFF01FE,,,"Drapeaux capturés par la Horde",,,,,,,,,,,,,,0xFF01FE,0,0,"",,,"Le drapeau de l'Alliance a été pris",,,,,,,,,,,,,,0xFF01FE,"",0,0,,
316,761,0,0x0,"Interface\TargetingFrame\UI-PVP-Alliance",,,"Bases : %6200w  Ressources: %6202w/2000",,,,,,,,,,,,,,0xFF01FE,,,"Situation de l'Alliance",,,,,,,,,,,,,,0xFF01FE,0,0,"",,,"",,,,,,,,,,,,,,0xFF01FC,"",0,0,,
317,761,0,0x0,"Interface\TargetingFrame\UI-PVP-Horde",,,"Bases : %6201w  Ressources: %6203w/2000",,,,,,,,,,,,,,0xFF01FE,,,"Situation de la Horde",,,,,,,,,,,,,,0xFF01FE,0,0,"",,,"",,,,,,,,,,,,,,0xFF01FC,"",0,0,,
318,761,0,0x0,"Interface\WorldStateFrame\ColumnIcon-TowerCapture",,,"Bases attaquées",,,,,,,,,,,,,,0xFF01FE,,,"Nombre de fois où les bannières de la base ennemie ont été retirées",,,,,,,,,,,,,,0xFF01FE,0,2,"",,,"",,,,,,,,,,,,,,0xFF01FC,"",0,0,,
319,761,0,0x0,"Interface\WorldStateFrame\ColumnIcon-TowerDefend",,,"Bases défendues",,,,,,,,,,,,,,0xFF01FE,,,"Nombre de fois où la prise d'une base a été évitée",,,,,,,,,,,,,,0xFF01FE,0,2,"",,,"",,,,,,,,,,,,,,0xFF01FC,"",0,0,,
412,774,0,0x0,"Interface\TargetingFrame\UI-PVP-Alliance",,,"Points de victoire : %6303w/1600",,,,,,,,,,,,,,0xFF01FE,,,"",,,,,,,,,,,,,,0xFF01FE,0,0,"",,,"",,,,,,,,,,,,,,0xFF01FC,"",0,0,,
413,774,0,0x0,"Interface\TargetingFrame\UI-PVP-Horde",,,"Points de victoire : %6304w/1600",,,,,,,,,,,,,,0xFF01FE,,,"",,,,,,,,,,,,,,0xFF01FE,0,0,"",,,"",,,,,,,,,,,,,,0xFF01FC,"",0,0,,
418,774,0,0x0,"Interface\WorldStateFrame\ColumnIcon-FlagCapture2.blp",,,"Possession de l’orbe",,,,,,,,,,,,,,0xFF01FE,,,"Nombre de fois où vous avez contrôlé un orbe",,,,,,,,,,,,,,0xFF01FE,0,2,"",,,"",,,,,,,,,,,,,,0xFF01FC,"",0,0,,
419,774,0,0x0,"",,,"Points de victoire",,,,,,,,,,,,,,0xFF01FE,,,"Nombre de points de victoire obtenus",,,,,,,,,,,,,,0xFF01FE,0,2,"",,,"",,,,,,,,,,,,,,0xFF01FC,"",0,0,,
320,853,0,0x0,"",,,"Équipe dorée : %3601w personnages restants",,,,,,,,,,,,,,0xFF01FE,,,"",,,,,,,,,,,,,,0xFF01FC,2577,0,"",,,"",,,,,,,,,,,,,,0xFF01FC,"",0,0,,
321,853,0,0x0,"",,,"Équipe verte : %3600w personnages restants",,,,,,,,,,,,,,0xFF01FE,,,"",,,,,,,,,,,,,,0xFF01FC,2577,0,"",,,"",,,,,,,,,,,,,,0xFF01FC,"",0,0,,
322,854,0,0x0,"",,,"Équipe dorée : %3601w personnages restants",,,,,,,,,,,,,,0xFF01FE,,,"",,,,,,,,,,,,,,0xFF01FC,2577,0,"",,,"",,,,,,,,,,,,,,0xFF01FC,"",0,0,,
323,854,0,0x0,"",,,"Équipe verte : %3600w personnages restants",,,,,,,,,,,,,,0xFF01FE,,,"",,,,,,,,,,,,,,0xFF01FC,2577,0,"",,,"",,,,,,,,,,,,,,0xFF01FC,"",0,0,,
